Workbook
Name piinfo: #REF!

Sheet ReadMe
B1: For submitter (i.e, PI or project leader):
A2: 1: | B2: Download this file and RENAME: | C2: "Ordering_eDNA_Archive_sampling_(YYMMDD_Initials_ProjectID).xlsx"
C3: eg. Ordering_eDNA_Archive_sampling_(230715_LVI_NileValley).xlsx
A4: 2: | B4: Fill out the [Submit here] tab column B,C,D (and optionally E).
A5: 3: | B5: Mail the renamed and completed ordering form (this file) to Jesper Stenderup; eDNA_orders@sund.ku.dk.
A6: 4: | B6: Make sure the core is clearly labelled and easily available for the lab assistants.

Sheet Submit here
A1: No | B1: Submitter (initials) | C1: Submission date (yyyy-mm-dd) | D1: Bulk or Core segment ID (eg. ISL23_019_02A or CGG3_xxxxxx) | E1: Calibration tape depth (cm) | F1: Notes from submitter (optional)
A2: 1 | B2: NKL | C2: 45226 | D2: CAM2205A | E2: Continuous
A3: 2 | B3: =B2 -> NKL | C3: =C2 -> 45226 | D3: CAM2205A
A4: 3 | B4: =B3 -> NKL | C4: =C3 -> 45226 | D4: CAM2205A
A5: 4 | B5: =B4 -> NKL | C5: =C4 -> 45226 | D5: CAM2205A
A6: 5 | B6: =B5 -> NKL | C6: =C5 -> 45226 | D6: CAM2205A
A7: 6 | B7: =B6 -> NKL | C7: =C6 -> 45226 | D7: CAM2205A
A8: 7 | B8: =B7 -> NKL | C8: =C7 -> 45226 | D8: CAM2205A
A9: 8 | B9: =B8 -> NKL | C9: =C8 -> 45226 | D9: CAM2205A
A10: 9 | B10: =B9 -> NKL | C10: =C9 -> 45226 | D10: CAM2205A
A11: 10 | B11: =B10 -> NKL | C11: =C10 -> 45226 | D11: CAM2205A
A12: 11 | B12: =B11 -> NKL | C12: =C11 -> 45226 | D12: CAM2205A
A13: 12 | B13: =B12 -> NKL | C13: =C12 -> 45226 | D13: CAM2205A
A14: 13 | B14: =B13 -> NKL | C14: =C13 -> 45226 | D14: CAM2205A
... A83: 82 | B83: =B82 -> NKL | C83: =C82 -> 45226 | D83: CAM2205A
A84: 83 | B84: =B83 -> NKL | C84: =C83 -> 45226
A85: 84 | B85: =B84 -> NKL | C85: =C84 -> 45226
A86: 85 | B86: =B85 -> NKL | C86: =C85 -> 45226
A87: 86 | B87: =B86 -> NKL | C87: =C86 -> 45226
A88: 87 | B88: =B87 -> NKL | C88: =C87 -> 45226
A89: 88 | B89: =B88 -> NKL | C89: =C88 -> 45226
A90: 89 | B90: =B89 -> NKL | C90: =C89 -> 45226
A91: 90 | B91: =B90 -> NKL | C91: =C90 -> 45226
A92: 91 | B92: =B91 -> NKL | C92: =C91 -> 45226
A93: 92 | B93: =B92 -> NKL | C93: =C92 -> 45226
A94: 93 | B94: =B93 -> NKL | C94: =C93 -> 45226
A95: 94 | B95: =B94 -> NKL | C95: =C94 -> 45226
... A673: 672 | B673: =B672 -> NKL | C673: =C672 -> 45226

Sheet Output4SubSamplingSubmiss.
A1: ='For lab assistants'!O1 -> Core segment ID (fx ISL23_019_02A) | B1: ='For lab assistants'!A1 -> Archive rack position | C1: ='For lab assistants'!B1 -> Archive RACK name (eg. ARack0052) | D1: ='For lab assistants'!C1 -> Archive RACK barcode | E1: ='For lab assistants'!D1 -> Archive TUBE barcode | F1: ='For lab assistants'!Q1 -> Notes from submitter (optional)
A2: =IF('For lab assistants'!#REF!>0,'For lab assistants'!#REF!,"") -> #REF! | B2: =IF('For lab assistants'!#REF!>0,'For lab assistants'!#REF!,"") -> #REF! | C2: =IF('For lab assistants'!#REF!>0,'For lab assistants'!#REF!,"") -> #REF! | D2: =IF('For lab assistants'!#REF!>0,'For lab assistants'!#REF!,"") -> #REF! | E2: =IF('For lab assistants'!#REF!>0,'For lab assistants'!#REF!,"") -> #REF! | F2: =IF('For lab assistants'!#REF!>0,'For lab assistants'!#REF!,"") -> #REF!
A3: =IF('For lab assistants'!#REF!>0,'For lab assistants'!#REF!,"") -> #REF! | B3: =IF('For lab assistants'!#REF!>0,'For lab assistants'!#REF!,"") -> #REF! | C3: =IF('For lab assistants'!#REF!>0,'For lab assistants'!#REF!,"") -> #REF! | D3: =IF('For lab assistants'!#REF!>0,'For lab assistants'!#REF!,"") -> #REF! | E3: =IF('For lab assistants'!#REF!>0,'For lab assistants'!#REF!,"") -> #REF! | F3: =IF('For lab assistants'!#REF!>0,'For lab assistants'!#REF!,"") -> #REF!
A4: =IF('For lab assistants'!#REF!>0,'For lab assistants'!#REF!,"") -> #REF! | B4: =IF('For lab assistants'!#REF!>0,'For lab assistants'!#REF!,"") -> #REF! | C4: =IF('For lab assistants'!#REF!>0,'For lab assistants'!#REF!,"") -> #REF! | D4: =IF('For lab assistants'!#REF!>0,'For lab assistants'!#REF!,"") -> #REF! | E4: =IF('For lab assistants'!#REF!>0,'For lab assistants'!#REF!,"") -> #REF! | F4: =IF('For lab assistants'!#REF!>0,'For lab assistants'!#REF!,"") -> #REF!
A5: =IF('For lab assistants'!#REF!>0,'For lab assistants'!#REF!,"") -> #REF! | B5: =IF('For lab assistants'!#REF!>0,'For lab assistants'!#REF!,"") -> #REF! | C5: =IF('For lab assistants'!#REF!>0,'For lab assistants'!#REF!,"") -> #REF! | D5: =IF('For lab assistants'!#REF!>0,'For lab assistants'!#REF!,"") -> #REF! | E5: =IF('For lab assistants'!#REF!>0,'For lab assistants'!#REF!,"") -> #REF! | F5: =IF('For lab assistants'!#REF!>0,'For lab assistants'!#REF!,"") -> #REF!
A6: =IF('For lab assistants'!#REF!>0,'For lab assistants'!#REF!,"") -> #REF! | B6: =IF('For lab assistants'!#REF!>0,'For lab assistants'!#REF!,"") -> #REF! | C6: =IF('For lab assistants'!#REF!>0,'For lab assistants'!#REF!,"") -> #REF! | D6: =IF('For lab assistants'!#REF!>0,'For lab assistants'!#REF!,"") -> #REF! | E6: =IF('For lab assistants'!#REF!>0,'For lab assistants'!#REF!,"") -> #REF! | F6: =IF('For lab assistants'!#REF!>0,'For lab assistants'!#REF!,"") -> #REF!
A7: =IF('For lab assistants'!#REF!>0,'For lab assistants'!#REF!,"") -> #REF! | B7: =IF('For lab assistants'!#REF!>0,'For lab assistants'!#REF!,"") -> #REF! | C7: =IF('For lab assistants'!#REF!>0,'For lab assistants'!#REF!,"") -> #REF! | D7: =IF('For lab assistants'!#REF!>0,'For lab assistants'!#REF!,"") -> #REF! | E7: =IF('For lab assistants'!#REF!>0,'For lab assistants'!#REF!,"") -> #REF! | F7: =IF('For lab assistants'!#REF!>0,'For lab assistants'!#REF!,"") -> #REF!
A8: =IF('For lab assistants'!#REF!>0,'For lab assistants'!#REF!,"") -> #REF! | B8: =IF('For lab assistants'!#REF!>0,'For lab assistants'!#REF!,"") -> #REF! | C8: =IF('For lab assistants'!#REF!>0,'For lab assistants'!#REF!,"") -> #REF! | D8: =IF('For lab assistants'!#REF!>0,'For lab assistants'!#REF!,"") -> #REF! | E8: =IF('For lab assistants'!#REF!>0,'For lab assistants'!#REF!,"") -> #REF! | F8: =IF('For lab assistants'!#REF!>0,'For lab assistants'!#REF!,"") -> #REF!
A9: =IF('For lab assistants'!#REF!>0,'For lab assistants'!#REF!,"") -> #REF! | B9: =IF('For lab assistants'!#REF!>0,'For lab assistants'!#REF!,"") -> #REF! | C9: =IF('For lab assistants'!#REF!>0,'For lab assistants'!#REF!,"") -> #REF! | D9: =IF('For lab assistants'!#REF!>0,'For lab assistants'!#REF!,"") -> #REF! | E9: =IF('For lab assistants'!#REF!>0,'For lab assistants'!#REF!,"") -> #REF! | F9: =IF('For lab assistants'!#REF!>0,'For lab assistants'!#REF!,"") -> #REF!
A10: =IF('For lab assistants'!#REF!>0,'For lab assistants'!#REF!,"") -> #REF! | B10: =IF('For lab assistants'!#REF!>0,'For lab assistants'!#REF!,"") -> #REF! | C10: =IF('For lab assistants'!#REF!>0,'For lab assistants'!#REF!,"") -> #REF! | D10: =IF('For lab assistants'!#REF!>0,'For lab assistants'!#REF!,"") -> #REF! | E10: =IF('For lab assistants'!#REF!>0,'For lab assistants'!#REF!,"") -> #REF! | F10: =IF('For lab assistants'!#REF!>0,'For lab assistants'!#REF!,"") -> #REF!
A11: =IF('For lab assistants'!#REF!>0,'For lab assistants'!#REF!,"") -> #REF! | B11: =IF('For lab assistants'!#REF!>0,'For lab assistants'!#REF!,"") -> #REF! | C11: =IF('For lab assistants'!#REF!>0,'For lab assistants'!#REF!,"") -> #REF! | D11: =IF('For lab assistants'!#REF!>0,'For lab assistants'!#REF!,"") -> #REF! | E11: =IF('For lab assistants'!#REF!>0,'For lab assistants'!#REF!,"") -> #REF! | F11: =IF('For lab assistants'!#REF!>0,'For lab assistants'!#REF!,"") -> #REF!
A12: =IF('For lab assistants'!#REF!>0,'For lab assistants'!#REF!,"") -> #REF! | B12: =IF('For lab assistants'!#REF!>0,'For lab assistants'!#REF!,"") -> #REF! | C12: =IF('For lab assistants'!#REF!>0,'For lab assistants'!#REF!,"") -> #REF! | D12: =IF('For lab assistants'!#REF!>0,'For lab assistants'!#REF!,"") -> #REF! | E12: =IF('For lab assistants'!#REF!>0,'For lab assistants'!#REF!,"") -> #REF! | F12: =IF('For lab assistants'!#REF!>0,'For lab assistants'!#REF!,"") -> #REF!
A13: =IF('For lab assistants'!#REF!>0,'For lab assistants'!#REF!,"") -> #REF! | B13: =IF('For lab assistants'!#REF!>0,'For lab assistants'!#REF!,"") -> #REF! | C13: =IF('For lab assistants'!#REF!>0,'For lab assistants'!#REF!,"") -> #REF! | D13: =IF('For lab assistants'!#REF!>0,'For lab assistants'!#REF!,"") -> #REF! | E13: =IF('For lab assistants'!#REF!>0,'For lab assistants'!#REF!,"") -> #REF! | F13: =IF('For lab assistants'!#REF!>0,'For lab assistants'!#REF!,"") -> #REF!
... A19: =IF('For lab assistants'!#REF!>0,'For lab assistants'!#REF!,"") -> #REF! | B19: =IF('For lab assistants'!#REF!>0,'For lab assistants'!#REF!,"") -> #REF! | C19: =IF('For lab assistants'!#REF!>0,'For lab assistants'!#REF!,"") -> #REF! | D19: =IF('For lab assistants'!#REF!>0,'For lab assistants'!#REF!,"") -> #REF! | E19: =IF('For lab assistants'!#REF!>0,'For lab assistants'!#REF!,"") -> #REF! | F19: =IF('For lab assistants'!#REF!>0,'For lab assistants'!#REF!,"") -> #REF!
A20: =IF('For lab assistants'!O2>0,'For lab assistants'!O2,"") -> CAM2205A | B20: =IF('For lab assistants'!D2>0,'For lab assistants'!A2,"") -> C05 | C20: =IF('For lab assistants'!B2>0,'For lab assistants'!B2,"") -> ARack0457 | D20: =IF('For lab assistants'!C2>0,'For lab assistants'!C2,"") -> LVL600038007 | E20: =IF('For lab assistants'!D2>0,'For lab assistants'!D2,"") -> LV3005887701 | F20: =IF('For lab assistants'!Q2>0,'For lab assistants'!Q2,"")
A21: =IF('For lab assistants'!O3>0,'For lab assistants'!O3,"") -> CAM2205A | B21: =IF('For lab assistants'!D3>0,'For lab assistants'!A3,"") -> D05 | C21: =IF('For lab assistants'!B3>0,'For lab assistants'!B3,"") -> ARack0457 | D21: =IF('For lab assistants'!C3>0,'For lab assistants'!C3,"") -> LVL600038007 | E21: =IF('For lab assistants'!D3>0,'For lab assistants'!D3,"") -> LV3005887607 | F21: =IF('For lab assistants'!Q3>0,'For lab assistants'!Q3,"")
A22: =IF('For lab assistants'!O4>0,'For lab assistants'!O4,"") -> CAM2205A | B22: =IF('For lab assistants'!D4>0,'For lab assistants'!A4,"") -> A06 | C22: =IF('For lab assistants'!B4>0,'For lab assistants'!B4,"") -> ARack0457 | D22: =IF('For lab assistants'!C4>0,'For lab assistants'!C4,"") -> LVL600038007 | E22: =IF('For lab assistants'!D4>0,'For lab assistants'!D4,"") -> LV3005887608 | F22: =IF('For lab assistants'!Q4>0,'For lab assistants'!Q4,"")
A23: =IF('For lab assistants'!O5>0,'For lab assistants'!O5,"") -> CAM2205A | B23: =IF('For lab assistants'!D5>0,'For lab assistants'!A5,"") -> B06 | C23: =IF('For lab assistants'!B5>0,'For lab assistants'!B5,"") -> ARack0457 | D23: =IF('For lab assistants'!C5>0,'For lab assistants'!C5,"") -> LVL600038007 | E23: =IF('For lab assistants'!D5>0,'For lab assistants'!D5,"") -> LV3005887602 | F23: =IF('For lab assistants'!Q5>0,'For lab assistants'!Q5,"")
A24: =IF('For lab assistants'!O6>0,'For lab assistants'!O6,"") -> CAM2205A | B24: =IF('For lab assistants'!D6>0,'For lab assistants'!A6,"") -> C06 | C24: =IF('For lab assistants'!B6>0,'For lab assistants'!B6,"") -> ARack0457 | D24: =IF('For lab assistants'!C6>0,'For lab assistants'!C6,"") -> LVL600038007 | E24: =IF('For lab assistants'!D6>0,'For lab assistants'!D6,"") -> LV3005887615 | F24: =IF('For lab assistants'!Q6>0,'For lab assistants'!Q6,"")
A25: =IF('For lab assistants'!O7>0,'For lab assistants'!O7,"") -> CAM2205A | B25: =IF('For lab assistants'!D7>0,'For lab assistants'!A7,"") -> D06 | C25: =IF('For lab assistants'!B7>0,'For lab assistants'!B7,"") -> ARack0457 | D25: =IF('For lab assistants'!C7>0,'For lab assistants'!C7,"") -> LVL600038007 | E25: =IF('For lab assistants'!D7>0,'For lab assistants'!D7,"") -> LV3005887614 | F25: =IF('For lab assistants'!Q7>0,'For lab assistants'!Q7,"")
A26: =IF('For lab assistants'!O8>0,'For lab assistants'!O8,"") -> CAM2205A | B26: =IF('For lab assistants'!D8>0,'For lab assistants'!A8,"") -> A01 | C26: =IF('For lab assistants'!B8>0,'For lab assistants'!B8,"") -> ARack0459 | D26: =IF('For lab assistants'!C8>0,'For lab assistants'!C8,"") -> LVL600038005 | E26: =IF('For lab assistants'!D8>0,'For lab assistants'!D8,"") -> LV3005887544 | F26: =IF('For lab assistants'!Q8>0,'For lab assistants'!Q8,"")
A27: =IF('For lab assistants'!O9>0,'For lab assistants'!O9,"") -> CAM2205A | B27: =IF('For lab assistants'!D9>0,'For lab assistants'!A9,"") -> B01 | C27: =IF('For lab assistants'!B9>0,'For lab assistants'!B9,"") -> ARack0459 | D27: =IF('For lab assistants'!C9>0,'For lab assistants'!C9,"") -> LVL600038005 | E27: =IF('For lab assistants'!D9>0,'For lab assistants'!D9,"") -> LV3005887550 | F27: =IF('For lab assistants'!Q9>0,'For lab assistants'!Q9,"")
A28: =IF('For lab assistants'!O10>0,'For lab assistants'!O10,"") -> CAM2205A | B28: =IF('For lab assistants'!D10>0,'For lab assistants'!A10,"") -> C01 | C28: =IF('For lab assistants'!B10>0,'For lab assistants'!B10,"") -> ARack0459 | D28: =IF('For lab assistants'!C10>0,'For lab assistants'!C10,"") -> LVL600038005 | E28: =IF('For lab assistants'!D10>0,'For lab assistants'!D10,"") -> LV3005887556 | F28: =IF('For lab assistants'!Q10>0,'For lab assistants'!Q10,"")
A29: =IF('For lab assistants'!O11>0,'For lab assistants'!O11,"") -> CAM2205A | B29: =IF('For lab assistants'!D11>0,'For lab assistants'!A11,"") -> D01 | C29: =IF('For lab assistants'!B11>0,'For lab assistants'!B11,"") -> ARack0459 | D29: =IF('For lab assistants'!C11>0,'For lab assistants'!C11,"") -> LVL600038005 | E29: =IF('For lab assistants'!D11>0,'For lab assistants'!D11,"") -> LV3005887563 | F29: =IF('For lab assistants'!Q11>0,'For lab assistants'!Q11,"")
A30: =IF('For lab assistants'!O12>0,'For lab assistants'!O12,"") -> CAM2205A | B30: =IF('For lab assistants'!D12>0,'For lab assistants'!A12,"") -> A02 | C30: =IF('For lab assistants'!B12>0,'For lab assistants'!B12,"") -> ARack0459 | D30: =IF('For lab assistants'!C12>0,'For lab assistants'!C12,"") -> LVL600038005 | E30: =IF('For lab assistants'!D12>0,'For lab assistants'!D12,"") -> LV3005887543 | F30: =IF('For lab assistants'!Q12>0,'For lab assistants'!Q12,"")
A31: =IF('For lab assistants'!O13>0,'For lab assistants'!O13,"") -> CAM2205A | B31: =IF('For lab assistants'!D13>0,'For lab assistants'!A13,"") -> B02 | C31: =IF('For lab assistants'!B13>0,'For lab assistants'!B13,"") -> ARack0459 | D31: =IF('For lab assistants'!C13>0,'For lab assistants'!C13,"") -> LVL600038005 | E31: =IF('For lab assistants'!D13>0,'For lab assistants'!D13,"") -> LV3005887549 | F31: =IF('For lab assistants'!Q13>0,'For lab assistants'!Q13,"")
... A73: =IF('For lab assistants'!O55>0,'For lab assistants'!O55,"") -> CAM2205A | B73: =IF('For lab assistants'!D55>0,'For lab assistants'!A55,"") -> D06 | C73: =IF('For lab assistants'!B55>0,'For lab assistants'!B55,"") -> ARack0460 | D73: =IF('For lab assistants'!C55>0,'For lab assistants'!C55,"") -> LVL600038004 | E73: =IF('For lab assistants'!D55>0,'For lab assistants'!D55,"") -> LV3005887508 | F73: =IF('For lab assistants'!Q55>0,'For lab assistants'!Q55,"")
A74: =IF('For lab assistants'!O56>0,'For lab assistants'!O56,"") -> CAM2205A | B74: =IF('For lab assistants'!E60>0,'For lab assistants'!A56,"") -> A01 | C74: =IF('For lab assistants'!B56>0,'For lab assistants'!B56,"") -> ARack0461 | D74: =IF('For lab assistants'!C56>0,'For lab assistants'!C56,"") -> LVL600038029 | E74: =IF('For lab assistants'!E60>0,'For lab assistants'!E60,"") -> 88 | F74: =IF('For lab assistants'!Q56>0,'For lab assistants'!Q56,"")
A75: =IF('For lab assistants'!O57>0,'For lab assistants'!O57,"") -> CAM2205A | B75: =IF('For lab assistants'!E61>0,'For lab assistants'!A57,"") -> B01 | C75: =IF('For lab assistants'!B57>0,'For lab assistants'!B57,"") -> ARack0461 | D75: =IF('For lab assistants'!C57>0,'For lab assistants'!C57,"") -> LVL600038029 | E75: =IF('For lab assistants'!E61>0,'For lab assistants'!E61,"") -> 90 | F75: =IF('For lab assistants'!Q57>0,'For lab assistants'!Q57,"")
A76: =IF('For lab assistants'!O58>0,'For lab assistants'!O58,"") -> CAM2205A | B76: =IF('For lab assistants'!E62>0,'For lab assistants'!A58,"") -> C01 | C76: =IF('For lab assistants'!B58>0,'For lab assistants'!B58,"") -> ARack0461 | D76: =IF('For lab assistants'!C58>0,'For lab assistants'!C58,"") -> LVL600038029 | E76: =IF('For lab assistants'!E62>0,'For lab assistants'!E62,"") -> 91 | F76: =IF('For lab assistants'!Q58>0,'For lab assistants'!Q58,"")
A77: =IF('For lab assistants'!O59>0,'For lab assistants'!O59,"") -> CAM2205A | B77: =IF('For lab assistants'!D59>0,'For lab assistants'!A59,"") -> D01 | C77: =IF('For lab assistants'!B59>0,'For lab assistants'!B59,"") -> ARack0461 | D77: =IF('For lab assistants'!C59>0,'For lab assistants'!C59,"") -> LVL600038029 | E77: =IF('For lab assistants'!D59>0,'For lab assistants'!D59,"") -> LV3005888167 | F77: =IF('For lab assistants'!Q59>0,'For lab assistants'!Q59,"")
A78: =IF('For lab assistants'!O60>0,'For lab assistants'!O60,"") -> CAM2205A | B78: =IF('For lab assistants'!D60>0,'For lab assistants'!A60,"") -> A02 | C78: =IF('For lab assistants'!B60>0,'For lab assistants'!B60,"") -> ARack0461 | D78: =IF('For lab assistants'!C60>0,'For lab assistants'!C60,"") -> LVL600038029 | E78: =IF('For lab assistants'!D60>0,'For lab assistants'!D60,"") -> LV3005888166 | F78: =IF('For lab assistants'!Q60>0,'For lab assistants'!Q60,"")
A79: =IF('For lab assistants'!O61>0,'For lab assistants'!O61,"") -> CAM2205A | B79: =IF('For lab assistants'!D61>0,'For lab assistants'!A61,"") -> B02 | C79: =IF('For lab assistants'!B61>0,'For lab assistants'!B61,"") -> ARack0461 | D79: =IF('For lab assistants'!C61>0,'For lab assistants'!C61,"") -> LVL600038029 | E79: =IF('For lab assistants'!D61>0,'For lab assistants'!D61,"") -> LV3005888148 | F79: =IF('For lab assistants'!Q61>0,'For lab assistants'!Q61,"")
A80: =IF('For lab assistants'!O62>0,'For lab assistants'!O62,"") -> CAM2205A | B80: =IF('For lab assistants'!D62>0,'For lab assistants'!A62,"") -> C02 | C80: =IF('For lab assistants'!B62>0,'For lab assistants'!B62,"") -> ARack0461 | D80: =IF('For lab assistants'!C62>0,'For lab assistants'!C62,"") -> LVL600038029 | E80: =IF('For lab assistants'!D62>0,'For lab assistants'!D62,"") -> LV3005888165 | F80: =IF('For lab assistants'!Q62>0,'For lab assistants'!Q62,"")
A81: =IF('For lab assistants'!#REF!>0,'For lab assistants'!#REF!,"") -> #REF! | B81: =IF('For lab assistants'!D63>0,'For lab assistants'!A63,"") | C81: =IF('For lab assistants'!B63>0,'For lab assistants'!B63,"") | D81: =IF('For lab assistants'!C63>0,'For lab assistants'!C63,"") | E81: =IF('For lab assistants'!D63>0,'For lab assistants'!D63,"") | F81: =IF('For lab assistants'!Q63>0,'For lab assistants'!Q63,"")
A82: =IF('For lab assistants'!O63>0,'For lab assistants'!O63,"") -> CAM2205A | B82: =IF('For lab assistants'!D64>0,'For lab assistants'!A64,"") | C82: =IF('For lab assistants'!B64>0,'For lab assistants'!B64,"") | D82: =IF('For lab assistants'!C64>0,'For lab assistants'!C64,"") | E82: =IF('For lab assistants'!D64>0,'For lab assistants'!D64,"") | F82: =IF('For lab assistants'!Q64>0,'For lab assistants'!Q64,"")
A83: =IF('For lab assistants'!O64>0,'For lab assistants'!O64,"") | B83: =IF('For lab assistants'!D65>0,'For lab assistants'!A65,"") | C83: =IF('For lab assistants'!B65>0,'For lab assistants'!B65,"") | D83: =IF('For lab assistants'!C65>0,'For lab assistants'!C65,"") | E83: =IF('For lab assistants'!D65>0,'For lab assistants'!D65,"") | F83: =IF('For lab assistants'!Q65>0,'For lab assistants'!Q65,"")
A84: =IF('For lab assistants'!O65>0,'For lab assistants'!O65,"") | B84: =IF('For lab assistants'!D66>0,'For lab assistants'!A66,"") | C84: =IF('For lab assistants'!B66>0,'For lab assistants'!B66,"") | D84: =IF('For lab assistants'!C66>0,'For lab assistants'!C66,"") | E84: =IF('For lab assistants'!D66>0,'For lab assistants'!D66,"") | F84: =IF('For lab assistants'!Q66>0,'For lab assistants'!Q66,"")
A85: =IF('For lab assistants'!O66>0,'For lab assistants'!O66,"") | B85: =IF('For lab assistants'!D67>0,'For lab assistants'!A67,"") | C85: =IF('For lab assistants'!B67>0,'For lab assistants'!B67,"") | D85: =IF('For lab assistants'!C67>0,'For lab assistants'!C67,"") | E85: =IF('For lab assistants'!D67>0,'For lab assistants'!D67,"") | F85: =IF('For lab assistants'!Q67>0,'For lab assistants'!Q67,"")
A86: =IF('For lab assistants'!O67>0,'For lab assistants'!O67,"") | B86: =IF('For lab assistants'!D68>0,'For lab assistants'!A68,"") | C86: =IF('For lab assistants'!B68>0,'For lab assistants'!B68,"") | D86: =IF('For lab assistants'!C68>0,'For lab assistants'!C68,"") | E86: =IF('For lab assistants'!D68>0,'For lab assistants'!D68,"") | F86: =IF('For lab assistants'!Q68>0,'For lab assistants'!Q68,"")
A87: =IF('For lab assistants'!O69>0,'For lab assistants'!O69,"") | B87: =IF('For lab assistants'!D69>0,'For lab assistants'!A69,"") | C87: =IF('For lab assistants'!B69>0,'For lab assistants'!B69,"") | D87: =IF('For lab assistants'!C69>0,'For lab assistants'!C69,"") | E87: =IF('For lab assistants'!D69>0,'For lab assistants'!D69,"") | F87: =IF('For lab assistants'!Q69>0,'For lab assistants'!Q69,"")
A88: =IF('For lab assistants'!O70>0,'For lab assistants'!O70,"") | B88: =IF('For lab assistants'!D70>0,'For lab assistants'!A70,"") | C88: =IF('For lab assistants'!B70>0,'For lab assistants'!B70,"") | D88: =IF('For lab assistants'!C70>0,'For lab assistants'!C70,"") | E88: =IF('For lab assistants'!D70>0,'For lab assistants'!D70,"") | F88: =IF('For lab assistants'!Q70>0,'For lab assistants'!Q70,"")
A89: =IF('For lab assistants'!O71>0,'For lab assistants'!O71,"") | B89: =IF('For lab assistants'!D71>0,'For lab assistants'!A71,"") | C89: =IF('For lab assistants'!B71>0,'For lab assistants'!B71,"") | D89: =IF('For lab assistants'!C71>0,'For lab assistants'!C71,"") | E89: =IF('For lab assistants'!D71>0,'For lab assistants'!D71,"") | F89: =IF('For lab assistants'!Q71>0,'For lab assistants'!Q71,"")
A90: =IF('For lab assistants'!O72>0,'For lab assistants'!O72,"") | B90: =IF('For lab assistants'!D72>0,'For lab assistants'!A72,"") | C90: =IF('For lab assistants'!B72>0,'For lab assistants'!B72,"") | D90: =IF('For lab assistants'!C72>0,'For lab assistants'!C72,"") | E90: =IF('For lab assistants'!D72>0,'For lab assistants'!D72,"") | F90: =IF('For lab assistants'!Q72>0,'For lab assistants'!Q72,"")
A91: =IF('For lab assistants'!O73>0,'For lab assistants'!O73,"") | B91: =IF('For lab assistants'!D73>0,'For lab assistants'!A73,"") | C91: =IF('For lab assistants'!B73>0,'For lab assistants'!B73,"") | D91: =IF('For lab assistants'!C73>0,'For lab assistants'!C73,"") | E91: =IF('For lab assistants'!D73>0,'For lab assistants'!D73,"") | F91: =IF('For lab assistants'!Q73>0,'For lab assistants'!Q73,"")
A92: =IF('For lab assistants'!O74>0,'For lab assistants'!O74,"") | B92: =IF('For lab assistants'!D74>0,'For lab assistants'!A74,"") | C92: =IF('For lab assistants'!B74>0,'For lab assistants'!B74,"") | D92: =IF('For lab assistants'!C74>0,'For lab assistants'!C74,"") | E92: =IF('For lab assistants'!D74>0,'For lab assistants'!D74,"") | F92: =IF('For lab assistants'!Q74>0,'For lab assistants'!Q74,"")
A93: =IF('For lab assistants'!O75>0,'For lab assistants'!O75,"") | B93: =IF('For lab assistants'!D75>0,'For lab assistants'!A75,"") | C93: =IF('For lab assistants'!B75>0,'For lab assistants'!B75,"") | D93: =IF('For lab assistants'!C75>0,'For lab assistants'!C75,"") | E93: =IF('For lab assistants'!D75>0,'For lab assistants'!D75,"") | F93: =IF('For lab assistants'!Q75>0,'For lab assistants'!Q75,"")
A94: =IF('For lab assistants'!O76>0,'For lab assistants'!O76,"") | B94: =IF('For lab assistants'!D76>0,'For lab assistants'!A76,"") | C94: =IF('For lab assistants'!B76>0,'For lab assistants'!B76,"") | D94: =IF('For lab assistants'!C76>0,'For lab assistants'!C76,"") | E94: =IF('For lab assistants'!D76>0,'For lab assistants'!D76,"") | F94: =IF('For lab assistants'!Q76>0,'For lab assistants'!Q76,"")
A95: =IF('For lab assistants'!O77>0,'For lab assistants'!O77,"") | B95: =IF('For lab assistants'!D77>0,'For lab assistants'!A77,"") | C95: =IF('For lab assistants'!B77>0,'For lab assistants'!B77,"") | D95: =IF('For lab assistants'!C77>0,'For lab assistants'!C77,"") | E95: =IF('For lab assistants'!D77>0,'For lab assistants'!D77,"") | F95: =IF('For lab assistants'!Q77>0,'For lab assistants'!Q77,"")
A96: =IF('For lab assistants'!O78>0,'For lab assistants'!O78,"") | B96: =IF('For lab assistants'!D78>0,'For lab assistants'!A78,"") | C96: =IF('For lab assistants'!B78>0,'For lab assistants'!B78,"") | D96: =IF('For lab assistants'!C78>0,'For lab assistants'!C78,"") | E96: =IF('For lab assistants'!D78>0,'For lab assistants'!D78,"") | F96: =IF('For lab assistants'!Q78>0,'For lab assistants'!Q78,"")
A97: =IF('For lab assistants'!O79>0,'For lab assistants'!O79,"") | B97: =IF('For lab assistants'!D79>0,'For lab assistants'!A79,"") | C97: =IF('For lab assistants'!B79>0,'For lab assistants'!B79,"") | D97: =IF('For lab assistants'!C79>0,'For lab assistants'!C79,"") | E97: =IF('For lab assistants'!D79>0,'For lab assistants'!D79,"") | F97: =IF('For lab assistants'!Q79>0,'For lab assistants'!Q79,"")
A98: =IF('For lab assistants'!O80>0,'For lab assistants'!O80,"") | B98: =IF('For lab assistants'!D80>0,'For lab assistants'!A80,"") | C98: =IF('For lab assistants'!B80>0,'For lab assistants'!B80,"") | D98: =IF('For lab assistants'!C80>0,'For lab assistants'!C80,"") | E98: =IF('For lab assistants'!D80>0,'For lab assistants'!D80,"") | F98: =IF('For lab assistants'!Q80>0,'For lab assistants'!Q80,"")
... A672: =IF('For lab assistants'!O654>0,'For lab assistants'!O654,"") | B672: =IF('For lab assistants'!D654>0,'For lab assistants'!A654,"") | C672: =IF('For lab assistants'!B654>0,'For lab assistants'!B654,"") | D672: =IF('For lab assistants'!C654>0,'For lab assistants'!C654,"") | E672: =IF('For lab assistants'!D654>0,'For lab assistants'!D654,"") | F672: =IF('For lab assistants'!Q654>0,'For lab assistants'!Q654,"")

Sheet For lab assistants
A1: Archive rack position | B1: Archive RACK name (eg. ARack0052) | C1: Archive RACK barcode | D1: Archive TUBE barcode | E1: Depth sampled (tape, cm) | F1: Organic content (High /Low) | G1: Surface exposed? (ie Back wall hit?) (Yes / No) | H1: Remarks from sampling (optional) | I1: Sampled by 1 (initials) | J1: Sampled by 2 (initials) | K1: Sampled date (yyyy-mm-dd) | L1: No | M1: Submitter (initials) | N1: Submission date (yyyy-mm-dd) | O1: Core segment ID (fx ISL23_019_02A) | P1: Ordered depth (Calibration tape, cm) | Q1: Notes from submitter (optional)
A2: C05 | B2: ARack0457 | C2: LVL600038007 | D2: LV3005887701 | E2: 0.5 | F2: high | I2: FM | J2: - | K2: 45229 | L2: 1 | M2: =IF('Submit here'!B20>0,'Submit here'!B20,"") -> NKL | N2: =IF('Submit here'!C20>0,'Submit here'!C20,"") -> 45226 | O2: =IF('Submit here'!D20>0,'Submit here'!D20,"") -> CAM2205A | P2: =IF('Submit here'!E20>0,'Submit here'!E20,"") | Q2: =IF('Submit here'!F20>0,'Submit here'!F20,"")
A3: D05 | B3: =B2 -> ARack0457 | C3: =C2 -> LVL600038007 | D3: LV3005887607 | E3: 1.5 | F3: high | I3: =I2 -> FM | J3: =J2 -> - | K3: =K2 -> 45229 | L3: 2 | M3: =IF('Submit here'!B21>0,'Submit here'!B21,"") -> NKL | N3: =IF('Submit here'!C21>0,'Submit here'!C21,"") -> 45226 | O3: =IF('Submit here'!D21>0,'Submit here'!D21,"") -> CAM2205A | P3: =IF('Submit here'!E21>0,'Submit here'!E21,"") | Q3: =IF('Submit here'!F21>0,'Submit here'!F21,"")
A4: A06 | B4: =B3 -> ARack0457 | C4: =C3 -> LVL600038007 | D4: LV3005887608 | E4: 3 | F4: high | I4: =I3 -> FM | J4: =J3 -> - | K4: =K3 -> 45229 | L4: 3 | M4: =IF('Submit here'!B22>0,'Submit here'!B22,"") -> NKL | N4: =IF('Submit here'!C22>0,'Submit here'!C22,"") -> 45226 | O4: =IF('Submit here'!D22>0,'Submit here'!D22,"") -> CAM2205A | P4: =IF('Submit here'!E22>0,'Submit here'!E22,"") | Q4: =IF('Submit here'!F22>0,'Submit here'!F22,"")
A5: B06 | B5: =B4 -> ARack0457 | C5: =C4 -> LVL600038007 | D5: LV3005887602 | E5: 4.5 | F5: high | I5: =I4 -> FM | J5: =J4 -> - | K5: =K4 -> 45229 | L5: 4 | M5: =IF('Submit here'!B23>0,'Submit here'!B23,"") -> NKL | N5: =IF('Submit here'!C23>0,'Submit here'!C23,"") -> 45226 | O5: =IF('Submit here'!D23>0,'Submit here'!D23,"") -> CAM2205A | P5: =IF('Submit here'!E23>0,'Submit here'!E23,"") | Q5: =IF('Submit here'!F23>0,'Submit here'!F23,"")
A6: C06 | B6: =B5 -> ARack0457 | C6: =C5 -> LVL600038007 | D6: LV3005887615 | E6: 6 | F6: high | I6: =I5 -> FM | J6: =J5 -> - | K6: =K5 -> 45229 | L6: 5 | M6: =IF('Submit here'!B24>0,'Submit here'!B24,"") -> NKL | N6: =IF('Submit here'!C24>0,'Submit here'!C24,"") -> 45226 | O6: =IF('Submit here'!D24>0,'Submit here'!D24,"") -> CAM2205A | P6: =IF('Submit here'!E24>0,'Submit here'!E24,"") | Q6: =IF('Submit here'!F24>0,'Submit here'!F24,"")
A7: D06 | B7: =B6 -> ARack0457 | C7: =C6 -> LVL600038007 | D7: LV3005887614 | E7: 7.5 | F7: high | I7: =I6 -> FM | J7: =J6 -> - | K7: =K6 -> 45229 | L7: 6 | M7: =IF('Submit here'!B25>0,'Submit here'!B25,"") -> NKL | N7: =IF('Submit here'!C25>0,'Submit here'!C25,"") -> 45226 | O7: =IF('Submit here'!D25>0,'Submit here'!D25,"") -> CAM2205A | P7: =IF('Submit here'!E25>0,'Submit here'!E25,"") | Q7: =IF('Submit here'!F25>0,'Submit here'!F25,"")
A8: A01 | B8: ARack0459 | C8: LVL600038005 | D8: LV3005887544 | E8: 9 | F8: high | I8: =I7 -> FM | J8: =J7 -> - | K8: =K7 -> 45229 | L8: 7 | M8: =IF('Submit here'!B26>0,'Submit here'!B26,"") -> NKL | N8: =IF('Submit here'!C26>0,'Submit here'!C26,"") -> 45226 | O8: =IF('Submit here'!D26>0,'Submit here'!D26,"") -> CAM2205A | P8: =IF('Submit here'!E26>0,'Submit here'!E26,"") | Q8: =IF('Submit here'!F26>0,'Submit here'!F26,"")
A9: B01 | B9: =B8 -> ARack0459 | C9: =C8 -> LVL600038005 | D9: LV3005887550 | E9: 10.5 | F9: high | I9: =I8 -> FM | J9: =J8 -> - | K9: =K8 -> 45229 | L9: 8 | M9: =IF('Submit here'!B27>0,'Submit here'!B27,"") -> NKL | N9: =IF('Submit here'!C27>0,'Submit here'!C27,"") -> 45226 | O9: =IF('Submit here'!D27>0,'Submit here'!D27,"") -> CAM2205A | P9: =IF('Submit here'!E27>0,'Submit here'!E27,"") | Q9: =IF('Submit here'!F27>0,'Submit here'!F27,"")
A10: C01 | B10: =B9 -> ARack0459 | C10: =C9 -> LVL600038005 | D10: LV3005887556 | E10: 12 | F10: high | I10: =I9 -> FM | J10: =J9 -> - | K10: =K9 -> 45229 | L10: 9 | M10: =IF('Submit here'!B28>0,'Submit here'!B28,"") -> NKL | N10: =IF('Submit here'!C28>0,'Submit here'!C28,"") -> 45226 | O10: =IF('Submit here'!D28>0,'Submit here'!D28,"") -> CAM2205A | P10: =IF('Submit here'!E28>0,'Submit here'!E28,"") | Q10: =IF('Submit here'!F28>0,'Submit here'!F28,"")
A11: D01 | B11: =B10 -> ARack0459 | C11: =C10 -> LVL600038005 | D11: LV3005887563 | E11: 13.5 | F11: high | I11: =I10 -> FM | J11: =J10 -> - | K11: =K10 -> 45229 | L11: 10 | M11: =IF('Submit here'!B29>0,'Submit here'!B29,"") -> NKL | N11: =IF('Submit here'!C29>0,'Submit here'!C29,"") -> 45226 | O11: =IF('Submit here'!D29>0,'Submit here'!D29,"") -> CAM2205A | P11: =IF('Submit here'!E29>0,'Submit here'!E29,"") | Q11: =IF('Submit here'!F29>0,'Submit here'!F29,"")
A12: A02 | B12: =B11 -> ARack0459 | C12: =C11 -> LVL600038005 | D12: LV3005887543 | E12: 15 | F12: high | I12: =I11 -> FM | J12: =J11 -> - | K12: =K11 -> 45229 | L12: 11 | M12: =IF('Submit here'!B30>0,'Submit here'!B30,"") -> NKL | N12: =IF('Submit here'!C30>0,'Submit here'!C30,"") -> 45226 | O12: =IF('Submit here'!D30>0,'Submit here'!D30,"") -> CAM2205A | P12: =IF('Submit here'!E30>0,'Submit here'!E30,"") | Q12: =IF('Submit here'!F30>0,'Submit here'!F30,"")
A13: B02 | B13: =B12 -> ARack0459 | C13: =C12 -> LVL600038005 | D13: LV3005887549 | E13: 17 | F13: high | I13: =I12 -> FM | J13: =J12 -> - | K13: =K12 -> 45229 | L13: 12 | M13: =IF('Submit here'!B31>0,'Submit here'!B31,"") -> NKL | N13: =IF('Submit here'!C31>0,'Submit here'!C31,"") -> 45226 | O13: =IF('Submit here'!D31>0,'Submit here'!D31,"") -> CAM2205A | P13: =IF('Submit here'!E31>0,'Submit here'!E31,"") | Q13: =IF('Submit here'!F31>0,'Submit here'!F31,"")
A14: C02 | B14: =B13 -> ARack0459 | C14: =C13 -> LVL600038005 | D14: LV3005887555 | E14: 18 | F14: high | I14: =I13 -> FM | J14: =J13 -> - | K14: =K13 -> 45229 | L14: 13 | M14: =IF('Submit here'!B32>0,'Submit here'!B32,"") -> NKL | N14: =IF('Submit here'!C32>0,'Submit here'!C32,"") -> 45226 | O14: =IF('Submit here'!D32>0,'Submit here'!D32,"") -> CAM2205A | P14: =IF('Submit here'!E32>0,'Submit here'!E32,"") | Q14: =IF('Submit here'!F32>0,'Submit here'!F32,"")
A15: D02 | B15: =B14 -> ARack0459 | C15: =C14 -> LVL600038005 | D15: LV3005887562 | E15: 20 | F15: high | I15: =I14 -> FM | J15: =J14 -> - | K15: =K14 -> 45229 | L15: 14 | M15: =IF('Submit here'!B33>0,'Submit here'!B33,"") -> NKL | N15: =IF('Submit here'!C33>0,'Submit here'!C33,"") -> 45226 | O15: =IF('Submit here'!D33>0,'Submit here'!D33,"") -> CAM2205A | P15: =IF('Submit here'!E33>0,'Submit here'!E33,"") | Q15: =IF('Submit here'!F33>0,'Submit here'!F33,"")
A16: A03 | B16: =B15 -> ARack0459 | C16: =C15 -> LVL600038005 | D16: LV3005887561 | E16: 21.5 | F16: high | I16: =I15 -> FM | J16: =J15 -> - | K16: =K15 -> 45229 | L16: 15 | M16: =IF('Submit here'!B34>0,'Submit here'!B34,"") -> NKL | N16: =IF('Submit here'!C34>0,'Submit here'!C34,"") -> 45226 | O16: =IF('Submit here'!D34>0,'Submit here'!D34,"") -> CAM2205A | P16: =IF('Submit here'!E34>0,'Submit here'!E34,"") | Q16: =IF('Submit here'!F34>0,'Submit here'!F34,"")
A17: B03 | B17: =B16 -> ARack0459 | C17: =C16 -> LVL600038005 | D17: LV3005887554 | E17: 23 | F17: high | I17: =I16 -> FM | J17: =J16 -> - | K17: =K16 -> 45229 | L17: 16 | M17: =IF('Submit here'!B35>0,'Submit here'!B35,"") -> NKL | N17: =IF('Submit here'!C35>0,'Submit here'!C35,"") -> 45226 | O17: =IF('Submit here'!D35>0,'Submit here'!D35,"") -> CAM2205A | P17: =IF('Submit here'!E35>0,'Submit here'!E35,"") | Q17: =IF('Submit here'!F35>0,'Submit here'!F35,"")
A18: C03 | B18: =B17 -> ARack0459 | C18: =C17 -> LVL600038005 | D18: LV3005887548 | E18: 24 | F18: high | I18: =I17 -> FM | J18: =J17 -> - | K18: =K17 -> 45229 | L18: 17 | M18: =IF('Submit here'!B36>0,'Submit here'!B36,"") -> NKL | N18: =IF('Submit here'!C36>0,'Submit here'!C36,"") -> 45226 | O18: =IF('Submit here'!D36>0,'Submit here'!D36,"") -> CAM2205A | P18: =IF('Submit here'!E36>0,'Submit here'!E36,"") | Q18: =IF('Submit here'!F36>0,'Submit here'!F36,"")
A19: D03 | B19: =B18 -> ARack0459 | C19: =C18 -> LVL600038005 | D19: LV3005887542 | E19: 25.5 | F19: high | I19: =I18 -> FM | J19: =J18 -> - | K19: =K18 -> 45229 | L19: 18 | M19: =IF('Submit here'!B37>0,'Submit here'!B37,"") -> NKL | N19: =IF('Submit here'!C37>0,'Submit here'!C37,"") -> 45226 | O19: =IF('Submit here'!D37>0,'Submit here'!D37,"") -> CAM2205A | P19: =IF('Submit here'!E37>0,'Submit here'!E37,"") | Q19: =IF('Submit here'!F37>0,'Submit here'!F37,"")
A20: A04 | B20: =B19 -> ARack0459 | C20: =C19 -> LVL600038005 | D20: LV3005887560 | E20: 27 | F20: high | I20: =I19 -> FM | J20: =J19 -> - | K20: =K19 -> 45229 | L20: 19 | M20: =IF('Submit here'!B38>0,'Submit here'!B38,"") -> NKL | N20: =IF('Submit here'!C38>0,'Submit here'!C38,"") -> 45226 | O20: =IF('Submit here'!D38>0,'Submit here'!D38,"") -> CAM2205A | P20: =IF('Submit here'!E38>0,'Submit here'!E38,"") | Q20: =IF('Submit here'!F38>0,'Submit here'!F38,"")
... A31: D06 | B31: =B30 -> ARack0459 | C31: =C30 -> LVL600038005 | D31: LV3005887557 | E31: 44.5 | F31: high | I31: =I30 -> FM | J31: =J30 -> - | K31: =K30 -> 45229 | L31: 30 | M31: =IF('Submit here'!B49>0,'Submit here'!B49,"") -> NKL | N31: =IF('Submit here'!C49>0,'Submit here'!C49,"") -> 45226 | O31: =IF('Submit here'!D49>0,'Submit here'!D49,"") -> CAM2205A | P31: =IF('Submit here'!E49>0,'Submit here'!E49,"") | Q31: =IF('Submit here'!F49>0,'Submit here'!F49,"")
A32: A01 | B32: ARack0460 | C32: LVL600038004 | D32: LV3005887515 | E32: 46 | F32: high | I32: =I31 -> FM | J32: =J31 -> - | K32: =K31 -> 45229 | L32: 31 | M32: =IF('Submit here'!B50>0,'Submit here'!B50,"") -> NKL | N32: =IF('Submit here'!C50>0,'Submit here'!C50,"") -> 45226 | O32: =IF('Submit here'!D50>0,'Submit here'!D50,"") -> CAM2205A | P32: =IF('Submit here'!E50>0,'Submit here'!E50,"") | Q32: =IF('Submit here'!F50>0,'Submit here'!F50,"")
A33: B01 | B33: =B32 -> ARack0460 | C33: =C32 -> LVL600038004 | D33: LV3005887523 | E33: 47.5 | F33: high | I33: =I32 -> FM | J33: =J32 -> - | K33: =K32 -> 45229 | L33: 32 | M33: =IF('Submit here'!B51>0,'Submit here'!B51,"") -> NKL | N33: =IF('Submit here'!C51>0,'Submit here'!C51,"") -> 45226 | O33: =IF('Submit here'!D51>0,'Submit here'!D51,"") -> CAM2205A | P33: =IF('Submit here'!E51>0,'Submit here'!E51,"") | Q33: =IF('Submit here'!F51>0,'Submit here'!F51,"")
A34: C01 | B34: =B33 -> ARack0460 | C34: =C33 -> LVL600038004 | D34: LV3005887529 | E34: 49 | F34: high | I34: =I33 -> FM | J34: =J33 -> - | K34: =K33 -> 45229 | L34: 33 | M34: =IF('Submit here'!B52>0,'Submit here'!B52,"") -> NKL | N34: =IF('Submit here'!C52>0,'Submit here'!C52,"") -> 45226 | O34: =IF('Submit here'!D52>0,'Submit here'!D52,"") -> CAM2205A | P34: =IF('Submit here'!E52>0,'Submit here'!E52,"") | Q34: =IF('Submit here'!F52>0,'Submit here'!F52,"")
A35: D01 | B35: =B34 -> ARack0460 | C35: =C34 -> LVL600038004 | D35: LV3005887535 | E35: 50.5 | F35: high | I35: =I34 -> FM | J35: =J34 -> - | K35: =K34 -> 45229 | L35: 34 | M35: =IF('Submit here'!B53>0,'Submit here'!B53,"") -> NKL | N35: =IF('Submit here'!C53>0,'Submit here'!C53,"") -> 45226 | O35: =IF('Submit here'!D53>0,'Submit here'!D53,"") -> CAM2205A | P35: =IF('Submit here'!E53>0,'Submit here'!E53,"") | Q35: =IF('Submit here'!F53>0,'Submit here'!F53,"")
A36: A02 | B36: =B35 -> ARack0460 | C36: =C35 -> LVL600038004 | D36: LV3005887534 | E36: 52 | F36: high | I36: =I35 -> FM | J36: =J35 -> - | K36: =K35 -> 45229 | L36: 35 | M36: =IF('Submit here'!B54>0,'Submit here'!B54,"") -> NKL | N36: =IF('Submit here'!C54>0,'Submit here'!C54,"") -> 45226 | O36: =IF('Submit here'!D54>0,'Submit here'!D54,"") -> CAM2205A | P36: =IF('Submit here'!E54>0,'Submit here'!E54,"") | Q36: =IF('Submit here'!F54>0,'Submit here'!F54,"")
A37: B02 | B37: =B36 -> ARack0460 | C37: =C36 -> LVL600038004 | D37: LV3005887514 | E37: 53.5 | F37: high | I37: =I36 -> FM | J37: =J36 -> - | K37: =K36 -> 45229 | L37: 36 | M37: =IF('Submit here'!B55>0,'Submit here'!B55,"") -> NKL | N37: =IF('Submit here'!C55>0,'Submit here'!C55,"") -> 45226 | O37: =IF('Submit here'!D55>0,'Submit here'!D55,"") -> CAM2205A | P37: =IF('Submit here'!E55>0,'Submit here'!E55,"") | Q37: =IF('Submit here'!F55>0,'Submit here'!F55,"")
A38: C02 | B38: =B37 -> ARack0460 | C38: =C37 -> LVL600038004 | D38: LV3005887528 | E38: 54.5 | F38: high | I38: =I37 -> FM | J38: =J37 -> - | K38: =K37 -> 45229 | L38: 37 | M38: =IF('Submit here'!B56>0,'Submit here'!B56,"") -> NKL | N38: =IF('Submit here'!C56>0,'Submit here'!C56,"") -> 45226 | O38: =IF('Submit here'!D56>0,'Submit here'!D56,"") -> CAM2205A | P38: =IF('Submit here'!E56>0,'Submit here'!E56,"") | Q38: =IF('Submit here'!F56>0,'Submit here'!F56,"")
A39: D02 | B39: =B38 -> ARack0460 | C39: =C38 -> LVL600038004 | D39: LV3005887522 | E39: 56 | F39: high | I39: =I38 -> FM | J39: =J38 -> - | K39: =K38 -> 45229 | L39: 38 | M39: =IF('Submit here'!B57>0,'Submit here'!B57,"") -> NKL | N39: =IF('Submit here'!C57>0,'Submit here'!C57,"") -> 45226 | O39: =IF('Submit here'!D57>0,'Submit here'!D57,"") -> CAM2205A | P39: =IF('Submit here'!E57>0,'Submit here'!E57,"") | Q39: =IF('Submit here'!F57>0,'Submit here'!F57,"")
A40: A03 | B40: =B39 -> ARack0460 | C40: =C39 -> LVL600038004 | D40: LV3005887513 | E40: 58 | F40: low | I40: =I39 -> FM | J40: =J39 -> - | K40: =K39 -> 45229 | L40: 39 | M40: =IF('Submit here'!B58>0,'Submit here'!B58,"") -> NKL | N40: =IF('Submit here'!C58>0,'Submit here'!C58,"") -> 45226 | O40: =IF('Submit here'!D58>0,'Submit here'!D58,"") -> CAM2205A | P40: =IF('Submit here'!E58>0,'Submit here'!E58,"") | Q40: =IF('Submit here'!F58>0,'Submit here'!F58,"")
A41: B03 | B41: =B40 -> ARack0460 | C41: =C40 -> LVL600038004 | D41: LV3005887521 | E41: 59.5 | F41: low | I41: =I40 -> FM | J41: =J40 -> - | K41: =K40 -> 45229 | L41: 40 | M41: =IF('Submit here'!B59>0,'Submit here'!B59,"") -> NKL | N41: =IF('Submit here'!C59>0,'Submit here'!C59,"") -> 45226 | O41: =IF('Submit here'!D59>0,'Submit here'!D59,"") -> CAM2205A | P41: =IF('Submit here'!E59>0,'Submit here'!E59,"") | Q41: =IF('Submit here'!F59>0,'Submit here'!F59,"")
A42: C03 | B42: =B41 -> ARack0460 | C42: =C41 -> LVL600038004 | D42: LV3005887527 | E42: 61 | F42: low | I42: =I41 -> FM | J42: =J41 -> - | K42: =K41 -> 45229 | L42: 41 | M42: =IF('Submit here'!B60>0,'Submit here'!B60,"") -> NKL | N42: =IF('Submit here'!C60>0,'Submit here'!C60,"") -> 45226 | O42: =IF('Submit here'!D60>0,'Submit here'!D60,"") -> CAM2205A | P42: =IF('Submit here'!E60>0,'Submit here'!E60,"") | Q42: =IF('Submit here'!F60>0,'Submit here'!F60,"")
A43: D03 | B43: =B42 -> ARack0460 | C43: =C42 -> LVL600038004 | D43: LV3005887533 | E43: 62 | F43: low | I43: =I42 -> FM | J43: =J42 -> - | K43: =K42 -> 45229 | L43: 42 | M43: =IF('Submit here'!B61>0,'Submit here'!B61,"") -> NKL | N43: =IF('Submit here'!C61>0,'Submit here'!C61,"") -> 45226 | O43: =IF('Submit here'!D61>0,'Submit here'!D61,"") -> CAM2205A | P43: =IF('Submit here'!E61>0,'Submit here'!E61,"") | Q43: =IF('Submit here'!F61>0,'Submit here'!F61,"")
A44: A04 | B44: =B43 -> ARack0460 | C44: =C43 -> LVL600038004 | D44: LV3005887520 | E44: 63.5 | F44: low | I44: =I43 -> FM | J44: =J43 -> - | K44: =K43 -> 45229 | L44: 43 | M44: =IF('Submit here'!B62>0,'Submit here'!B62,"") -> NKL | N44: =IF('Submit here'!C62>0,'Submit here'!C62,"") -> 45226 | O44: =IF('Submit here'!D62>0,'Submit here'!D62,"") -> CAM2205A | P44: =IF('Submit here'!E62>0,'Submit here'!E62,"") | Q44: =IF('Submit here'!F62>0,'Submit here'!F62,"")
... A55: D06 | B55: =B54 -> ARack0460 | C55: =C54 -> LVL600038004 | D55: LV3005887508 | E55: 80 | F55: low | I55: =I54 -> FM | J55: =J54 -> - | K55: =K54 -> 45229 | L55: 54 | M55: =IF('Submit here'!B73>0,'Submit here'!B73,"") -> NKL | N55: =IF('Submit here'!C73>0,'Submit here'!C73,"") -> 45226 | O55: =IF('Submit here'!D73>0,'Submit here'!D73,"") -> CAM2205A | P55: =IF('Submit here'!E73>0,'Submit here'!E73,"") | Q55: =IF('Submit here'!F73>0,'Submit here'!F73,"")
A56: A01 | B56: ARack0461 | C56: LVL600038029 | D56: LV3005888149 | E56: 81.5 | F56: low | I56: =I55 -> FM | J56: =J55 -> - | K56: =K55 -> 45229 | L56: 55 | M56: =IF('Submit here'!B74>0,'Submit here'!B74,"") -> NKL | N56: =IF('Submit here'!C74>0,'Submit here'!C74,"") -> 45226 | O56: =IF('Submit here'!D74>0,'Submit here'!D74,"") -> CAM2205A | P56: =IF('Submit here'!E74>0,'Submit here'!E74,"") | Q56: =IF('Submit here'!F74>0,'Submit here'!F74,"")
A57: B01 | B57: =B56 -> ARack0461 | C57: =C56 -> LVL600038029 | D57: LV3005888155 | E57: 83 | F57: low | I57: =I56 -> FM | J57: =J56 -> - | K57: =K56 -> 45229 | L57: 56 | M57: =IF('Submit here'!B75>0,'Submit here'!B75,"") -> NKL | N57: =IF('Submit here'!C75>0,'Submit here'!C75,"") -> 45226 | O57: =IF('Submit here'!D75>0,'Submit here'!D75,"") -> CAM2205A | P57: =IF('Submit here'!E75>0,'Submit here'!E75,"") | Q57: =IF('Submit here'!F75>0,'Submit here'!F75,"")
A58: C01 | B58: =B57 -> ARack0461 | C58: =C57 -> LVL600038029 | D58: LV3005888161 | E58: 85 | F58: low | I58: =I57 -> FM | J58: =J57 -> - | K58: =K57 -> 45229 | L58: 57 | M58: =IF('Submit here'!B76>0,'Submit here'!B76,"") -> NKL | N58: =IF('Submit here'!C76>0,'Submit here'!C76,"") -> 45226 | O58: =IF('Submit here'!D76>0,'Submit here'!D76,"") -> CAM2205A | P58: =IF('Submit here'!E76>0,'Submit here'!E76,"") | Q58: =IF('Submit here'!F76>0,'Submit here'!F76,"")
A59: D01 | B59: =B58 -> ARack0461 | C59: =C58 -> LVL600038029 | D59: LV3005888167 | E59: 86.5 | F59: low | I59: =I58 -> FM | J59: =J58 -> - | K59: =K58 -> 45229 | L59: 58 | M59: =IF('Submit here'!B77>0,'Submit here'!B77,"") -> NKL | N59: =IF('Submit here'!C77>0,'Submit here'!C77,"") -> 45226 | O59: =IF('Submit here'!D77>0,'Submit here'!D77,"") -> CAM2205A | P59: =IF('Submit here'!E77>0,'Submit here'!E77,"") | Q59: =IF('Submit here'!F77>0,'Submit here'!F77,"")
A60: A02 | B60: =B59 -> ARack0461 | C60: =C59 -> LVL600038029 | D60: LV3005888166 | E60: 88 | F60: low | I60: =I59 -> FM | J60: =J59 -> - | K60: =K59 -> 45229 | L60: 59 | M60: =IF('Submit here'!B78>0,'Submit here'!B78,"") -> NKL | N60: =IF('Submit here'!C78>0,'Submit here'!C78,"") -> 45226 | O60: =IF('Submit here'!D78>0,'Submit here'!D78,"") -> CAM2205A | P60: =IF('Submit here'!E78>0,'Submit here'!E78,"") | Q60: =IF('Submit here'!F78>0,'Submit here'!F78,"")
A61: B02 | B61: =B60 -> ARack0461 | C61: =C60 -> LVL600038029 | D61: LV3005888148 | E61: 90 | F61: low | I61: =I60 -> FM | J61: =J60 -> - | K61: =K60 -> 45229 | L61: 60 | M61: =IF('Submit here'!B79>0,'Submit here'!B79,"") -> NKL | N61: =IF('Submit here'!C79>0,'Submit here'!C79,"") -> 45226 | O61: =IF('Submit here'!D79>0,'Submit here'!D79,"") -> CAM2205A | P61: =IF('Submit here'!E79>0,'Submit here'!E79,"") | Q61: =IF('Submit here'!F79>0,'Submit here'!F79,"")
A62: C02 | B62: =B61 -> ARack0461 | C62: =C61 -> LVL600038029 | D62: LV3005888165 | E62: 91 | F62: low | I62: =I61 -> FM | J62: =J61 -> - | K62: =K61 -> 45229 | L62: 61 | M62: =IF('Submit here'!B80>0,'Submit here'!B80,"") -> NKL | N62: =IF('Submit here'!C80>0,'Submit here'!C80,"") -> 45226 | O62: =IF('Submit here'!D80>0,'Submit here'!D80,"") -> CAM2205A | P62: =IF('Submit here'!E80>0,'Submit here'!E80,"") | Q62: =IF('Submit here'!F80>0,'Submit here'!F80,"")
A63: D02 | I63: =I62 -> FM | J63: =J62 -> - | K63: =K62 -> 45229 | L63: 62 | M63: =IF('Submit here'!B81>0,'Submit here'!B81,"") -> NKL | N63: =IF('Submit here'!C81>0,'Submit here'!C81,"") -> 45226 | O63: =IF('Submit here'!D82>0,'Submit here'!D82,"") -> CAM2205A | P63: =IF('Submit here'!E81>0,'Submit here'!E81,"") | Q63: =IF('Submit here'!F81>0,'Submit here'!F81,"")
A64: A03 | I64: =I63 -> FM | J64: =J63 -> - | K64: =K63 -> 45229 | L64: 63 | M64: =IF('Submit here'!B82>0,'Submit here'!B82,"") -> NKL | N64: =IF('Submit here'!C82>0,'Submit here'!C82,"") -> 45226 | P64: =IF('Submit here'!E82>0,'Submit here'!E82,"") | Q64: =IF('Submit here'!F82>0,'Submit here'!F82,"")
A65: B03 | I65: =I64 -> FM | J65: =J64 -> - | K65: =K64 -> 45229 | L65: 82 | M65: =IF('Submit here'!B83>0,'Submit here'!B83,"") -> NKL | N65: =IF('Submit here'!C83>0,'Submit here'!C83,"") -> 45226 | O65: =IF('Submit here'!D84>0,'Submit here'!D84,"") | P65: =IF('Submit here'!E83>0,'Submit here'!E83,"") | Q65: =IF('Submit here'!F83>0,'Submit here'!F83,"")
A66: C03 | I66: =I65 -> FM | J66: =J65 -> - | K66: =K65 -> 45229 | L66: 83 | M66: =IF('Submit here'!B84>0,'Submit here'!B84,"") -> NKL | N66: =IF('Submit here'!C84>0,'Submit here'!C84,"") -> 45226 | O66: =IF('Submit here'!D85>0,'Submit here'!D85,"") | P66: =IF('Submit here'!E84>0,'Submit here'!E84,"") | Q66: =IF('Submit here'!F84>0,'Submit here'!F84,"")
A67: D03 | I67: =I66 -> FM | J67: =J66 -> - | K67: =K66 -> 45229 | L67: 84 | M67: =IF('Submit here'!B85>0,'Submit here'!B85,"") -> NKL | N67: =IF('Submit here'!C85>0,'Submit here'!C85,"") -> 45226 | P67: =IF('Submit here'!E85>0,'Submit here'!E85,"") | Q67: =IF('Submit here'!F85>0,'Submit here'!F85,"")
A68: A04 | I68: =I67 -> FM | J68: =J67 -> - | K68: =K67 -> 45229 | L68: 85 | M68: =IF('Submit here'!B86>0,'Submit here'!B86,"") -> NKL | N68: =IF('Submit here'!C86>0,'Submit here'!C86,"") -> 45226 | P68: =IF('Submit here'!E86>0,'Submit here'!E86,"") | Q68: =IF('Submit here'!F86>0,'Submit here'!F86,"")
A69: B04 | I69: =I68 -> FM | J69: =J68 -> - | K69: =K68 -> 45229 | L69: 86 | M69: =IF('Submit here'!B87>0,'Submit here'!B87,"") -> NKL | N69: =IF('Submit here'!C87>0,'Submit here'!C87,"") -> 45226 | O69: =IF('Submit here'!D87>0,'Submit here'!D87,"") | P69: =IF('Submit here'!E87>0,'Submit here'!E87,"") | Q69: =IF('Submit here'!F87>0,'Submit here'!F87,"")
A70: C04 | I70: =I69 -> FM | J70: =J69 -> - | K70: =K69 -> 45229 | L70: 87 | M70: =IF('Submit here'!B88>0,'Submit here'!B88,"") -> NKL | N70: =IF('Submit here'!C88>0,'Submit here'!C88,"") -> 45226 | O70: =IF('Submit here'!D88>0,'Submit here'!D88,"") | P70: =IF('Submit here'!E88>0,'Submit here'!E88,"") | Q70: =IF('Submit here'!F88>0,'Submit here'!F88,"")
A71: D04 | I71: =I70 -> FM | J71: =J70 -> - | K71: =K70 -> 45229 | L71: 88 | M71: =IF('Submit here'!B89>0,'Submit here'!B89,"") -> NKL | N71: =IF('Submit here'!C89>0,'Submit here'!C89,"") -> 45226 | O71: =IF('Submit here'!D89>0,'Submit here'!D89,"") | P71: =IF('Submit here'!E89>0,'Submit here'!E89,"") | Q71: =IF('Submit here'!F89>0,'Submit here'!F89,"")
A72: A05 | I72: =I71 -> FM | J72: =J71 -> - | K72: =K71 -> 45229 | L72: 89 | M72: =IF('Submit here'!B90>0,'Submit here'!B90,"") -> NKL | N72: =IF('Submit here'!C90>0,'Submit here'!C90,"") -> 45226 | O72: =IF('Submit here'!D90>0,'Submit here'!D90,"") | P72: =IF('Submit here'!E90>0,'Submit here'!E90,"") | Q72: =IF('Submit here'!F90>0,'Submit here'!F90,"")
A73: B05 | I73: =I72 -> FM | J73: =J72 -> - | K73: =K72 -> 45229 | L73: 90 | M73: =IF('Submit here'!B91>0,'Submit here'!B91,"") -> NKL | N73: =IF('Submit here'!C91>0,'Submit here'!C91,"") -> 45226 | O73: =IF('Submit here'!D91>0,'Submit here'!D91,"") | P73: =IF('Submit here'!E91>0,'Submit here'!E91,"") | Q73: =IF('Submit here'!F91>0,'Submit here'!F91,"")
A74: C05 | I74: =I73 -> FM | J74: =J73 -> - | K74: =K73 -> 45229 | L74: 91 | M74: =IF('Submit here'!B92>0,'Submit here'!B92,"") -> NKL | N74: =IF('Submit here'!C92>0,'Submit here'!C92,"") -> 45226 | O74: =IF('Submit here'!D92>0,'Submit here'!D92,"") | P74: =IF('Submit here'!E92>0,'Submit here'!E92,"") | Q74: =IF('Submit here'!F92>0,'Submit here'!F92,"")
A75: D05 | I75: =I74 -> FM | J75: =J74 -> - | K75: =K74 -> 45229 | L75: 92 | M75: =IF('Submit here'!B93>0,'Submit here'!B93,"") -> NKL | N75: =IF('Submit here'!C93>0,'Submit here'!C93,"") -> 45226 | O75: =IF('Submit here'!D93>0,'Submit here'!D93,"") | P75: =IF('Submit here'!E93>0,'Submit here'!E93,"") | Q75: =IF('Submit here'!F93>0,'Submit here'!F93,"")
A76: A06 | I76: =I75 -> FM | J76: =J75 -> - | K76: =K75 -> 45229 | L76: 93 | M76: =IF('Submit here'!B94>0,'Submit here'!B94,"") -> NKL | N76: =IF('Submit here'!C94>0,'Submit here'!C94,"") -> 45226 | O76: =IF('Submit here'!D94>0,'Submit here'!D94,"") | P76: =IF('Submit here'!E94>0,'Submit here'!E94,"") | Q76: =IF('Submit here'!F94>0,'Submit here'!F94,"")
A77: B06 | I77: =I76 -> FM | J77: =J76 -> - | K77: =K76 -> 45229 | L77: 94 | M77: =IF('Submit here'!B95>0,'Submit here'!B95,"") -> NKL | N77: =IF('Submit here'!C95>0,'Submit here'!C95,"") -> 45226 | O77: =IF('Submit here'!D95>0,'Submit here'!D95,"") | P77: =IF('Submit here'!E95>0,'Submit here'!E95,"") | Q77: =IF('Submit here'!F95>0,'Submit here'!F95,"")
A78: C06 | I78: =I77 -> FM | J78: =J77 -> - | K78: =K77 -> 45229 | L78: 95 | M78: =IF('Submit here'!B96>0,'Submit here'!B96,"") -> NKL | N78: =IF('Submit here'!C96>0,'Submit here'!C96,"") -> 45226 | O78: =IF('Submit here'!D96>0,'Submit here'!D96,"") | P78: =IF('Submit here'!E96>0,'Submit here'!E96,"") | Q78: =IF('Submit here'!F96>0,'Submit here'!F96,"")
A79: D06 | I79: =I78 -> FM | J79: =J78 -> - | K79: =K78 -> 45229 | L79: 96 | M79: =IF('Submit here'!B97>0,'Submit here'!B97,"") -> NKL | N79: =IF('Submit here'!C97>0,'Submit here'!C97,"") -> 45226 | O79: =IF('Submit here'!D97>0,'Submit here'!D97,"") | P79: =IF('Submit here'!E97>0,'Submit here'!E97,"") | Q79: =IF('Submit here'!F97>0,'Submit here'!F97,"")
A80: A01 | I80: =I79 -> FM | J80: =J79 -> - | K80: =K79 -> 45229 | L80: 97 | M80: =IF('Submit here'!B98>0,'Submit here'!B98,"") -> NKL | N80: =IF('Submit here'!C98>0,'Submit here'!C98,"") -> 45226 | O80: =IF('Submit here'!D98>0,'Submit here'!D98,"") | P80: =IF('Submit here'!E98>0,'Submit here'!E98,"") | Q80: =IF('Submit here'!F98>0,'Submit here'!F98,"")
A81: B01 | B81: =B80 -> 0 | C81: =C80 -> 0 | I81: =I80 -> FM | J81: =J80 -> - | K81: =K80 -> 45229 | L81: 98 | M81: =IF('Submit here'!B99>0,'Submit here'!B99,"") -> NKL | N81: =IF('Submit here'!C99>0,'Submit here'!C99,"") -> 45226 | O81: =IF('Submit here'!D99>0,'Submit here'!D99,"") | P81: =IF('Submit here'!E99>0,'Submit here'!E99,"") | Q81: =IF('Submit here'!F99>0,'Submit here'!F99,"")
A82: C01 | B82: =B81 -> 0 | C82: =C81 -> 0 | I82: =I81 -> FM | J82: =J81 -> - | K82: =K81 -> 45229 | L82: 99 | M82: =IF('Submit here'!B100>0,'Submit here'!B100,"") -> NKL | N82: =IF('Submit here'!C100>0,'Submit here'!C100,"") -> 45226 | O82: =IF('Submit here'!D100>0,'Submit here'!D100,"") | P82: =IF('Submit here'!E100>0,'Submit here'!E100,"") | Q82: =IF('Submit here'!F100>0,'Submit here'!F100,"")
A83: D01 | B83: =B82 -> 0 | C83: =C82 -> 0 | I83: =I82 -> FM | J83: =J82 -> - | K83: =K82 -> 45229 | L83: 100 | M83: =IF('Submit here'!B101>0,'Submit here'!B101,"") -> NKL | N83: =IF('Submit here'!C101>0,'Submit here'!C101,"") -> 45226 | O83: =IF('Submit here'!D101>0,'Submit here'!D101,"") | P83: =IF('Submit here'!E101>0,'Submit here'!E101,"") | Q83: =IF('Submit here'!F101>0,'Submit here'!F101,"")
A84: A02 | B84: =B83 -> 0 | C84: =C83 -> 0 | I84: =I83 -> FM | J84: =J83 -> - | K84: =K83 -> 45229 | L84: 101 | M84: =IF('Submit here'!B102>0,'Submit here'!B102,"") -> NKL | N84: =IF('Submit here'!C102>0,'Submit here'!C102,"") -> 45226 | O84: =IF('Submit here'!D102>0,'Submit here'!D102,"") | P84: =IF('Submit here'!E102>0,'Submit here'!E102,"") | Q84: =IF('Submit here'!F102>0,'Submit here'!F102,"")
A85: B02 | B85: =B84 -> 0 | C85: =C84 -> 0 | I85: =I84 -> FM | J85: =J84 -> - | K85: =K84 -> 45229 | L85: 102 | M85: =IF('Submit here'!B103>0,'Submit here'!B103,"") -> NKL | N85: =IF('Submit here'!C103>0,'Submit here'!C103,"") -> 45226 | O85: =IF('Submit here'!D103>0,'Submit here'!D103,"") | P85: =IF('Submit here'!E103>0,'Submit here'!E103,"") | Q85: =IF('Submit here'!F103>0,'Submit here'!F103,"")
A86: C02 | B86: =B85 -> 0 | C86: =C85 -> 0 | I86: =I85 -> FM | J86: =J85 -> - | K86: =K85 -> 45229 | L86: 103 | M86: =IF('Submit here'!B104>0,'Submit here'!B104,"") -> NKL | N86: =IF('Submit here'!C104>0,'Submit here'!C104,"") -> 45226 | O86: =IF('Submit here'!D104>0,'Submit here'!D104,"") | P86: =IF('Submit here'!E104>0,'Submit here'!E104,"") | Q86: =IF('Submit here'!F104>0,'Submit here'!F104,"")
A87: D02 | B87: =B86 -> 0 | C87: =C86 -> 0 | I87: =I86 -> FM | J87: =J86 -> - | K87: =K86 -> 45229 | L87: 104 | M87: =IF('Submit here'!B105>0,'Submit here'!B105,"") -> NKL | N87: =IF('Submit here'!C105>0,'Submit here'!C105,"") -> 45226 | O87: =IF('Submit here'!D105>0,'Submit here'!D105,"") | P87: =IF('Submit here'!E105>0,'Submit here'!E105,"") | Q87: =IF('Submit here'!F105>0,'Submit here'!F105,"")
A88: A03 | B88: =B87 -> 0 | C88: =C87 -> 0 | I88: =I87 -> FM | J88: =J87 -> - | K88: =K87 -> 45229 | L88: 105 | M88: =IF('Submit here'!B106>0,'Submit here'!B106,"") -> NKL | N88: =IF('Submit here'!C106>0,'Submit here'!C106,"") -> 45226 | O88: =IF('Submit here'!D106>0,'Submit here'!D106,"") | P88: =IF('Submit here'!E106>0,'Submit here'!E106,"") | Q88: =IF('Submit here'!F106>0,'Submit here'!F106,"")
A89: B03 | B89: =B88 -> 0 | C89: =C88 -> 0 | I89: =I88 -> FM | J89: =J88 -> - | K89: =K88 -> 45229 | L89: 106 | M89: =IF('Submit here'!B107>0,'Submit here'!B107,"") -> NKL | N89: =IF('Submit here'!C107>0,'Submit here'!C107,"") -> 45226 | O89: =IF('Submit here'!D107>0,'Submit here'!D107,"") | P89: =IF('Submit here'!E107>0,'Submit here'!E107,"") | Q89: =IF('Submit here'!F107>0,'Submit here'!F107,"")
A90: C03 | B90: =B89 -> 0 | C90: =C89 -> 0 | I90: =I89 -> FM | J90: =J89 -> - | K90: =K89 -> 45229 | L90: 107 | M90: =IF('Submit here'!B108>0,'Submit here'!B108,"") -> NKL | N90: =IF('Submit here'!C108>0,'Submit here'!C108,"") -> 45226 | O90: =IF('Submit here'!D108>0,'Submit here'!D108,"") | P90: =IF('Submit here'!E108>0,'Submit here'!E108,"") | Q90: =IF('Submit here'!F108>0,'Submit here'!F108,"")
A91: D03 | B91: =B90 -> 0 | C91: =C90 -> 0 | I91: =I90 -> FM | J91: =J90 -> - | K91: =K90 -> 45229 | L91: 108 | M91: =IF('Submit here'!B109>0,'Submit here'!B109,"") -> NKL | N91: =IF('Submit here'!C109>0,'Submit here'!C109,"") -> 45226 | O91: =IF('Submit here'!D109>0,'Submit here'!D109,"") | P91: =IF('Submit here'!E109>0,'Submit here'!E109,"") | Q91: =IF('Submit here'!F109>0,'Submit here'!F109,"")
A92: A04 | B92: =B91 -> 0 | C92: =C91 -> 0 | I92: =I91 -> FM | J92: =J91 -> - | K92: =K91 -> 45229 | L92: 109 | M92: =IF('Submit here'!B110>0,'Submit here'!B110,"") -> NKL | N92: =IF('Submit here'!C110>0,'Submit here'!C110,"") -> 45226 | O92: =IF('Submit here'!D110>0,'Submit here'!D110,"") | P92: =IF('Submit here'!E110>0,'Submit here'!E110,"") | Q92: =IF('Submit here'!F110>0,'Submit here'!F110,"")
... A103: D06 | B103: =B102 -> 0 | C103: =C102 -> 0 | I103: =I102 -> FM | J103: =J102 -> - | K103: =K102 -> 45229 | L103: 120 | M103: =IF('Submit here'!B121>0,'Submit here'!B121,"") -> NKL | N103: =IF('Submit here'!C121>0,'Submit here'!C121,"") -> 45226 | O103: =IF('Submit here'!D121>0,'Submit here'!D121,"") | P103: =IF('Submit here'!E121>0,'Submit here'!E121,"") | Q103: =IF('Submit here'!F121>0,'Submit here'!F121,"")
A104: A01 | I104: =I103 -> FM | J104: =J103 -> - | K104: =K103 -> 45229 | L104: 121 | M104: =IF('Submit here'!B122>0,'Submit here'!B122,"") -> NKL | N104: =IF('Submit here'!C122>0,'Submit here'!C122,"") -> 45226 | O104: =IF('Submit here'!D122>0,'Submit here'!D122,"") | P104: =IF('Submit here'!E122>0,'Submit here'!E122,"") | Q104: =IF('Submit here'!F122>0,'Submit here'!F122,"")
A105: B01 | B105: =B104 -> 0 | C105: =C104 -> 0 | I105: =I104 -> FM | J105: =J104 -> - | K105: =K104 -> 45229 | L105: 122 | M105: =IF('Submit here'!B123>0,'Submit here'!B123,"") -> NKL | N105: =IF('Submit here'!C123>0,'Submit here'!C123,"") -> 45226 | O105: =IF('Submit here'!D123>0,'Submit here'!D123,"") | P105: =IF('Submit here'!E123>0,'Submit here'!E123,"") | Q105: =IF('Submit here'!F123>0,'Submit here'!F123,"")
A106: C01 | B106: =B105 -> 0 | C106: =C105 -> 0 | I106: =I105 -> FM | J106: =J105 -> - | K106: =K105 -> 45229 | L106: 123 | M106: =IF('Submit here'!B124>0,'Submit here'!B124,"") -> NKL | N106: =IF('Submit here'!C124>0,'Submit here'!C124,"") -> 45226 | O106: =IF('Submit here'!D124>0,'Submit here'!D124,"") | P106: =IF('Submit here'!E124>0,'Submit here'!E124,"") | Q106: =IF('Submit here'!F124>0,'Submit here'!F124,"")
A107: D01 | B107: =B106 -> 0 | C107: =C106 -> 0 | I107: =I106 -> FM | J107: =J106 -> - | K107: =K106 -> 45229 | L107: 124 | M107: =IF('Submit here'!B125>0,'Submit here'!B125,"") -> NKL | N107: =IF('Submit here'!C125>0,'Submit here'!C125,"") -> 45226 | O107: =IF('Submit here'!D125>0,'Submit here'!D125,"") | P107: =IF('Submit here'!E125>0,'Submit here'!E125,"") | Q107: =IF('Submit here'!F125>0,'Submit here'!F125,"")
A108: A02 | B108: =B107 -> 0 | C108: =C107 -> 0 | I108: =I107 -> FM | J108: =J107 -> - | K108: =K107 -> 45229 | L108: 125 | M108: =IF('Submit here'!B126>0,'Submit here'!B126,"") -> NKL | N108: =IF('Submit here'!C126>0,'Submit here'!C126,"") -> 45226 | O108: =IF('Submit here'!D126>0,'Submit here'!D126,"") | P108: =IF('Submit here'!E126>0,'Submit here'!E126,"") | Q108: =IF('Submit here'!F126>0,'Submit here'!F126,"")
A109: B02 | B109: =B108 -> 0 | C109: =C108 -> 0 | I109: =I108 -> FM | J109: =J108 -> - | K109: =K108 -> 45229 | L109: 126 | M109: =IF('Submit here'!B127>0,'Submit here'!B127,"") -> NKL | N109: =IF('Submit here'!C127>0,'Submit here'!C127,"") -> 45226 | O109: =IF('Submit here'!D127>0,'Submit here'!D127,"") | P109: =IF('Submit here'!E127>0,'Submit here'!E127,"") | Q109: =IF('Submit here'!F127>0,'Submit here'!F127,"")
A110: C02 | B110: =B109 -> 0 | C110: =C109 -> 0 | I110: =I109 -> FM | J110: =J109 -> - | K110: =K109 -> 45229 | L110: 127 | M110: =IF('Submit here'!B128>0,'Submit here'!B128,"") -> NKL | N110: =IF('Submit here'!C128>0,'Submit here'!C128,"") -> 45226 | O110: =IF('Submit here'!D128>0,'Submit here'!D128,"") | P110: =IF('Submit here'!E128>0,'Submit here'!E128,"") | Q110: =IF('Submit here'!F128>0,'Submit here'!F128,"")
A111: D02 | B111: =B110 -> 0 | C111: =C110 -> 0 | I111: =I110 -> FM | J111: =J110 -> - | K111: =K110 -> 45229 | L111: 128 | M111: =IF('Submit here'!B129>0,'Submit here'!B129,"") -> NKL | N111: =IF('Submit here'!C129>0,'Submit here'!C129,"") -> 45226 | O111: =IF('Submit here'!D129>0,'Submit here'!D129,"") | P111: =IF('Submit here'!E129>0,'Submit here'!E129,"") | Q111: =IF('Submit here'!F129>0,'Submit here'!F129,"")
A112: A03 | B112: =B111 -> 0 | C112: =C111 -> 0 | I112: =I111 -> FM | J112: =J111 -> - | K112: =K111 -> 45229 | L112: 129 | M112: =IF('Submit here'!B130>0,'Submit here'!B130,"") -> NKL | N112: =IF('Submit here'!C130>0,'Submit here'!C130,"") -> 45226 | O112: =IF('Submit here'!D130>0,'Submit here'!D130,"") | P112: =IF('Submit here'!E130>0,'Submit here'!E130,"") | Q112: =IF('Submit here'!F130>0,'Submit here'!F130,"")
A113: B03 | B113: =B112 -> 0 | C113: =C112 -> 0 | I113: =I112 -> FM | J113: =J112 -> - | K113: =K112 -> 45229 | L113: 130 | M113: =IF('Submit here'!B131>0,'Submit here'!B131,"") -> NKL | N113: =IF('Submit here'!C131>0,'Submit here'!C131,"") -> 45226 | O113: =IF('Submit here'!D131>0,'Submit here'!D131,"") | P113: =IF('Submit here'!E131>0,'Submit here'!E131,"") | Q113: =IF('Submit here'!F131>0,'Submit here'!F131,"")
A114: C03 | B114: =B113 -> 0 | C114: =C113 -> 0 | I114: =I113 -> FM | J114: =J113 -> - | K114: =K113 -> 45229 | L114: 131 | M114: =IF('Submit here'!B132>0,'Submit here'!B132,"") -> NKL | N114: =IF('Submit here'!C132>0,'Submit here'!C132,"") -> 45226 | O114: =IF('Submit here'!D132>0,'Submit here'!D132,"") | P114: =IF('Submit here'!E132>0,'Submit here'!E132,"") | Q114: =IF('Submit here'!F132>0,'Submit here'!F132,"")
A115: D03 | B115: =B114 -> 0 | C115: =C114 -> 0 | I115: =I114 -> FM | J115: =J114 -> - | K115: =K114 -> 45229 | L115: 132 | M115: =IF('Submit here'!B133>0,'Submit here'!B133,"") -> NKL | N115: =IF('Submit here'!C133>0,'Submit here'!C133,"") -> 45226 | O115: =IF('Submit here'!D133>0,'Submit here'!D133,"") | P115: =IF('Submit here'!E133>0,'Submit here'!E133,"") | Q115: =IF('Submit here'!F133>0,'Submit here'!F133,"")
A116: A04 | B116: =B115 -> 0 | C116: =C115 -> 0 | I116: =I115 -> FM | J116: =J115 -> - | K116: =K115 -> 45229 | L116: 133 | M116: =IF('Submit here'!B134>0,'Submit here'!B134,"") -> NKL | N116: =IF('Submit here'!C134>0,'Submit here'!C134,"") -> 45226 | O116: =IF('Submit here'!D134>0,'Submit here'!D134,"") | P116: =IF('Submit here'!E134>0,'Submit here'!E134,"") | Q116: =IF('Submit here'!F134>0,'Submit here'!F134,"")
... A127: D06 | B127: =B126 -> 0 | C127: =C126 -> 0 | I127: =I126 -> FM | J127: =J126 -> - | K127: =K126 -> 45229 | L127: 144 | M127: =IF('Submit here'!B145>0,'Submit here'!B145,"") -> NKL | N127: =IF('Submit here'!C145>0,'Submit here'!C145,"") -> 45226 | O127: =IF('Submit here'!D145>0,'Submit here'!D145,"") | P127: =IF('Submit here'!E145>0,'Submit here'!E145,"") | Q127: =IF('Submit here'!F145>0,'Submit here'!F145,"")
A128: A01 | I128: =I127 -> FM | J128: =J127 -> - | K128: =K127 -> 45229 | L128: 145 | M128: =IF('Submit here'!B146>0,'Submit here'!B146,"") -> NKL | N128: =IF('Submit here'!C146>0,'Submit here'!C146,"") -> 45226 | O128: =IF('Submit here'!D146>0,'Submit here'!D146,"") | P128: =IF('Submit here'!E146>0,'Submit here'!E146,"") | Q128: =IF('Submit here'!F146>0,'Submit here'!F146,"")
A129: B01 | B129: =B128 -> 0 | C129: =C128 -> 0 | I129: =I128 -> FM | J129: =J128 -> - | K129: =K128 -> 45229 | L129: 146 | M129: =IF('Submit here'!B147>0,'Submit here'!B147,"") -> NKL | N129: =IF('Submit here'!C147>0,'Submit here'!C147,"") -> 45226 | O129: =IF('Submit here'!D147>0,'Submit here'!D147,"") | P129: =IF('Submit here'!E147>0,'Submit here'!E147,"") | Q129: =IF('Submit here'!F147>0,'Submit here'!F147,"")
A130: C01 | B130: =B129 -> 0 | C130: =C129 -> 0 | I130: =I129 -> FM | J130: =J129 -> - | K130: =K129 -> 45229 | L130: 147 | M130: =IF('Submit here'!B148>0,'Submit here'!B148,"") -> NKL | N130: =IF('Submit here'!C148>0,'Submit here'!C148,"") -> 45226 | O130: =IF('Submit here'!D148>0,'Submit here'!D148,"") | P130: =IF('Submit here'!E148>0,'Submit here'!E148,"") | Q130: =IF('Submit here'!F148>0,'Submit here'!F148,"")
A131: D01 | B131: =B130 -> 0 | C131: =C130 -> 0 | I131: =I130 -> FM | J131: =J130 -> - | K131: =K130 -> 45229 | L131: 148 | M131: =IF('Submit here'!B149>0,'Submit here'!B149,"") -> NKL | N131: =IF('Submit here'!C149>0,'Submit here'!C149,"") -> 45226 | O131: =IF('Submit here'!D149>0,'Submit here'!D149,"") | P131: =IF('Submit here'!E149>0,'Submit here'!E149,"") | Q131: =IF('Submit here'!F149>0,'Submit here'!F149,"")
A132: A02 | B132: =B131 -> 0 | C132: =C131 -> 0 | I132: =I131 -> FM | J132: =J131 -> - | K132: =K131 -> 45229 | L132: 149 | M132: =IF('Submit here'!B150>0,'Submit here'!B150,"") -> NKL | N132: =IF('Submit here'!C150>0,'Submit here'!C150,"") -> 45226 | O132: =IF('Submit here'!D150>0,'Submit here'!D150,"") | P132: =IF('Submit here'!E150>0,'Submit here'!E150,"") | Q132: =IF('Submit here'!F150>0,'Submit here'!F150,"")
A133: B02 | B133: =B132 -> 0 | C133: =C132 -> 0 | I133: =I132 -> FM | J133: =J132 -> - | K133: =K132 -> 45229 | L133: 150 | M133: =IF('Submit here'!B151>0,'Submit here'!B151,"") -> NKL | N133: =IF('Submit here'!C151>0,'Submit here'!C151,"") -> 45226 | O133: =IF('Submit here'!D151>0,'Submit here'!D151,"") | P133: =IF('Submit here'!E151>0,'Submit here'!E151,"") | Q133: =IF('Submit here'!F151>0,'Submit here'!F151,"")
A134: C02 | B134: =B133 -> 0 | C134: =C133 -> 0 | I134: =I133 -> FM | J134: =J133 -> - | K134: =K133 -> 45229 | L134: 151 | M134: =IF('Submit here'!B152>0,'Submit here'!B152,"") -> NKL | N134: =IF('Submit here'!C152>0,'Submit here'!C152,"") -> 45226 | O134: =IF('Submit here'!D152>0,'Submit here'!D152,"") | P134: =IF('Submit here'!E152>0,'Submit here'!E152,"") | Q134: =IF('Submit here'!F152>0,'Submit here'!F152,"")
A135: D02 | B135: =B134 -> 0 | C135: =C134 -> 0 | I135: =I134 -> FM | J135: =J134 -> - | K135: =K134 -> 45229 | L135: 152 | M135: =IF('Submit here'!B153>0,'Submit here'!B153,"") -> NKL | N135: =IF('Submit here'!C153>0,'Submit here'!C153,"") -> 45226 | O135: =IF('Submit here'!D153>0,'Submit here'!D153,"") | P135: =IF('Submit here'!E153>0,'Submit here'!E153,"") | Q135: =IF('Submit here'!F153>0,'Submit here'!F153,"")
A136: A03 | B136: =B135 -> 0 | C136: =C135 -> 0 | I136: =I135 -> FM | J136: =J135 -> - | K136: =K135 -> 45229 | L136: 153 | M136: =IF('Submit here'!B154>0,'Submit here'!B154,"") -> NKL | N136: =IF('Submit here'!C154>0,'Submit here'!C154,"") -> 45226 | O136: =IF('Submit here'!D154>0,'Submit here'!D154,"") | P136: =IF('Submit here'!E154>0,'Submit here'!E154,"") | Q136: =IF('Submit here'!F154>0,'Submit here'!F154,"")
A137: B03 | B137: =B136 -> 0 | C137: =C136 -> 0 | I137: =I136 -> FM | J137: =J136 -> - | K137: =K136 -> 45229 | L137: 154 | M137: =IF('Submit here'!B155>0,'Submit here'!B155,"") -> NKL | N137: =IF('Submit here'!C155>0,'Submit here'!C155,"") -> 45226 | O137: =IF('Submit here'!D155>0,'Submit here'!D155,"") | P137: =IF('Submit here'!E155>0,'Submit here'!E155,"") | Q137: =IF('Submit here'!F155>0,'Submit here'!F155,"")
A138: C03 | B138: =B137 -> 0 | C138: =C137 -> 0 | I138: =I137 -> FM | J138: =J137 -> - | K138: =K137 -> 45229 | L138: 155 | M138: =IF('Submit here'!B156>0,'Submit here'!B156,"") -> NKL | N138: =IF('Submit here'!C156>0,'Submit here'!C156,"") -> 45226 | O138: =IF('Submit here'!D156>0,'Submit here'!D156,"") | P138: =IF('Submit here'!E156>0,'Submit here'!E156,"") | Q138: =IF('Submit here'!F156>0,'Submit here'!F156,"")
A139: D03 | B139: =B138 -> 0 | C139: =C138 -> 0 | I139: =I138 -> FM | J139: =J138 -> - | K139: =K138 -> 45229 | L139: 156 | M139: =IF('Submit here'!B157>0,'Submit here'!B157,"") -> NKL | N139: =IF('Submit here'!C157>0,'Submit here'!C157,"") -> 45226 | O139: =IF('Submit here'!D157>0,'Submit here'!D157,"") | P139: =IF('Submit here'!E157>0,'Submit here'!E157,"") | Q139: =IF('Submit here'!F157>0,'Submit here'!F157,"")
A140: A04 | B140: =B139 -> 0 | C140: =C139 -> 0 | I140: =I139 -> FM | J140: =J139 -> - | K140: =K139 -> 45229 | L140: 157 | M140: =IF('Submit here'!B158>0,'Submit here'!B158,"") -> NKL | N140: =IF('Submit here'!C158>0,'Submit here'!C158,"") -> 45226 | O140: =IF('Submit here'!D158>0,'Submit here'!D158,"") | P140: =IF('Submit here'!E158>0,'Submit here'!E158,"") | Q140: =IF('Submit here'!F158>0,'Submit here'!F158,"")
...

Sheet OutputForDB
A1: ArchiveSampleID | B1: PositionInRack | C1: RackName | D1: RackID | E1: BulkSampleID | F1: DepthSampledCalTape | G1: DepthOrderedCalTape | H1: OrganicContent | I1: SurfaceExposed | J1: RemarksArchiveSampling | K1: SampledBy1 | L1: SampledBy2 | M1: SamplingDate | N1: Submitter | O1: SubmissionDate | P1: NotesSubmitter
A2: =IF('For lab assistants'!#REF!>0,'For lab assistants'!#REF!,"") -> #REF! | B2: =IF('For lab assistants'!#REF!>0,'For lab assistants'!#REF!,"") -> #REF! | C2: =IF('For lab assistants'!#REF!>0,'For lab assistants'!#REF!,"") -> #REF! | D2: =IF('For lab assistants'!#REF!>0,'For lab assistants'!#REF!,"") -> #REF! | E2: =IF('For lab assistants'!#REF!>0,'For lab assistants'!#REF!,"") -> #REF! | F2: =IF('For lab assistants'!#REF!>0,'For lab assistants'!#REF!,"") -> #REF! | G2: =IF('For lab assistants'!#REF!>0,'For lab assistants'!#REF!,"") -> #REF! | H2: =IF('For lab assistants'!#REF!>0,'For lab assistants'!#REF!,"low") -> #REF! | I2: =IF('For lab assistants'!#REF!>0,'For lab assistants'!#REF!,"no") -> #REF! | J2: =IF('For lab assistants'!#REF!>0,'For lab assistants'!#REF!,"") -> #REF! | K2: =IF('For lab assistants'!#REF!>0,'For lab assistants'!#REF!,"") -> #REF! | L2: =IF('For lab assistants'!#REF!>0,'For lab assistants'!#REF!,"") -> #REF! | M2: =IF('For lab assistants'!#REF!>0,'For lab assistants'!#REF!,"") -> #REF! | N2: =IF('For lab assistants'!#REF!>0,'For lab assistants'!#REF!,"") -> #REF! | O2: =IF('For lab assistants'!#REF!>0,'For lab assistants'!#REF!,"") -> #REF! | P2: =IF(Output4SubSamplingSubmiss.!F2>0,Output4SubSamplingSubmiss.!F2,"") -> #REF!
A3: =IF('For lab assistants'!#REF!>0,'For lab assistants'!#REF!,"") -> #REF! | B3: =IF('For lab assistants'!#REF!>0,'For lab assistants'!#REF!,"") -> #REF! | C3: =IF('For lab assistants'!#REF!>0,'For lab assistants'!#REF!,"") -> #REF! | D3: =IF('For lab assistants'!#REF!>0,'For lab assistants'!#REF!,"") -> #REF! | E3: =IF('For lab assistants'!#REF!>0,'For lab assistants'!#REF!,"") -> #REF! | F3: =IF('For lab assistants'!#REF!>0,'For lab assistants'!#REF!,"") -> #REF! | G3: =IF('For lab assistants'!#REF!>0,'For lab assistants'!#REF!,"") -> #REF! | H3: =IF('For lab assistants'!#REF!>0,'For lab assistants'!#REF!,"low") -> #REF! | I3: =IF('For lab assistants'!#REF!>0,'For lab assistants'!#REF!,"no") -> #REF! | J3: =IF('For lab assistants'!#REF!>0,'For lab assistants'!#REF!,"") -> #REF! | K3: =IF('For lab assistants'!#REF!>0,'For lab assistants'!#REF!,"") -> #REF! | L3: =IF('For lab assistants'!#REF!>0,'For lab assistants'!#REF!,"") -> #REF! | M3: =IF('For lab assistants'!#REF!>0,'For lab assistants'!#REF!,"") -> #REF! | N3: =IF('For lab assistants'!#REF!>0,'For lab assistants'!#REF!,"") -> #REF! | O3: =IF('For lab assistants'!#REF!>0,'For lab assistants'!#REF!,"") -> #REF! | P3: =IF(Output4SubSamplingSubmiss.!F3>0,Output4SubSamplingSubmiss.!F3,"") -> #REF!
A4: =IF('For lab assistants'!#REF!>0,'For lab assistants'!#REF!,"") -> #REF! | B4: =IF('For lab assistants'!#REF!>0,'For lab assistants'!#REF!,"") -> #REF! | C4: =IF('For lab assistants'!#REF!>0,'For lab assistants'!#REF!,"") -> #REF! | D4: =IF('For lab assistants'!#REF!>0,'For lab assistants'!#REF!,"") -> #REF! | E4: =IF('For lab assistants'!#REF!>0,'For lab assistants'!#REF!,"") -> #REF! | F4: =IF('For lab assistants'!#REF!>0,'For lab assistants'!#REF!,"") -> #REF! | G4: =IF('For lab assistants'!#REF!>0,'For lab assistants'!#REF!,"") -> #REF! | H4: =IF('For lab assistants'!#REF!>0,'For lab assistants'!#REF!,"low") -> #REF! | I4: =IF('For lab assistants'!#REF!>0,'For lab assistants'!#REF!,"no") -> #REF! | J4: =IF('For lab assistants'!#REF!>0,'For lab assistants'!#REF!,"") -> #REF! | K4: =IF('For lab assistants'!#REF!>0,'For lab assistants'!#REF!,"") -> #REF! | L4: =IF('For lab assistants'!#REF!>0,'For lab assistants'!#REF!,"") -> #REF! | M4: =IF('For lab assistants'!#REF!>0,'For lab assistants'!#REF!,"") -> #REF! | N4: =IF('For lab assistants'!#REF!>0,'For lab assistants'!#REF!,"") -> #REF! | O4: =IF('For lab assistants'!#REF!>0,'For lab assistants'!#REF!,"") -> #REF! | P4: =IF(Output4SubSamplingSubmiss.!F4>0,Output4SubSamplingSubmiss.!F4,"") -> #REF!
A5: =IF('For lab assistants'!#REF!>0,'For lab assistants'!#REF!,"") -> #REF! | B5: =IF('For lab assistants'!#REF!>0,'For lab assistants'!#REF!,"") -> #REF! | C5: =IF('For lab assistants'!#REF!>0,'For lab assistants'!#REF!,"") -> #REF! | D5: =IF('For lab assistants'!#REF!>0,'For lab assistants'!#REF!,"") -> #REF! | E5: =IF('For lab assistants'!#REF!>0,'For lab assistants'!#REF!,"") -> #REF! | F5: =IF('For lab assistants'!#REF!>0,'For lab assistants'!#REF!,"") -> #REF! | G5: =IF('For lab assistants'!#REF!>0,'For lab assistants'!#REF!,"") -> #REF! | H5: =IF('For lab assistants'!#REF!>0,'For lab assistants'!#REF!,"low") -> #REF! | I5: =IF('For lab assistants'!#REF!>0,'For lab assistants'!#REF!,"no") -> #REF! | J5: =IF('For lab assistants'!#REF!>0,'For lab assistants'!#REF!,"") -> #REF! | K5: =IF('For lab assistants'!#REF!>0,'For lab assistants'!#REF!,"") -> #REF! | L5: =IF('For lab assistants'!#REF!>0,'For lab assistants'!#REF!,"") -> #REF! | M5: =IF('For lab assistants'!#REF!>0,'For lab assistants'!#REF!,"") -> #REF! | N5: =IF('For lab assistants'!#REF!>0,'For lab assistants'!#REF!,"") -> #REF! | O5: =IF('For lab assistants'!#REF!>0,'For lab assistants'!#REF!,"") -> #REF! | P5: =IF(Output4SubSamplingSubmiss.!F5>0,Output4SubSamplingSubmiss.!F5,"") -> #REF!
A6: =IF('For lab assistants'!#REF!>0,'For lab assistants'!#REF!,"") -> #REF! | B6: =IF('For lab assistants'!#REF!>0,'For lab assistants'!#REF!,"") -> #REF! | C6: =IF('For lab assistants'!#REF!>0,'For lab assistants'!#REF!,"") -> #REF! | D6: =IF('For lab assistants'!#REF!>0,'For lab assistants'!#REF!,"") -> #REF! | E6: =IF('For lab assistants'!#REF!>0,'For lab assistants'!#REF!,"") -> #REF! | F6: =IF('For lab assistants'!#REF!>0,'For lab assistants'!#REF!,"") -> #REF! | G6: =IF('For lab assistants'!#REF!>0,'For lab assistants'!#REF!,"") -> #REF! | H6: =IF('For lab assistants'!#REF!>0,'For lab assistants'!#REF!,"low") -> #REF! | I6: =IF('For lab assistants'!#REF!>0,'For lab assistants'!#REF!,"no") -> #REF! | J6: =IF('For lab assistants'!#REF!>0,'For lab assistants'!#REF!,"") -> #REF! | K6: =IF('For lab assistants'!#REF!>0,'For lab assistants'!#REF!,"") -> #REF! | L6: =IF('For lab assistants'!#REF!>0,'For lab assistants'!#REF!,"") -> #REF! | M6: =IF('For lab assistants'!#REF!>0,'For lab assistants'!#REF!,"") -> #REF! | N6: =IF('For lab assistants'!#REF!>0,'For lab assistants'!#REF!,"") -> #REF! | O6: =IF('For lab assistants'!#REF!>0,'For lab assistants'!#REF!,"") -> #REF! | P6: =IF(Output4SubSamplingSubmiss.!F6>0,Output4SubSamplingSubmiss.!F6,"") -> #REF!
A7: =IF('For lab assistants'!#REF!>0,'For lab assistants'!#REF!,"") -> #REF! | B7: =IF('For lab assistants'!#REF!>0,'For lab assistants'!#REF!,"") -> #REF! | C7: =IF('For lab assistants'!#REF!>0,'For lab assistants'!#REF!,"") -> #REF! | D7: =IF('For lab assistants'!#REF!>0,'For lab assistants'!#REF!,"") -> #REF! | E7: =IF('For lab assistants'!#REF!>0,'For lab assistants'!#REF!,"") -> #REF! | F7: =IF('For lab assistants'!#REF!>0,'For lab assistants'!#REF!,"") -> #REF! | G7: =IF('For lab assistants'!#REF!>0,'For lab assistants'!#REF!,"") -> #REF! | H7: =IF('For lab assistants'!#REF!>0,'For lab assistants'!#REF!,"low") -> #REF! | I7: =IF('For lab assistants'!#REF!>0,'For lab assistants'!#REF!,"no") -> #REF! | J7: =IF('For lab assistants'!#REF!>0,'For lab assistants'!#REF!,"") -> #REF! | K7: =IF('For lab assistants'!#REF!>0,'For lab assistants'!#REF!,"") -> #REF! | L7: =IF('For lab assistants'!#REF!>0,'For lab assistants'!#REF!,"") -> #REF! | M7: =IF('For lab assistants'!#REF!>0,'For lab assistants'!#REF!,"") -> #REF! | N7: =IF('For lab assistants'!#REF!>0,'For lab assistants'!#REF!,"") -> #REF! | O7: =IF('For lab assistants'!#REF!>0,'For lab assistants'!#REF!,"") -> #REF! | P7: =IF(Output4SubSamplingSubmiss.!F7>0,Output4SubSamplingSubmiss.!F7,"") -> #REF!
A8: =IF('For lab assistants'!#REF!>0,'For lab assistants'!#REF!,"") -> #REF! | B8: =IF('For lab assistants'!#REF!>0,'For lab assistants'!#REF!,"") -> #REF! | C8: =IF('For lab assistants'!#REF!>0,'For lab assistants'!#REF!,"") -> #REF! | D8: =IF('For lab assistants'!#REF!>0,'For lab assistants'!#REF!,"") -> #REF! | E8: =IF('For lab assistants'!#REF!>0,'For lab assistants'!#REF!,"") -> #REF! | F8: =IF('For lab assistants'!#REF!>0,'For lab assistants'!#REF!,"") -> #REF! | G8: =IF('For lab assistants'!#REF!>0,'For lab assistants'!#REF!,"") -> #REF! | H8: =IF('For lab assistants'!#REF!>0,'For lab assistants'!#REF!,"low") -> #REF! | I8: =IF('For lab assistants'!#REF!>0,'For lab assistants'!#REF!,"no") -> #REF! | J8: =IF('For lab assistants'!#REF!>0,'For lab assistants'!#REF!,"") -> #REF! | K8: =IF('For lab assistants'!#REF!>0,'For lab assistants'!#REF!,"") -> #REF! | L8: =IF('For lab assistants'!#REF!>0,'For lab assistants'!#REF!,"") -> #REF! | M8: =IF('For lab assistants'!#REF!>0,'For lab assistants'!#REF!,"") -> #REF! | N8: =IF('For lab assistants'!#REF!>0,'For lab assistants'!#REF!,"") -> #REF! | O8: =IF('For lab assistants'!#REF!>0,'For lab assistants'!#REF!,"") -> #REF! | P8: =IF(Output4SubSamplingSubmiss.!F8>0,Output4SubSamplingSubmiss.!F8,"") -> #REF!
A9: =IF('For lab assistants'!#REF!>0,'For lab assistants'!#REF!,"") -> #REF! | B9: =IF('For lab assistants'!#REF!>0,'For lab assistants'!#REF!,"") -> #REF! | C9: =IF('For lab assistants'!#REF!>0,'For lab assistants'!#REF!,"") -> #REF! | D9: =IF('For lab assistants'!#REF!>0,'For lab assistants'!#REF!,"") -> #REF! | E9: =IF('For lab assistants'!#REF!>0,'For lab assistants'!#REF!,"") -> #REF! | F9: =IF('For lab assistants'!#REF!>0,'For lab assistants'!#REF!,"") -> #REF! | G9: =IF('For lab assistants'!#REF!>0,'For lab assistants'!#REF!,"") -> #REF! | H9: =IF('For lab assistants'!#REF!>0,'For lab assistants'!#REF!,"low") -> #REF! | I9: =IF('For lab assistants'!#REF!>0,'For lab assistants'!#REF!,"no") -> #REF! | J9: =IF('For lab assistants'!#REF!>0,'For lab assistants'!#REF!,"") -> #REF! | K9: =IF('For lab assistants'!#REF!>0,'For lab assistants'!#REF!,"") -> #REF! | L9: =IF('For lab assistants'!#REF!>0,'For lab assistants'!#REF!,"") -> #REF! | M9: =IF('For lab assistants'!#REF!>0,'For lab assistants'!#REF!,"") -> #REF! | N9: =IF('For lab assistants'!#REF!>0,'For lab assistants'!#REF!,"") -> #REF! | O9: =IF('For lab assistants'!#REF!>0,'For lab assistants'!#REF!,"") -> #REF! | P9: =IF(Output4SubSamplingSubmiss.!F9>0,Output4SubSamplingSubmiss.!F9,"") -> #REF!
A10: =IF('For lab assistants'!#REF!>0,'For lab assistants'!#REF!,"") -> #REF! | B10: =IF('For lab assistants'!#REF!>0,'For lab assistants'!#REF!,"") -> #REF! | C10: =IF('For lab assistants'!#REF!>0,'For lab assistants'!#REF!,"") -> #REF! | D10: =IF('For lab assistants'!#REF!>0,'For lab assistants'!#REF!,"") -> #REF! | E10: =IF('For lab assistants'!#REF!>0,'For lab assistants'!#REF!,"") -> #REF! | F10: =IF('For lab assistants'!#REF!>0,'For lab assistants'!#REF!,"") -> #REF! | G10: =IF('For lab assistants'!#REF!>0,'For lab assistants'!#REF!,"") -> #REF! | H10: =IF('For lab assistants'!#REF!>0,'For lab assistants'!#REF!,"low") -> #REF! | I10: =IF('For lab assistants'!#REF!>0,'For lab assistants'!#REF!,"no") -> #REF! | J10: =IF('For lab assistants'!#REF!>0,'For lab assistants'!#REF!,"") -> #REF! | K10: =IF('For lab assistants'!#REF!>0,'For lab assistants'!#REF!,"") -> #REF! | L10: =IF('For lab assistants'!#REF!>0,'For lab assistants'!#REF!,"") -> #REF! | M10: =IF('For lab assistants'!#REF!>0,'For lab assistants'!#REF!,"") -> #REF! | N10: =IF('For lab assistants'!#REF!>0,'For lab assistants'!#REF!,"") -> #REF! | O10: =IF('For lab assistants'!#REF!>0,'For lab assistants'!#REF!,"") -> #REF! | P10: =IF(Output4SubSamplingSubmiss.!F10>0,Output4SubSamplingSubmiss.!F10,"") -> #REF!
A11: =IF('For lab assistants'!#REF!>0,'For lab assistants'!#REF!,"") -> #REF! | B11: =IF('For lab assistants'!#REF!>0,'For lab assistants'!#REF!,"") -> #REF! | C11: =IF('For lab assistants'!#REF!>0,'For lab assistants'!#REF!,"") -> #REF! | D11: =IF('For lab assistants'!#REF!>0,'For lab assistants'!#REF!,"") -> #REF! | E11: =IF('For lab assistants'!#REF!>0,'For lab assistants'!#REF!,"") -> #REF! | F11: =IF('For lab assistants'!#REF!>0,'For lab assistants'!#REF!,"") -> #REF! | G11: =IF('For lab assistants'!#REF!>0,'For lab assistants'!#REF!,"") -> #REF! | H11: =IF('For lab assistants'!#REF!>0,'For lab assistants'!#REF!,"low") -> #REF! | I11: =IF('For lab assistants'!#REF!>0,'For lab assistants'!#REF!,"no") -> #REF! | J11: =IF('For lab assistants'!#REF!>0,'For lab assistants'!#REF!,"") -> #REF! | K11: =IF('For lab assistants'!#REF!>0,'For lab assistants'!#REF!,"") -> #REF! | L11: =IF('For lab assistants'!#REF!>0,'For lab assistants'!#REF!,"") -> #REF! | M11: =IF('For lab assistants'!#REF!>0,'For lab assistants'!#REF!,"") -> #REF! | N11: =IF('For lab assistants'!#REF!>0,'For lab assistants'!#REF!,"") -> #REF! | O11: =IF('For lab assistants'!#REF!>0,'For lab assistants'!#REF!,"") -> #REF! | P11: =IF(Output4SubSamplingSubmiss.!F11>0,Output4SubSamplingSubmiss.!F11,"") -> #REF!
A12: =IF('For lab assistants'!#REF!>0,'For lab assistants'!#REF!,"") -> #REF! | B12: =IF('For lab assistants'!#REF!>0,'For lab assistants'!#REF!,"") -> #REF! | C12: =IF('For lab assistants'!#REF!>0,'For lab assistants'!#REF!,"") -> #REF! | D12: =IF('For lab assistants'!#REF!>0,'For lab assistants'!#REF!,"") -> #REF! | E12: =IF('For lab assistants'!#REF!>0,'For lab assistants'!#REF!,"") -> #REF! | F12: =IF('For lab assistants'!#REF!>0,'For lab assistants'!#REF!,"") -> #REF! | G12: =IF('For lab assistants'!#REF!>0,'For lab assistants'!#REF!,"") -> #REF! | H12: =IF('For lab assistants'!#REF!>0,'For lab assistants'!#REF!,"low") -> #REF! | I12: =IF('For lab assistants'!#REF!>0,'For lab assistants'!#REF!,"no") -> #REF! | J12: =IF('For lab assistants'!#REF!>0,'For lab assistants'!#REF!,"") -> #REF! | K12: =IF('For lab assistants'!#REF!>0,'For lab assistants'!#REF!,"") -> #REF! | L12: =IF('For lab assistants'!#REF!>0,'For lab assistants'!#REF!,"") -> #REF! | M12: =IF('For lab assistants'!#REF!>0,'For lab assistants'!#REF!,"") -> #REF! | N12: =IF('For lab assistants'!#REF!>0,'For lab assistants'!#REF!,"") -> #REF! | O12: =IF('For lab assistants'!#REF!>0,'For lab assistants'!#REF!,"") -> #REF! | P12: =IF(Output4SubSamplingSubmiss.!F12>0,Output4SubSamplingSubmiss.!F12,"") -> #REF!
A13: =IF('For lab assistants'!#REF!>0,'For lab assistants'!#REF!,"") -> #REF! | B13: =IF('For lab assistants'!#REF!>0,'For lab assistants'!#REF!,"") -> #REF! | C13: =IF('For lab assistants'!#REF!>0,'For lab assistants'!#REF!,"") -> #REF! | D13: =IF('For lab assistants'!#REF!>0,'For lab assistants'!#REF!,"") -> #REF! | E13: =IF('For lab assistants'!#REF!>0,'For lab assistants'!#REF!,"") -> #REF! | F13: =IF('For lab assistants'!#REF!>0,'For lab assistants'!#REF!,"") -> #REF! | G13: =IF('For lab assistants'!#REF!>0,'For lab assistants'!#REF!,"") -> #REF! | H13: =IF('For lab assistants'!#REF!>0,'For lab assistants'!#REF!,"low") -> #REF! | I13: =IF('For lab assistants'!#REF!>0,'For lab assistants'!#REF!,"no") -> #REF! | J13: =IF('For lab assistants'!#REF!>0,'For lab assistants'!#REF!,"") -> #REF! | K13: =IF('For lab assistants'!#REF!>0,'For lab assistants'!#REF!,"") -> #REF! | L13: =IF('For lab assistants'!#REF!>0,'For lab assistants'!#REF!,"") -> #REF! | M13: =IF('For lab assistants'!#REF!>0,'For lab assistants'!#REF!,"") -> #REF! | N13: =IF('For lab assistants'!#REF!>0,'For lab assistants'!#REF!,"") -> #REF! | O13: =IF('For lab assistants'!#REF!>0,'For lab assistants'!#REF!,"") -> #REF! | P13: =IF(Output4SubSamplingSubmiss.!F13>0,Output4SubSamplingSubmiss.!F13,"") -> #REF!
... A19: =IF('For lab assistants'!#REF!>0,'For lab assistants'!#REF!,"") -> #REF! | B19: =IF('For lab assistants'!#REF!>0,'For lab assistants'!#REF!,"") -> #REF! | C19: =IF('For lab assistants'!#REF!>0,'For lab assistants'!#REF!,"") -> #REF! | D19: =IF('For lab assistants'!#REF!>0,'For lab assistants'!#REF!,"") -> #REF! | E19: =IF('For lab assistants'!#REF!>0,'For lab assistants'!#REF!,"") -> #REF! | F19: =IF('For lab assistants'!#REF!>0,'For lab assistants'!#REF!,"") -> #REF! | G19: =IF('For lab assistants'!#REF!>0,'For lab assistants'!#REF!,"") -> #REF! | H19: =IF('For lab assistants'!#REF!>0,'For lab assistants'!#REF!,"low") -> #REF! | I19: =IF('For lab assistants'!#REF!>0,'For lab assistants'!#REF!,"no") -> #REF! | J19: =IF('For lab assistants'!#REF!>0,'For lab assistants'!#REF!,"") -> #REF! | K19: =IF('For lab assistants'!#REF!>0,'For lab assistants'!#REF!,"") -> #REF! | L19: =IF('For lab assistants'!#REF!>0,'For lab assistants'!#REF!,"") -> #REF! | M19: =IF('For lab assistants'!#REF!>0,'For lab assistants'!#REF!,"") -> #REF! | N19: =IF('For lab assistants'!#REF!>0,'For lab assistants'!#REF!,"") -> #REF! | O19: =IF('For lab assistants'!#REF!>0,'For lab assistants'!#REF!,"") -> #REF! | P19: =IF(Output4SubSamplingSubmiss.!F19>0,Output4SubSamplingSubmiss.!F19,"") -> #REF!
A20: =IF('For lab assistants'!D2>0,'For lab assistants'!D2,"") -> LV3005887701 | B20: =IF('For lab assistants'!D2>0,'For lab assistants'!A2,"") -> C05 | C20: =IF('For lab assistants'!B2>0,'For lab assistants'!B2,"") -> ARack0457 | D20: =IF('For lab assistants'!C2>0,'For lab assistants'!C2,"") -> LVL600038007 | E20: =IF('For lab assistants'!O2>0,'For lab assistants'!O2,"") -> CAM2205A | F20: =IF('For lab assistants'!E2>0,'For lab assistants'!E2,"") -> 0.5 | G20: =IF('For lab assistants'!P2>0,'For lab assistants'!P2,"") | H20: =IF('For lab assistants'!F2>0,'For lab assistants'!F2,"low") -> high | I20: =IF('For lab assistants'!G2>0,'For lab assistants'!G2,"no") -> no | J20: =IF('For lab assistants'!H2>0,'For lab assistants'!H2,"") | K20: =IF('For lab assistants'!I2>0,'For lab assistants'!I2,"") -> FM | L20: =IF('For lab assistants'!J2>0,'For lab assistants'!J2,"") -> - | M20: =IF('For lab assistants'!K2>0,'For lab assistants'!K2,"") -> 45229 | N20: =IF('For lab assistants'!D2>0,'For lab assistants'!M2,"") -> NKL | O20: =IF('For lab assistants'!D2>0,'For lab assistants'!N2,"") -> 45226 | P20: =IF(Output4SubSamplingSubmiss.!F20>0,Output4SubSamplingSubmiss.!F20,"")
A21: =IF('For lab assistants'!D3>0,'For lab assistants'!D3,"") -> LV3005887607 | B21: =IF('For lab assistants'!D3>0,'For lab assistants'!A3,"") -> D05 | C21: =IF('For lab assistants'!B3>0,'For lab assistants'!B3,"") -> ARack0457 | D21: =IF('For lab assistants'!C3>0,'For lab assistants'!C3,"") -> LVL600038007 | E21: =IF('For lab assistants'!O3>0,'For lab assistants'!O3,"") -> CAM2205A | F21: =IF('For lab assistants'!E3>0,'For lab assistants'!E3,"") -> 1.5 | G21: =IF('For lab assistants'!P3>0,'For lab assistants'!P3,"") | H21: =IF('For lab assistants'!F3>0,'For lab assistants'!F3,"low") -> high | I21: =IF('For lab assistants'!G3>0,'For lab assistants'!G3,"no") -> no | J21: =IF('For lab assistants'!H3>0,'For lab assistants'!H3,"") | K21: =IF('For lab assistants'!I3>0,'For lab assistants'!I3,"") -> FM | L21: =IF('For lab assistants'!J3>0,'For lab assistants'!J3,"") -> - | M21: =IF('For lab assistants'!K3>0,'For lab assistants'!K3,"") -> 45229 | N21: =IF('For lab assistants'!D3>0,'For lab assistants'!M3,"") -> NKL | O21: =IF('For lab assistants'!D3>0,'For lab assistants'!N3,"") -> 45226 | P21: =IF(Output4SubSamplingSubmiss.!F21>0,Output4SubSamplingSubmiss.!F21,"")
A22: =IF('For lab assistants'!D4>0,'For lab assistants'!D4,"") -> LV3005887608 | B22: =IF('For lab assistants'!D4>0,'For lab assistants'!A4,"") -> A06 | C22: =IF('For lab assistants'!B4>0,'For lab assistants'!B4,"") -> ARack0457 | D22: =IF('For lab assistants'!C4>0,'For lab assistants'!C4,"") -> LVL600038007 | E22: =IF('For lab assistants'!O4>0,'For lab assistants'!O4,"") -> CAM2205A | F22: =IF('For lab assistants'!E4>0,'For lab assistants'!E4,"") -> 3 | G22: =IF('For lab assistants'!P4>0,'For lab assistants'!P4,"") | H22: =IF('For lab assistants'!F4>0,'For lab assistants'!F4,"low") -> high | I22: =IF('For lab assistants'!G4>0,'For lab assistants'!G4,"no") -> no | J22: =IF('For lab assistants'!H4>0,'For lab assistants'!H4,"") | K22: =IF('For lab assistants'!I4>0,'For lab assistants'!I4,"") -> FM | L22: =IF('For lab assistants'!J4>0,'For lab assistants'!J4,"") -> - | M22: =IF('For lab assistants'!K4>0,'For lab assistants'!K4,"") -> 45229 | N22: =IF('For lab assistants'!D4>0,'For lab assistants'!M4,"") -> NKL | O22: =IF('For lab assistants'!D4>0,'For lab assistants'!N4,"") -> 45226 | P22: =IF(Output4SubSamplingSubmiss.!F22>0,Output4SubSamplingSubmiss.!F22,"")
A23: =IF('For lab assistants'!D5>0,'For lab assistants'!D5,"") -> LV3005887602 | B23: =IF('For lab assistants'!D5>0,'For lab assistants'!A5,"") -> B06 | C23: =IF('For lab assistants'!B5>0,'For lab assistants'!B5,"") -> ARack0457 | D23: =IF('For lab assistants'!C5>0,'For lab assistants'!C5,"") -> LVL600038007 | E23: =IF('For lab assistants'!O5>0,'For lab assistants'!O5,"") -> CAM2205A | F23: =IF('For lab assistants'!E5>0,'For lab assistants'!E5,"") -> 4.5 | G23: =IF('For lab assistants'!P5>0,'For lab assistants'!P5,"") | H23: =IF('For lab assistants'!F5>0,'For lab assistants'!F5,"low") -> high | I23: =IF('For lab assistants'!G5>0,'For lab assistants'!G5,"no") -> no | J23: =IF('For lab assistants'!H5>0,'For lab assistants'!H5,"") | K23: =IF('For lab assistants'!I5>0,'For lab assistants'!I5,"") -> FM | L23: =IF('For lab assistants'!J5>0,'For lab assistants'!J5,"") -> - | M23: =IF('For lab assistants'!K5>0,'For lab assistants'!K5,"") -> 45229 | N23: =IF('For lab assistants'!D5>0,'For lab assistants'!M5,"") -> NKL | O23: =IF('For lab assistants'!D5>0,'For lab assistants'!N5,"") -> 45226 | P23: =IF(Output4SubSamplingSubmiss.!F23>0,Output4SubSamplingSubmiss.!F23,"")
A24: =IF('For lab assistants'!D6>0,'For lab assistants'!D6,"") -> LV3005887615 | B24: =IF('For lab assistants'!D6>0,'For lab assistants'!A6,"") -> C06 | C24: =IF('For lab assistants'!B6>0,'For lab assistants'!B6,"") -> ARack0457 | D24: =IF('For lab assistants'!C6>0,'For lab assistants'!C6,"") -> LVL600038007 | E24: =IF('For lab assistants'!O6>0,'For lab assistants'!O6,"") -> CAM2205A | F24: =IF('For lab assistants'!E6>0,'For lab assistants'!E6,"") -> 6 | G24: =IF('For lab assistants'!P6>0,'For lab assistants'!P6,"") | H24: =IF('For lab assistants'!F6>0,'For lab assistants'!F6,"low") -> high | I24: =IF('For lab assistants'!G6>0,'For lab assistants'!G6,"no") -> no | J24: =IF('For lab assistants'!H6>0,'For lab assistants'!H6,"") | K24: =IF('For lab assistants'!I6>0,'For lab assistants'!I6,"") -> FM | L24: =IF('For lab assistants'!J6>0,'For lab assistants'!J6,"") -> - | M24: =IF('For lab assistants'!K6>0,'For lab assistants'!K6,"") -> 45229 | N24: =IF('For lab assistants'!D6>0,'For lab assistants'!M6,"") -> NKL | O24: =IF('For lab assistants'!D6>0,'For lab assistants'!N6,"") -> 45226 | P24: =IF(Output4SubSamplingSubmiss.!F24>0,Output4SubSamplingSubmiss.!F24,"")
A25: =IF('For lab assistants'!D7>0,'For lab assistants'!D7,"") -> LV3005887614 | B25: =IF('For lab assistants'!D7>0,'For lab assistants'!A7,"") -> D06 | C25: =IF('For lab assistants'!B7>0,'For lab assistants'!B7,"") -> ARack0457 | D25: =IF('For lab assistants'!C7>0,'For lab assistants'!C7,"") -> LVL600038007 | E25: =IF('For lab assistants'!O7>0,'For lab assistants'!O7,"") -> CAM2205A | F25: =IF('For lab assistants'!E7>0,'For lab assistants'!E7,"") -> 7.5 | G25: =IF('For lab assistants'!P7>0,'For lab assistants'!P7,"") | H25: =IF('For lab assistants'!F7>0,'For lab assistants'!F7,"low") -> high | I25: =IF('For lab assistants'!G7>0,'For lab assistants'!G7,"no") -> no | J25: =IF('For lab assistants'!H7>0,'For lab assistants'!H7,"") | K25: =IF('For lab assistants'!I7>0,'For lab assistants'!I7,"") -> FM | L25: =IF('For lab assistants'!J7>0,'For lab assistants'!J7,"") -> - | M25: =IF('For lab assistants'!K7>0,'For lab assistants'!K7,"") -> 45229 | N25: =IF('For lab assistants'!D7>0,'For lab assistants'!M7,"") -> NKL | O25: =IF('For lab assistants'!D7>0,'For lab assistants'!N7,"") -> 45226 | P25: =IF(Output4SubSamplingSubmiss.!F25>0,Output4SubSamplingSubmiss.!F25,"")
A26: =IF('For lab assistants'!D8>0,'For lab assistants'!D8,"") -> LV3005887544 | B26: =IF('For lab assistants'!D8>0,'For lab assistants'!A8,"") -> A01 | C26: =IF('For lab assistants'!B8>0,'For lab assistants'!B8,"") -> ARack0459 | D26: =IF('For lab assistants'!C8>0,'For lab assistants'!C8,"") -> LVL600038005 | E26: =IF('For lab assistants'!O8>0,'For lab assistants'!O8,"") -> CAM2205A | F26: =IF('For lab assistants'!E8>0,'For lab assistants'!E8,"") -> 9 | G26: =IF('For lab assistants'!P8>0,'For lab assistants'!P8,"") | H26: =IF('For lab assistants'!F8>0,'For lab assistants'!F8,"low") -> high | I26: =IF('For lab assistants'!G8>0,'For lab assistants'!G8,"no") -> no | J26: =IF('For lab assistants'!H8>0,'For lab assistants'!H8,"") | K26: =IF('For lab assistants'!I8>0,'For lab assistants'!I8,"") -> FM | L26: =IF('For lab assistants'!J8>0,'For lab assistants'!J8,"") -> - | M26: =IF('For lab assistants'!K8>0,'For lab assistants'!K8,"") -> 45229 | N26: =IF('For lab assistants'!D8>0,'For lab assistants'!M8,"") -> NKL | O26: =IF('For lab assistants'!D8>0,'For lab assistants'!N8,"") -> 45226 | P26: =IF(Output4SubSamplingSubmiss.!F26>0,Output4SubSamplingSubmiss.!F26,"")
A27: =IF('For lab assistants'!D9>0,'For lab assistants'!D9,"") -> LV3005887550 | B27: =IF('For lab assistants'!D9>0,'For lab assistants'!A9,"") -> B01 | C27: =IF('For lab assistants'!B9>0,'For lab assistants'!B9,"") -> ARack0459 | D27: =IF('For lab assistants'!C9>0,'For lab assistants'!C9,"") -> LVL600038005 | E27: =IF('For lab assistants'!O9>0,'For lab assistants'!O9,"") -> CAM2205A | F27: =IF('For lab assistants'!E9>0,'For lab assistants'!E9,"") -> 10.5 | G27: =IF('For lab assistants'!P9>0,'For lab assistants'!P9,"") | H27: =IF('For lab assistants'!F9>0,'For lab assistants'!F9,"low") -> high | I27: =IF('For lab assistants'!G9>0,'For lab assistants'!G9,"no") -> no | J27: =IF('For lab assistants'!H9>0,'For lab assistants'!H9,"") | K27: =IF('For lab assistants'!I9>0,'For lab assistants'!I9,"") -> FM | L27: =IF('For lab assistants'!J9>0,'For lab assistants'!J9,"") -> - | M27: =IF('For lab assistants'!K9>0,'For lab assistants'!K9,"") -> 45229 | N27: =IF('For lab assistants'!D9>0,'For lab assistants'!M9,"") -> NKL | O27: =IF('For lab assistants'!D9>0,'For lab assistants'!N9,"") -> 45226 | P27: =IF(Output4SubSamplingSubmiss.!F27>0,Output4SubSamplingSubmiss.!F27,"")
A28: =IF('For lab assistants'!D10>0,'For lab assistants'!D10,"") -> LV3005887556 | B28: =IF('For lab assistants'!D10>0,'For lab assistants'!A10,"") -> C01 | C28: =IF('For lab assistants'!B10>0,'For lab assistants'!B10,"") -> ARack0459 | D28: =IF('For lab assistants'!C10>0,'For lab assistants'!C10,"") -> LVL600038005 | E28: =IF('For lab assistants'!O10>0,'For lab assistants'!O10,"") -> CAM2205A | F28: =IF('For lab assistants'!E10>0,'For lab assistants'!E10,"") -> 12 | G28: =IF('For lab assistants'!P10>0,'For lab assistants'!P10,"") | H28: =IF('For lab assistants'!F10>0,'For lab assistants'!F10,"low") -> high | I28: =IF('For lab assistants'!G10>0,'For lab assistants'!G10,"no") -> no | J28: =IF('For lab assistants'!H10>0,'For lab assistants'!H10,"") | K28: =IF('For lab assistants'!I10>0,'For lab assistants'!I10,"") -> FM | L28: =IF('For lab assistants'!J10>0,'For lab assistants'!J10,"") -> - | M28: =IF('For lab assistants'!K10>0,'For lab assistants'!K10,"") -> 45229 | N28: =IF('For lab assistants'!D10>0,'For lab assistants'!M10,"") -> NKL | O28: =IF('For lab assistants'!D10>0,'For lab assistants'!N10,"") -> 45226 | P28: =IF(Output4SubSamplingSubmiss.!F28>0,Output4SubSamplingSubmiss.!F28,"")
A29: =IF('For lab assistants'!D11>0,'For lab assistants'!D11,"") -> LV3005887563 | B29: =IF('For lab assistants'!D11>0,'For lab assistants'!A11,"") -> D01 | C29: =IF('For lab assistants'!B11>0,'For lab assistants'!B11,"") -> ARack0459 | D29: =IF('For lab assistants'!C11>0,'For lab assistants'!C11,"") -> LVL600038005 | E29: =IF('For lab assistants'!O11>0,'For lab assistants'!O11,"") -> CAM2205A | F29: =IF('For lab assistants'!E11>0,'For lab assistants'!E11,"") -> 13.5 | G29: =IF('For lab assistants'!P11>0,'For lab assistants'!P11,"") | H29: =IF('For lab assistants'!F11>0,'For lab assistants'!F11,"low") -> high | I29: =IF('For lab assistants'!G11>0,'For lab assistants'!G11,"no") -> no | J29: =IF('For lab assistants'!H11>0,'For lab assistants'!H11,"") | K29: =IF('For lab assistants'!I11>0,'For lab assistants'!I11,"") -> FM | L29: =IF('For lab assistants'!J11>0,'For lab assistants'!J11,"") -> - | M29: =IF('For lab assistants'!K11>0,'For lab assistants'!K11,"") -> 45229 | N29: =IF('For lab assistants'!D11>0,'For lab assistants'!M11,"") -> NKL | O29: =IF('For lab assistants'!D11>0,'For lab assistants'!N11,"") -> 45226 | P29: =IF(Output4SubSamplingSubmiss.!F29>0,Output4SubSamplingSubmiss.!F29,"")
A30: =IF('For lab assistants'!D12>0,'For lab assistants'!D12,"") -> LV3005887543 | B30: =IF('For lab assistants'!D12>0,'For lab assistants'!A12,"") -> A02 | C30: =IF('For lab assistants'!B12>0,'For lab assistants'!B12,"") -> ARack0459 | D30: =IF('For lab assistants'!C12>0,'For lab assistants'!C12,"") -> LVL600038005 | E30: =IF('For lab assistants'!O12>0,'For lab assistants'!O12,"") -> CAM2205A | F30: =IF('For lab assistants'!E12>0,'For lab assistants'!E12,"") -> 15 | G30: =IF('For lab assistants'!P12>0,'For lab assistants'!P12,"") | H30: =IF('For lab assistants'!F12>0,'For lab assistants'!F12,"low") -> high | I30: =IF('For lab assistants'!G12>0,'For lab assistants'!G12,"no") -> no | J30: =IF('For lab assistants'!H12>0,'For lab assistants'!H12,"") | K30: =IF('For lab assistants'!I12>0,'For lab assistants'!I12,"") -> FM | L30: =IF('For lab assistants'!J12>0,'For lab assistants'!J12,"") -> - | M30: =IF('For lab assistants'!K12>0,'For lab assistants'!K12,"") -> 45229 | N30: =IF('For lab assistants'!D12>0,'For lab assistants'!M12,"") -> NKL | O30: =IF('For lab assistants'!D12>0,'For lab assistants'!N12,"") -> 45226 | P30: =IF(Output4SubSamplingSubmiss.!F30>0,Output4SubSamplingSubmiss.!F30,"")
A31: =IF('For lab assistants'!D13>0,'For lab assistants'!D13,"") -> LV3005887549 | B31: =IF('For lab assistants'!D13>0,'For lab assistants'!A13,"") -> B02 | C31: =IF('For lab assistants'!B13>0,'For lab assistants'!B13,"") -> ARack0459 | D31: =IF('For lab assistants'!C13>0,'For lab assistants'!C13,"") -> LVL600038005 | E31: =IF('For lab assistants'!O13>0,'For lab assistants'!O13,"") -> CAM2205A | F31: =IF('For lab assistants'!E13>0,'For lab assistants'!E13,"") -> 17 | G31: =IF('For lab assistants'!P13>0,'For lab assistants'!P13,"") | H31: =IF('For lab assistants'!F13>0,'For lab assistants'!F13,"low") -> high | I31: =IF('For lab assistants'!G13>0,'For lab assistants'!G13,"no") -> no | J31: =IF('For lab assistants'!H13>0,'For lab assistants'!H13,"") | K31: =IF('For lab assistants'!I13>0,'For lab assistants'!I13,"") -> FM | L31: =IF('For lab assistants'!J13>0,'For lab assistants'!J13,"") -> - | M31: =IF('For lab assistants'!K13>0,'For lab assistants'!K13,"") -> 45229 | N31: =IF('For lab assistants'!D13>0,'For lab assistants'!M13,"") -> NKL | O31: =IF('For lab assistants'!D13>0,'For lab assistants'!N13,"") -> 45226 | P31: =IF(Output4SubSamplingSubmiss.!F31>0,Output4SubSamplingSubmiss.!F31,"")
... A73: =IF('For lab assistants'!D55>0,'For lab assistants'!D55,"") -> LV3005887508 | B73: =IF('For lab assistants'!D55>0,'For lab assistants'!A55,"") -> D06 | C73: =IF('For lab assistants'!B55>0,'For lab assistants'!B55,"") -> ARack0460 | D73: =IF('For lab assistants'!C55>0,'For lab assistants'!C55,"") -> LVL600038004 | E73: =IF('For lab assistants'!O55>0,'For lab assistants'!O55,"") -> CAM2205A | F73: =IF('For lab assistants'!E55>0,'For lab assistants'!E55,"") -> 80 | G73: =IF('For lab assistants'!P55>0,'For lab assistants'!P55,"") | H73: =IF('For lab assistants'!F55>0,'For lab assistants'!F55,"low") -> low | I73: =IF('For lab assistants'!G55>0,'For lab assistants'!G55,"no") -> no | J73: =IF('For lab assistants'!H55>0,'For lab assistants'!H55,"") | K73: =IF('For lab assistants'!I55>0,'For lab assistants'!I55,"") -> FM | L73: =IF('For lab assistants'!J55>0,'For lab assistants'!J55,"") -> - | M73: =IF('For lab assistants'!K55>0,'For lab assistants'!K55,"") -> 45229 | N73: =IF('For lab assistants'!D55>0,'For lab assistants'!M55,"") -> NKL | O73: =IF('For lab assistants'!D55>0,'For lab assistants'!N55,"") -> 45226 | P73: =IF(Output4SubSamplingSubmiss.!F73>0,Output4SubSamplingSubmiss.!F73,"")
A74: =IF('For lab assistants'!D56>0,'For lab assistants'!D56,"") -> LV3005888149 | B74: =IF('For lab assistants'!E60>0,'For lab assistants'!A56,"") -> A01 | C74: =IF('For lab assistants'!B56>0,'For lab assistants'!B56,"") -> ARack0461 | D74: =IF('For lab assistants'!C56>0,'For lab assistants'!C56,"") -> LVL600038029 | E74: =IF('For lab assistants'!O56>0,'For lab assistants'!O56,"") -> CAM2205A | F74: =IF('For lab assistants'!E56>0,'For lab assistants'!E56,"") -> 81.5 | G74: =IF('For lab assistants'!P56>0,'For lab assistants'!P56,"") | H74: =IF('For lab assistants'!F56>0,'For lab assistants'!F56,"low") -> low | I74: =IF('For lab assistants'!G56>0,'For lab assistants'!G56,"no") -> no | J74: =IF('For lab assistants'!H56>0,'For lab assistants'!H56,"") | K74: =IF('For lab assistants'!I56>0,'For lab assistants'!I56,"") -> FM | L74: =IF('For lab assistants'!J56>0,'For lab assistants'!J56,"") -> - | M74: =IF('For lab assistants'!K56>0,'For lab assistants'!K56,"") -> 45229 | N74: =IF('For lab assistants'!E60>0,'For lab assistants'!M56,"") -> NKL | O74: =IF('For lab assistants'!E60>0,'For lab assistants'!N56,"") -> 45226 | P74: =IF(Output4SubSamplingSubmiss.!F74>0,Output4SubSamplingSubmiss.!F74,"")
A75: =IF('For lab assistants'!D57>0,'For lab assistants'!D57,"") -> LV3005888155 | B75: =IF('For lab assistants'!E61>0,'For lab assistants'!A57,"") -> B01 | C75: =IF('For lab assistants'!B57>0,'For lab assistants'!B57,"") -> ARack0461 | D75: =IF('For lab assistants'!C57>0,'For lab assistants'!C57,"") -> LVL600038029 | E75: =IF('For lab assistants'!O57>0,'For lab assistants'!O57,"") -> CAM2205A | F75: =IF('For lab assistants'!E57>0,'For lab assistants'!E57,"") -> 83 | G75: =IF('For lab assistants'!P57>0,'For lab assistants'!P57,"") | H75: =IF('For lab assistants'!F57>0,'For lab assistants'!F57,"low") -> low | I75: =IF('For lab assistants'!G57>0,'For lab assistants'!G57,"no") -> no | J75: =IF('For lab assistants'!H57>0,'For lab assistants'!H57,"") | K75: =IF('For lab assistants'!I57>0,'For lab assistants'!I57,"") -> FM | L75: =IF('For lab assistants'!J57>0,'For lab assistants'!J57,"") -> - | M75: =IF('For lab assistants'!K57>0,'For lab assistants'!K57,"") -> 45229 | N75: =IF('For lab assistants'!E61>0,'For lab assistants'!M57,"") -> NKL | O75: =IF('For lab assistants'!E61>0,'For lab assistants'!N57,"") -> 45226 | P75: =IF(Output4SubSamplingSubmiss.!F75>0,Output4SubSamplingSubmiss.!F75,"")
A76: =IF('For lab assistants'!D58>0,'For lab assistants'!D58,"") -> LV3005888161 | B76: =IF('For lab assistants'!E62>0,'For lab assistants'!A58,"") -> C01 | C76: =IF('For lab assistants'!B58>0,'For lab assistants'!B58,"") -> ARack0461 | D76: =IF('For lab assistants'!C58>0,'For lab assistants'!C58,"") -> LVL600038029 | E76: =IF('For lab assistants'!O58>0,'For lab assistants'!O58,"") -> CAM2205A | F76: =IF('For lab assistants'!E58>0,'For lab assistants'!E58,"") -> 85 | G76: =IF('For lab assistants'!P58>0,'For lab assistants'!P58,"") | H76: =IF('For lab assistants'!F58>0,'For lab assistants'!F58,"low") -> low | I76: =IF('For lab assistants'!G58>0,'For lab assistants'!G58,"no") -> no | J76: =IF('For lab assistants'!H58>0,'For lab assistants'!H58,"") | K76: =IF('For lab assistants'!I58>0,'For lab assistants'!I58,"") -> FM | L76: =IF('For lab assistants'!J58>0,'For lab assistants'!J58,"") -> - | M76: =IF('For lab assistants'!K58>0,'For lab assistants'!K58,"") -> 45229 | N76: =IF('For lab assistants'!E62>0,'For lab assistants'!M58,"") -> NKL | O76: =IF('For lab assistants'!E62>0,'For lab assistants'!N58,"") -> 45226 | P76: =IF(Output4SubSamplingSubmiss.!F76>0,Output4SubSamplingSubmiss.!F76,"")
A77: =IF('For lab assistants'!D59>0,'For lab assistants'!D59,"") -> LV3005888167 | B77: =IF('For lab assistants'!D59>0,'For lab assistants'!A59,"") -> D01 | C77: =IF('For lab assistants'!B59>0,'For lab assistants'!B59,"") -> ARack0461 | D77: =IF('For lab assistants'!C59>0,'For lab assistants'!C59,"") -> LVL600038029 | E77: =IF('For lab assistants'!O59>0,'For lab assistants'!O59,"") -> CAM2205A | F77: =IF('For lab assistants'!E59>0,'For lab assistants'!E59,"") -> 86.5 | G77: =IF('For lab assistants'!P59>0,'For lab assistants'!P59,"") | H77: =IF('For lab assistants'!F59>0,'For lab assistants'!F59,"low") -> low | I77: =IF('For lab assistants'!G59>0,'For lab assistants'!G59,"no") -> no | J77: =IF('For lab assistants'!H59>0,'For lab assistants'!H59,"") | K77: =IF('For lab assistants'!I59>0,'For lab assistants'!I59,"") -> FM | L77: =IF('For lab assistants'!J59>0,'For lab assistants'!J59,"") -> - | M77: =IF('For lab assistants'!K59>0,'For lab assistants'!K59,"") -> 45229 | N77: =IF('For lab assistants'!D59>0,'For lab assistants'!M59,"") -> NKL | O77: =IF('For lab assistants'!D59>0,'For lab assistants'!N59,"") -> 45226 | P77: =IF(Output4SubSamplingSubmiss.!F77>0,Output4SubSamplingSubmiss.!F77,"")
A78: =IF('For lab assistants'!D60>0,'For lab assistants'!D60,"") -> LV3005888166 | B78: =IF('For lab assistants'!D60>0,'For lab assistants'!A60,"") -> A02 | C78: =IF('For lab assistants'!B60>0,'For lab assistants'!B60,"") -> ARack0461 | D78: =IF('For lab assistants'!C60>0,'For lab assistants'!C60,"") -> LVL600038029 | E78: =IF('For lab assistants'!O60>0,'For lab assistants'!O60,"") -> CAM2205A | F78: =IF('For lab assistants'!E60>0,'For lab assistants'!E60,"") -> 88 | G78: =IF('For lab assistants'!P60>0,'For lab assistants'!P60,"") | H78: =IF('For lab assistants'!F60>0,'For lab assistants'!F60,"low") -> low | I78: =IF('For lab assistants'!G60>0,'For lab assistants'!G60,"no") -> no | J78: =IF('For lab assistants'!H60>0,'For lab assistants'!H60,"") | K78: =IF('For lab assistants'!I60>0,'For lab assistants'!I60,"") -> FM | L78: =IF('For lab assistants'!J60>0,'For lab assistants'!J60,"") -> - | M78: =IF('For lab assistants'!K60>0,'For lab assistants'!K60,"") -> 45229 | N78: =IF('For lab assistants'!D60>0,'For lab assistants'!M60,"") -> NKL | O78: =IF('For lab assistants'!D60>0,'For lab assistants'!N60,"") -> 45226 | P78: =IF(Output4SubSamplingSubmiss.!F78>0,Output4SubSamplingSubmiss.!F78,"")
A79: =IF('For lab assistants'!D61>0,'For lab assistants'!D61,"") -> LV3005888148 | B79: =IF('For lab assistants'!D61>0,'For lab assistants'!A61,"") -> B02 | C79: =IF('For lab assistants'!B61>0,'For lab assistants'!B61,"") -> ARack0461 | D79: =IF('For lab assistants'!C61>0,'For lab assistants'!C61,"") -> LVL600038029 | E79: =IF('For lab assistants'!O61>0,'For lab assistants'!O61,"") -> CAM2205A | F79: =IF('For lab assistants'!E61>0,'For lab assistants'!E61,"") -> 90 | G79: =IF('For lab assistants'!P61>0,'For lab assistants'!P61,"") | H79: =IF('For lab assistants'!F61>0,'For lab assistants'!F61,"low") -> low | I79: =IF('For lab assistants'!G61>0,'For lab assistants'!G61,"no") -> no | J79: =IF('For lab assistants'!H61>0,'For lab assistants'!H61,"") | K79: =IF('For lab assistants'!I61>0,'For lab assistants'!I61,"") -> FM | L79: =IF('For lab assistants'!J61>0,'For lab assistants'!J61,"") -> - | M79: =IF('For lab assistants'!K61>0,'For lab assistants'!K61,"") -> 45229 | N79: =IF('For lab assistants'!D61>0,'For lab assistants'!M61,"") -> NKL | O79: =IF('For lab assistants'!D61>0,'For lab assistants'!N61,"") -> 45226 | P79: =IF(Output4SubSamplingSubmiss.!F79>0,Output4SubSamplingSubmiss.!F79,"")
A80: =IF('For lab assistants'!D62>0,'For lab assistants'!D62,"") -> LV3005888165 | B80: =IF('For lab assistants'!D62>0,'For lab assistants'!A62,"") -> C02 | C80: =IF('For lab assistants'!B62>0,'For lab assistants'!B62,"") -> ARack0461 | D80: =IF('For lab assistants'!C62>0,'For lab assistants'!C62,"") -> LVL600038029 | E80: =IF('For lab assistants'!O62>0,'For lab assistants'!O62,"") -> CAM2205A | F80: =IF('For lab assistants'!E62>0,'For lab assistants'!E62,"") -> 91 | G80: =IF('For lab assistants'!P62>0,'For lab assistants'!P62,"") | H80: =IF('For lab assistants'!F62>0,'For lab assistants'!F62,"low") -> low | I80: =IF('For lab assistants'!G62>0,'For lab assistants'!G62,"no") -> no | J80: =IF('For lab assistants'!H62>0,'For lab assistants'!H62,"") | K80: =IF('For lab assistants'!I62>0,'For lab assistants'!I62,"") -> FM | L80: =IF('For lab assistants'!J62>0,'For lab assistants'!J62,"") -> - | M80: =IF('For lab assistants'!K62>0,'For lab assistants'!K62,"") -> 45229 | N80: =IF('For lab assistants'!D62>0,'For lab assistants'!M62,"") -> NKL | O80: =IF('For lab assistants'!D62>0,'For lab assistants'!N62,"") -> 45226 | P80: =IF(Output4SubSamplingSubmiss.!F80>0,Output4SubSamplingSubmiss.!F80,"")
A81: =IF('For lab assistants'!D63>0,'For lab assistants'!D63,"") | B81: =IF('For lab assistants'!D63>0,'For lab assistants'!A63,"") | C81: =IF('For lab assistants'!B63>0,'For lab assistants'!B63,"") | D81: =IF('For lab assistants'!C63>0,'For lab assistants'!C63,"") | E81: =IF('For lab assistants'!#REF!>0,'For lab assistants'!#REF!,"") -> #REF! | F81: =IF('For lab assistants'!E63>0,'For lab assistants'!E63,"") | G81: =IF('For lab assistants'!P63>0,'For lab assistants'!P63,"") | H81: =IF('For lab assistants'!F63>0,'For lab assistants'!F63,"low") -> low | I81: =IF('For lab assistants'!G63>0,'For lab assistants'!G63,"no") -> no | J81: =IF('For lab assistants'!H63>0,'For lab assistants'!H63,"") | K81: =IF('For lab assistants'!I63>0,'For lab assistants'!I63,"") -> FM | L81: =IF('For lab assistants'!J63>0,'For lab assistants'!J63,"") -> - | M81: =IF('For lab assistants'!K63>0,'For lab assistants'!K63,"") -> 45229 | N81: =IF('For lab assistants'!D63>0,'For lab assistants'!M63,"") | O81: =IF('For lab assistants'!D63>0,'For lab assistants'!N63,"") | P81: =IF(Output4SubSamplingSubmiss.!F81>0,Output4SubSamplingSubmiss.!F81,"")
A82: =IF('For lab assistants'!D64>0,'For lab assistants'!D64,"") | B82: =IF('For lab assistants'!D64>0,'For lab assistants'!A64,"") | C82: =IF('For lab assistants'!B64>0,'For lab assistants'!B64,"") | D82: =IF('For lab assistants'!C64>0,'For lab assistants'!C64,"") | E82: =IF('For lab assistants'!O63>0,'For lab assistants'!O63,"") -> CAM2205A | F82: =IF('For lab assistants'!E64>0,'For lab assistants'!E64,"") | G82: =IF('For lab assistants'!P64>0,'For lab assistants'!P64,"") | H82: =IF('For lab assistants'!F64>0,'For lab assistants'!F64,"low") -> low | I82: =IF('For lab assistants'!G64>0,'For lab assistants'!G64,"no") -> no | J82: =IF('For lab assistants'!H64>0,'For lab assistants'!H64,"") | K82: =IF('For lab assistants'!I64>0,'For lab assistants'!I64,"") -> FM | L82: =IF('For lab assistants'!J64>0,'For lab assistants'!J64,"") -> - | M82: =IF('For lab assistants'!K64>0,'For lab assistants'!K64,"") -> 45229 | N82: =IF('For lab assistants'!D64>0,'For lab assistants'!M64,"") | O82: =IF('For lab assistants'!D64>0,'For lab assistants'!N64,"") | P82: =IF(Output4SubSamplingSubmiss.!F82>0,Output4SubSamplingSubmiss.!F82,"")
A83: =IF('For lab assistants'!D65>0,'For lab assistants'!D65,"") | B83: =IF('For lab assistants'!D65>0,'For lab assistants'!A65,"") | C83: =IF('For lab assistants'!B65>0,'For lab assistants'!B65,"") | D83: =IF('For lab assistants'!C65>0,'For lab assistants'!C65,"") | E83: =IF('For lab assistants'!O64>0,'For lab assistants'!O64,"") | F83: =IF('For lab assistants'!E65>0,'For lab assistants'!E65,"") | G83: =IF('For lab assistants'!P65>0,'For lab assistants'!P65,"") | H83: =IF('For lab assistants'!F65>0,'For lab assistants'!F65,"low") -> low | I83: =IF('For lab assistants'!G65>0,'For lab assistants'!G65,"no") -> no | J83: =IF('For lab assistants'!H65>0,'For lab assistants'!H65,"") | K83: =IF('For lab assistants'!I65>0,'For lab assistants'!I65,"") -> FM | L83: =IF('For lab assistants'!J65>0,'For lab assistants'!J65,"") -> - | M83: =IF('For lab assistants'!K65>0,'For lab assistants'!K65,"") -> 45229 | N83: =IF('For lab assistants'!D65>0,'For lab assistants'!M65,"") | O83: =IF('For lab assistants'!D65>0,'For lab assistants'!N65,"") | P83: =IF(Output4SubSamplingSubmiss.!F83>0,Output4SubSamplingSubmiss.!F83,"")
A84: =IF('For lab assistants'!D66>0,'For lab assistants'!D66,"") | B84: =IF('For lab assistants'!D66>0,'For lab assistants'!A66,"") | C84: =IF('For lab assistants'!B66>0,'For lab assistants'!B66,"") | D84: =IF('For lab assistants'!C66>0,'For lab assistants'!C66,"") | E84: =IF('For lab assistants'!O65>0,'For lab assistants'!O65,"") | F84: =IF('For lab assistants'!E66>0,'For lab assistants'!E66,"") | G84: =IF('For lab assistants'!P66>0,'For lab assistants'!P66,"") | H84: =IF('For lab assistants'!F66>0,'For lab assistants'!F66,"low") -> low | I84: =IF('For lab assistants'!G66>0,'For lab assistants'!G66,"no") -> no | J84: =IF('For lab assistants'!H66>0,'For lab assistants'!H66,"") | K84: =IF('For lab assistants'!I66>0,'For lab assistants'!I66,"") -> FM | L84: =IF('For lab assistants'!J66>0,'For lab assistants'!J66,"") -> - | M84: =IF('For lab assistants'!K66>0,'For lab assistants'!K66,"") -> 45229 | N84: =IF('For lab assistants'!D66>0,'For lab assistants'!M66,"") | O84: =IF('For lab assistants'!D66>0,'For lab assistants'!N66,"") | P84: =IF(Output4SubSamplingSubmiss.!F84>0,Output4SubSamplingSubmiss.!F84,"")
A85: =IF('For lab assistants'!D67>0,'For lab assistants'!D67,"") | B85: =IF('For lab assistants'!D67>0,'For lab assistants'!A67,"") | C85: =IF('For lab assistants'!B67>0,'For lab assistants'!B67,"") | D85: =IF('For lab assistants'!C67>0,'For lab assistants'!C67,"") | E85: =IF('For lab assistants'!O66>0,'For lab assistants'!O66,"") | F85: =IF('For lab assistants'!E67>0,'For lab assistants'!E67,"") | G85: =IF('For lab assistants'!P67>0,'For lab assistants'!P67,"") | H85: =IF('For lab assistants'!F67>0,'For lab assistants'!F67,"low") -> low | I85: =IF('For lab assistants'!G67>0,'For lab assistants'!G67,"no") -> no | J85: =IF('For lab assistants'!H67>0,'For lab assistants'!H67,"") | K85: =IF('For lab assistants'!I67>0,'For lab assistants'!I67,"") -> FM | L85: =IF('For lab assistants'!J67>0,'For lab assistants'!J67,"") -> - | M85: =IF('For lab assistants'!K67>0,'For lab assistants'!K67,"") -> 45229 | N85: =IF('For lab assistants'!D67>0,'For lab assistants'!M67,"") | O85: =IF('For lab assistants'!D67>0,'For lab assistants'!N67,"") | P85: =IF(Output4SubSamplingSubmiss.!F85>0,Output4SubSamplingSubmiss.!F85,"")
A86: =IF('For lab assistants'!D68>0,'For lab assistants'!D68,"") | B86: =IF('For lab assistants'!D68>0,'For lab assistants'!A68,"") | C86: =IF('For lab assistants'!B68>0,'For lab assistants'!B68,"") | D86: =IF('For lab assistants'!C68>0,'For lab assistants'!C68,"") | E86: =IF('For lab assistants'!O67>0,'For lab assistants'!O67,"") | F86: =IF('For lab assistants'!E68>0,'For lab assistants'!E68,"") | G86: =IF('For lab assistants'!P68>0,'For lab assistants'!P68,"") | H86: =IF('For lab assistants'!F68>0,'For lab assistants'!F68,"low") -> low | I86: =IF('For lab assistants'!G68>0,'For lab assistants'!G68,"no") -> no | J86: =IF('For lab assistants'!H68>0,'For lab assistants'!H68,"") | K86: =IF('For lab assistants'!I68>0,'For lab assistants'!I68,"") -> FM | L86: =IF('For lab assistants'!J68>0,'For lab assistants'!J68,"") -> - | M86: =IF('For lab assistants'!K68>0,'For lab assistants'!K68,"") -> 45229 | N86: =IF('For lab assistants'!D68>0,'For lab assistants'!M68,"") | O86: =IF('For lab assistants'!D68>0,'For lab assistants'!N68,"") | P86: =IF(Output4SubSamplingSubmiss.!F86>0,Output4SubSamplingSubmiss.!F86,"")
A87: =IF('For lab assistants'!D69>0,'For lab assistants'!D69,"") | B87: =IF('For lab assistants'!D69>0,'For lab assistants'!A69,"") | C87: =IF('For lab assistants'!B69>0,'For lab assistants'!B69,"") | D87: =IF('For lab assistants'!C69>0,'For lab assistants'!C69,"") | E87: =IF('For lab assistants'!O69>0,'For lab assistants'!O69,"") | F87: =IF('For lab assistants'!E69>0,'For lab assistants'!E69,"") | G87: =IF('For lab assistants'!P69>0,'For lab assistants'!P69,"") | H87: =IF('For lab assistants'!F69>0,'For lab assistants'!F69,"low") -> low | I87: =IF('For lab assistants'!G69>0,'For lab assistants'!G69,"no") -> no | J87: =IF('For lab assistants'!H69>0,'For lab assistants'!H69,"") | K87: =IF('For lab assistants'!I69>0,'For lab assistants'!I69,"") -> FM | L87: =IF('For lab assistants'!J69>0,'For lab assistants'!J69,"") -> - | M87: =IF('For lab assistants'!K69>0,'For lab assistants'!K69,"") -> 45229 | N87: =IF('For lab assistants'!D69>0,'For lab assistants'!M69,"") | O87: =IF('For lab assistants'!D69>0,'For lab assistants'!N69,"") | P87: =IF(Output4SubSamplingSubmiss.!F87>0,Output4SubSamplingSubmiss.!F87,"")
A88: =IF('For lab assistants'!D70>0,'For lab assistants'!D70,"") | B88: =IF('For lab assistants'!D70>0,'For lab assistants'!A70,"") | C88: =IF('For lab assistants'!B70>0,'For lab assistants'!B70,"") | D88: =IF('For lab assistants'!C70>0,'For lab assistants'!C70,"") | E88: =IF('For lab assistants'!O70>0,'For lab assistants'!O70,"") | F88: =IF('For lab assistants'!E70>0,'For lab assistants'!E70,"") | G88: =IF('For lab assistants'!P70>0,'For lab assistants'!P70,"") | H88: =IF('For lab assistants'!F70>0,'For lab assistants'!F70,"low") -> low | I88: =IF('For lab assistants'!G70>0,'For lab assistants'!G70,"no") -> no | J88: =IF('For lab assistants'!H70>0,'For lab assistants'!H70,"") | K88: =IF('For lab assistants'!I70>0,'For lab assistants'!I70,"") -> FM | L88: =IF('For lab assistants'!J70>0,'For lab assistants'!J70,"") -> - | M88: =IF('For lab assistants'!K70>0,'For lab assistants'!K70,"") -> 45229 | N88: =IF('For lab assistants'!D70>0,'For lab assistants'!M70,"") | O88: =IF('For lab assistants'!D70>0,'For lab assistants'!N70,"") | P88: =IF(Output4SubSamplingSubmiss.!F88>0,Output4SubSamplingSubmiss.!F88,"")
A89: =IF('For lab assistants'!D71>0,'For lab assistants'!D71,"") | B89: =IF('For lab assistants'!D71>0,'For lab assistants'!A71,"") | C89: =IF('For lab assistants'!B71>0,'For lab assistants'!B71,"") | D89: =IF('For lab assistants'!C71>0,'For lab assistants'!C71,"") | E89: =IF('For lab assistants'!O71>0,'For lab assistants'!O71,"") | F89: =IF('For lab assistants'!E71>0,'For lab assistants'!E71,"") | G89: =IF('For lab assistants'!P71>0,'For lab assistants'!P71,"") | H89: =IF('For lab assistants'!F71>0,'For lab assistants'!F71,"low") -> low | I89: =IF('For lab assistants'!G71>0,'For lab assistants'!G71,"no") -> no | J89: =IF('For lab assistants'!H71>0,'For lab assistants'!H71,"") | K89: =IF('For lab assistants'!I71>0,'For lab assistants'!I71,"") -> FM | L89: =IF('For lab assistants'!J71>0,'For lab assistants'!J71,"") -> - | M89: =IF('For lab assistants'!K71>0,'For lab assistants'!K71,"") -> 45229 | N89: =IF('For lab assistants'!D71>0,'For lab assistants'!M71,"") | O89: =IF('For lab assistants'!D71>0,'For lab assistants'!N71,"") | P89: =IF(Output4SubSamplingSubmiss.!F89>0,Output4SubSamplingSubmiss.!F89,"")
A90: =IF('For lab assistants'!D72>0,'For lab assistants'!D72,"") | B90: =IF('For lab assistants'!D72>0,'For lab assistants'!A72,"") | C90: =IF('For lab assistants'!B72>0,'For lab assistants'!B72,"") | D90: =IF('For lab assistants'!C72>0,'For lab assistants'!C72,"") | E90: =IF('For lab assistants'!O72>0,'For lab assistants'!O72,"") | F90: =IF('For lab assistants'!E72>0,'For lab assistants'!E72,"") | G90: =IF('For lab assistants'!P72>0,'For lab assistants'!P72,"") | H90: =IF('For lab assistants'!F72>0,'For lab assistants'!F72,"low") -> low | I90: =IF('For lab assistants'!G72>0,'For lab assistants'!G72,"no") -> no | J90: =IF('For lab assistants'!H72>0,'For lab assistants'!H72,"") | K90: =IF('For lab assistants'!I72>0,'For lab assistants'!I72,"") -> FM | L90: =IF('For lab assistants'!J72>0,'For lab assistants'!J72,"") -> - | M90: =IF('For lab assistants'!K72>0,'For lab assistants'!K72,"") -> 45229 | N90: =IF('For lab assistants'!D72>0,'For lab assistants'!M72,"") | O90: =IF('For lab assistants'!D72>0,'For lab assistants'!N72,"") | P90: =IF(Output4SubSamplingSubmiss.!F90>0,Output4SubSamplingSubmiss.!F90,"")
A91: =IF('For lab assistants'!D73>0,'For lab assistants'!D73,"") | B91: =IF('For lab assistants'!D73>0,'For lab assistants'!A73,"") | C91: =IF('For lab assistants'!B73>0,'For lab assistants'!B73,"") | D91: =IF('For lab assistants'!C73>0,'For lab assistants'!C73,"") | E91: =IF('For lab assistants'!O73>0,'For lab assistants'!O73,"") | F91: =IF('For lab assistants'!E73>0,'For lab assistants'!E73,"") | G91: =IF('For lab assistants'!P73>0,'For lab assistants'!P73,"") | H91: =IF('For lab assistants'!F73>0,'For lab assistants'!F73,"low") -> low | I91: =IF('For lab assistants'!G73>0,'For lab assistants'!G73,"no") -> no | J91: =IF('For lab assistants'!H73>0,'For lab assistants'!H73,"") | K91: =IF('For lab assistants'!I73>0,'For lab assistants'!I73,"") -> FM | L91: =IF('For lab assistants'!J73>0,'For lab assistants'!J73,"") -> - | M91: =IF('For lab assistants'!K73>0,'For lab assistants'!K73,"") -> 45229 | N91: =IF('For lab assistants'!D73>0,'For lab assistants'!M73,"") | O91: =IF('For lab assistants'!D73>0,'For lab assistants'!N73,"") | P91: =IF(Output4SubSamplingSubmiss.!F91>0,Output4SubSamplingSubmiss.!F91,"")
A92: =IF('For lab assistants'!D74>0,'For lab assistants'!D74,"") | B92: =IF('For lab assistants'!D74>0,'For lab assistants'!A74,"") | C92: =IF('For lab assistants'!B74>0,'For lab assistants'!B74,"") | D92: =IF('For lab assistants'!C74>0,'For lab assistants'!C74,"") | E92: =IF('For lab assistants'!O74>0,'For lab assistants'!O74,"") | F92: =IF('For lab assistants'!E74>0,'For lab assistants'!E74,"") | G92: =IF('For lab assistants'!P74>0,'For lab assistants'!P74,"") | H92: =IF('For lab assistants'!F74>0,'For lab assistants'!F74,"low") -> low | I92: =IF('For lab assistants'!G74>0,'For lab assistants'!G74,"no") -> no | J92: =IF('For lab assistants'!H74>0,'For lab assistants'!H74,"") | K92: =IF('For lab assistants'!I74>0,'For lab assistants'!I74,"") -> FM | L92: =IF('For lab assistants'!J74>0,'For lab assistants'!J74,"") -> - | M92: =IF('For lab assistants'!K74>0,'For lab assistants'!K74,"") -> 45229 | N92: =IF('For lab assistants'!D74>0,'For lab assistants'!M74,"") | O92: =IF('For lab assistants'!D74>0,'For lab assistants'!N74,"") | P92: =IF(Output4SubSamplingSubmiss.!F92>0,Output4SubSamplingSubmiss.!F92,"")
A93: =IF('For lab assistants'!D75>0,'For lab assistants'!D75,"") | B93: =IF('For lab assistants'!D75>0,'For lab assistants'!A75,"") | C93: =IF('For lab assistants'!B75>0,'For lab assistants'!B75,"") | D93: =IF('For lab assistants'!C75>0,'For lab assistants'!C75,"") | E93: =IF('For lab assistants'!O75>0,'For lab assistants'!O75,"") | F93: =IF('For lab assistants'!E75>0,'For lab assistants'!E75,"") | G93: =IF('For lab assistants'!P75>0,'For lab assistants'!P75,"") | H93: =IF('For lab assistants'!F75>0,'For lab assistants'!F75,"low") -> low | I93: =IF('For lab assistants'!G75>0,'For lab assistants'!G75,"no") -> no | J93: =IF('For lab assistants'!H75>0,'For lab assistants'!H75,"") | K93: =IF('For lab assistants'!I75>0,'For lab assistants'!I75,"") -> FM | L93: =IF('For lab assistants'!J75>0,'For lab assistants'!J75,"") -> - | M93: =IF('For lab assistants'!K75>0,'For lab assistants'!K75,"") -> 45229 | N93: =IF('For lab assistants'!D75>0,'For lab assistants'!M75,"") | O93: =IF('For lab assistants'!D75>0,'For lab assistants'!N75,"") | P93: =IF(Output4SubSamplingSubmiss.!F93>0,Output4SubSamplingSubmiss.!F93,"")
A94: =IF('For lab assistants'!D76>0,'For lab assistants'!D76,"") | B94: =IF('For lab assistants'!D76>0,'For lab assistants'!A76,"") | C94: =IF('For lab assistants'!B76>0,'For lab assistants'!B76,"") | D94: =IF('For lab assistants'!C76>0,'For lab assistants'!C76,"") | E94: =IF('For lab assistants'!O76>0,'For lab assistants'!O76,"") | F94: =IF('For lab assistants'!E76>0,'For lab assistants'!E76,"") | G94: =IF('For lab assistants'!P76>0,'For lab assistants'!P76,"") | H94: =IF('For lab assistants'!F76>0,'For lab assistants'!F76,"low") -> low | I94: =IF('For lab assistants'!G76>0,'For lab assistants'!G76,"no") -> no | J94: =IF('For lab assistants'!H76>0,'For lab assistants'!H76,"") | K94: =IF('For lab assistants'!I76>0,'For lab assistants'!I76,"") -> FM | L94: =IF('For lab assistants'!J76>0,'For lab assistants'!J76,"") -> - | M94: =IF('For lab assistants'!K76>0,'For lab assistants'!K76,"") -> 45229 | N94: =IF('For lab assistants'!D76>0,'For lab assistants'!M76,"") | O94: =IF('For lab assistants'!D76>0,'For lab assistants'!N76,"") | P94: =IF(Output4SubSamplingSubmiss.!F94>0,Output4SubSamplingSubmiss.!F94,"")
A95: =IF('For lab assistants'!D77>0,'For lab assistants'!D77,"") | B95: =IF('For lab assistants'!D77>0,'For lab assistants'!A77,"") | C95: =IF('For lab assistants'!B77>0,'For lab assistants'!B77,"") | D95: =IF('For lab assistants'!C77>0,'For lab assistants'!C77,"") | E95: =IF('For lab assistants'!O77>0,'For lab assistants'!O77,"") | F95: =IF('For lab assistants'!E77>0,'For lab assistants'!E77,"") | G95: =IF('For lab assistants'!P77>0,'For lab assistants'!P77,"") | H95: =IF('For lab assistants'!F77>0,'For lab assistants'!F77,"low") -> low | I95: =IF('For lab assistants'!G77>0,'For lab assistants'!G77,"no") -> no | J95: =IF('For lab assistants'!H77>0,'For lab assistants'!H77,"") | K95: =IF('For lab assistants'!I77>0,'For lab assistants'!I77,"") -> FM | L95: =IF('For lab assistants'!J77>0,'For lab assistants'!J77,"") -> - | M95: =IF('For lab assistants'!K77>0,'For lab assistants'!K77,"") -> 45229 | N95: =IF('For lab assistants'!D77>0,'For lab assistants'!M77,"") | O95: =IF('For lab assistants'!D77>0,'For lab assistants'!N77,"") | P95: =IF(Output4SubSamplingSubmiss.!F95>0,Output4SubSamplingSubmiss.!F95,"")
A96: =IF('For lab assistants'!D78>0,'For lab assistants'!D78,"") | B96: =IF('For lab assistants'!D78>0,'For lab assistants'!A78,"") | C96: =IF('For lab assistants'!B78>0,'For lab assistants'!B78,"") | D96: =IF('For lab assistants'!C78>0,'For lab assistants'!C78,"") | E96: =IF('For lab assistants'!O78>0,'For lab assistants'!O78,"") | F96: =IF('For lab assistants'!E78>0,'For lab assistants'!E78,"") | G96: =IF('For lab assistants'!P78>0,'For lab assistants'!P78,"") | H96: =IF('For lab assistants'!F78>0,'For lab assistants'!F78,"low") -> low | I96: =IF('For lab assistants'!G78>0,'For lab assistants'!G78,"no") -> no | J96: =IF('For lab assistants'!H78>0,'For lab assistants'!H78,"") | K96: =IF('For lab assistants'!I78>0,'For lab assistants'!I78,"") -> FM | L96: =IF('For lab assistants'!J78>0,'For lab assistants'!J78,"") -> - | M96: =IF('For lab assistants'!K78>0,'For lab assistants'!K78,"") -> 45229 | N96: =IF('For lab assistants'!D78>0,'For lab assistants'!M78,"") | O96: =IF('For lab assistants'!D78>0,'For lab assistants'!N78,"") | P96: =IF(Output4SubSamplingSubmiss.!F96>0,Output4SubSamplingSubmiss.!F96,"")
A97: =IF('For lab assistants'!D79>0,'For lab assistants'!D79,"") | B97: =IF('For lab assistants'!D79>0,'For lab assistants'!A79,"") | C97: =IF('For lab assistants'!B79>0,'For lab assistants'!B79,"") | D97: =IF('For lab assistants'!C79>0,'For lab assistants'!C79,"") | E97: =IF('For lab assistants'!O79>0,'For lab assistants'!O79,"") | F97: =IF('For lab assistants'!E79>0,'For lab assistants'!E79,"") | G97: =IF('For lab assistants'!P79>0,'For lab assistants'!P79,"") | H97: =IF('For lab assistants'!F79>0,'For lab assistants'!F79,"low") -> low | I97: =IF('For lab assistants'!G79>0,'For lab assistants'!G79,"no") -> no | J97: =IF('For lab assistants'!H79>0,'For lab assistants'!H79,"") | K97: =IF('For lab assistants'!I79>0,'For lab assistants'!I79,"") -> FM | L97: =IF('For lab assistants'!J79>0,'For lab assistants'!J79,"") -> - | M97: =IF('For lab assistants'!K79>0,'For lab assistants'!K79,"") -> 45229 | N97: =IF('For lab assistants'!D79>0,'For lab assistants'!M79,"") | O97: =IF('For lab assistants'!D79>0,'For lab assistants'!N79,"") | P97: =IF(Output4SubSamplingSubmiss.!F97>0,Output4SubSamplingSubmiss.!F97,"")
A98: =IF('For lab assistants'!D80>0,'For lab assistants'!D80,"") | B98: =IF('For lab assistants'!D80>0,'For lab assistants'!A80,"") | C98: =IF('For lab assistants'!B80>0,'For lab assistants'!B80,"") | D98: =IF('For lab assistants'!C80>0,'For lab assistants'!C80,"") | E98: =IF('For lab assistants'!O80>0,'For lab assistants'!O80,"") | F98: =IF('For lab assistants'!E80>0,'For lab assistants'!E80,"") | G98: =IF('For lab assistants'!P80>0,'For lab assistants'!P80,"") | H98: =IF('For lab assistants'!F80>0,'For lab assistants'!F80,"low") -> low | I98: =IF('For lab assistants'!G80>0,'For lab assistants'!G80,"no") -> no | J98: =IF('For lab assistants'!H80>0,'For lab assistants'!H80,"") | K98: =IF('For lab assistants'!I80>0,'For lab assistants'!I80,"") -> FM | L98: =IF('For lab assistants'!J80>0,'For lab assistants'!J80,"") -> - | M98: =IF('For lab assistants'!K80>0,'For lab assistants'!K80,"") -> 45229 | N98: =IF('For lab assistants'!D80>0,'For lab assistants'!M80,"") | O98: =IF('For lab assistants'!D80>0,'For lab assistants'!N80,"") | P98: =IF(Output4SubSamplingSubmiss.!F98>0,Output4SubSamplingSubmiss.!F98,"")
... A673: =IF('For lab assistants'!D655>0,'For lab assistants'!D655,"") | B673: =IF('For lab assistants'!D655>0,'For lab assistants'!A655,"") | C673: =IF('For lab assistants'!B655>0,'For lab assistants'!B655,"") | D673: =IF('For lab assistants'!C655>0,'For lab assistants'!C655,"") | E673: =IF('For lab assistants'!O655>0,'For lab assistants'!O655,"") | F673: =IF('For lab assistants'!E655>0,'For lab assistants'!E655,"") | G673: =IF('For lab assistants'!P655>0,'For lab assistants'!P655,"") | H673: =IF('For lab assistants'!F655>0,'For lab assistants'!F655,"low") -> low | I673: =IF('For lab assistants'!G655>0,'For lab assistants'!G655,"no") -> no | J673: =IF('For lab assistants'!H655>0,'For lab assistants'!H655,"") | K673: =IF('For lab assistants'!I655>0,'For lab assistants'!I655,"") -> FM | L673: =IF('For lab assistants'!J655>0,'For lab assistants'!J655,"") -> - | M673: =IF('For lab assistants'!K655>0,'For lab assistants'!K655,"") -> 45229 | N673: =IF('For lab assistants'!D655>0,'For lab assistants'!M655,"") | O673: =IF('For lab assistants'!D655>0,'For lab assistants'!N655,"") | P673: =IF(Output4SubSamplingSubmiss.!F673>0,Output4SubSamplingSubmiss.!F673,"")

Sheet BackroundCalculations
B3: high
B4: low
