Workbook
Name piinfo: #REF!

Sheet ReadMe
B1: For submitter (i.e, PI or project leader):
A2: 1: | B2: Download this file and RENAME: | C2: "Ordering_eDNA_Archive_sampling_(YYMMDD_Initials_ProjectID).xlsx"
C3: eg. Ordering_eDNA_Archive_sampling_(230715_LVI_NileValley).xlsx
A4: 2: | B4: Fill out the [Submit here] tab column B,C,D (and optionally E).
A5: 3: | B5: Mail the renamed and completed ordering form (this file) to Jesper Stenderup; eDNA_orders@sund.ku.dk.
A6: 4: | B6: Make sure the core is clearly labelled and easily available for the lab assistants.

Sheet Submit here
A1: No | B1: Submitter (initials) | C1: Submission date (yyyy-mm-dd) | D1: Bulk or Core segment ID (eg. ISL23_019_02A or CGG3_xxxxxx) | E1: Calibration tape depth (cm) | F1: Notes from submitter (optional)
A2: 1 | B2: NKL | C2: 45226 | D2: Frederiksborg_Slotssø_kerne_3 | E2: Continuous
A3: 2 | B3: =B2 -> NKL | C3: =C2 -> 45226 | D3: Frederiksborg_Slotssø_kerne_3
A4: 3 | B4: =B3 -> NKL | C4: =C3 -> 45226 | D4: Frederiksborg_Slotssø_kerne_3
A5: 4 | B5: =B4 -> NKL | C5: =C4 -> 45226 | D5: Frederiksborg_Slotssø_kerne_3
A6: 5 | B6: =B5 -> NKL | C6: =C5 -> 45226 | D6: Frederiksborg_Slotssø_kerne_3
A7: 6 | B7: =B6 -> NKL | C7: =C6 -> 45226 | D7: Frederiksborg_Slotssø_kerne_3
A8: 7 | B8: =B7 -> NKL | C8: =C7 -> 45226 | D8: Frederiksborg_Slotssø_kerne_3
A9: 8 | B9: =B8 -> NKL | C9: =C8 -> 45226 | D9: Frederiksborg_Slotssø_kerne_3
A10: 9 | B10: =B9 -> NKL | C10: =C9 -> 45226 | D10: Frederiksborg_Slotssø_kerne_3
A11: 10 | B11: =B10 -> NKL | C11: =C10 -> 45226 | D11: Frederiksborg_Slotssø_kerne_3
A12: 11 | B12: =B11 -> NKL | C12: =C11 -> 45226 | D12: Frederiksborg_Slotssø_kerne_3
A13: 12 | B13: =B12 -> NKL | C13: =C12 -> 45226 | D13: Frederiksborg_Slotssø_kerne_3
A14: 13 | B14: =B13 -> NKL | C14: =C13 -> 45226 | D14: Frederiksborg_Slotssø_kerne_3
... A105: 104 | B105: =B104 -> NKL | C105: =C104 -> 45226 | D105: Frederiksborg_Slotssø_kerne_3
A106: 105 | B106: =B105 -> NKL | C106: =C105 -> 45226
A107: 106 | B107: =B106 -> NKL | C107: =C106 -> 45226
A108: 107 | B108: =B107 -> NKL | C108: =C107 -> 45226
A109: 108 | B109: =B108 -> NKL | C109: =C108 -> 45226
A110: 109 | B110: =B109 -> NKL | C110: =C109 -> 45226
A111: 110 | B111: =B110 -> NKL | C111: =C110 -> 45226
A112: 111 | B112: =B111 -> NKL | C112: =C111 -> 45226
A113: 112 | B113: =B112 -> NKL | C113: =C112 -> 45226
A114: 113 | B114: =B113 -> NKL | C114: =C113 -> 45226
A115: 114 | B115: =B114 -> NKL | C115: =C114 -> 45226
A116: 115 | B116: =B115 -> NKL | C116: =C115 -> 45226
A117: 116 | B117: =B116 -> NKL | C117: =C116 -> 45226
... A673: 672 | B673: =B672 -> NKL | C673: =C672 -> 45226

Sheet Output4SubSamplingSubmiss.
A1: ='For lab assistants'!O1 -> Core segment ID (fx ISL23_019_02A) | B1: ='For lab assistants'!A1 -> Archive rack position | C1: ='For lab assistants'!B1 -> Archive RACK name (eg. ARack0052) | D1: ='For lab assistants'!C1 -> Archive RACK barcode | E1: ='For lab assistants'!D1 -> Archive TUBE barcode | F1: ='For lab assistants'!Q1 -> Notes from submitter (optional)
A2: =IF('For lab assistants'!O2>0,'For lab assistants'!O2,"") -> Frederiksborg_Slotssø_kerne_3 | B2: =IF('For lab assistants'!D2>0,'For lab assistants'!A2,"") -> B04 | C2: =IF('For lab assistants'!B2>0,'For lab assistants'!B2,"") -> ARack0467 | D2: =IF('For lab assistants'!C2>0,'For lab assistants'!C2,"") -> LVL600038037 | E2: =IF('For lab assistants'!D2>0,'For lab assistants'!D2,"") -> LV3005888353 | F2: =IF('For lab assistants'!Q2>0,'For lab assistants'!Q2,"")
A3: =IF('For lab assistants'!O3>0,'For lab assistants'!O3,"") -> Frederiksborg_Slotssø_kerne_3 | B3: =IF('For lab assistants'!D3>0,'For lab assistants'!A3,"") -> C04 | C3: =IF('For lab assistants'!B3>0,'For lab assistants'!B3,"") -> ARack0467 | D3: =IF('For lab assistants'!C3>0,'For lab assistants'!C3,"") -> LVL600038037 | E3: =IF('For lab assistants'!D3>0,'For lab assistants'!D3,"") -> LV3005888456 | F3: =IF('For lab assistants'!Q3>0,'For lab assistants'!Q3,"")
A4: =IF('For lab assistants'!O4>0,'For lab assistants'!O4,"") -> Frederiksborg_Slotssø_kerne_3 | B4: =IF('For lab assistants'!D4>0,'For lab assistants'!A4,"") -> D04 | C4: =IF('For lab assistants'!B4>0,'For lab assistants'!B4,"") -> ARack0467 | D4: =IF('For lab assistants'!C4>0,'For lab assistants'!C4,"") -> LVL600038037 | E4: =IF('For lab assistants'!D4>0,'For lab assistants'!D4,"") -> LV3005888363 | F4: =IF('For lab assistants'!Q4>0,'For lab assistants'!Q4,"")
A5: =IF('For lab assistants'!O5>0,'For lab assistants'!O5,"") -> Frederiksborg_Slotssø_kerne_3 | B5: =IF('For lab assistants'!D5>0,'For lab assistants'!A5,"") -> A05 | C5: =IF('For lab assistants'!B5>0,'For lab assistants'!B5,"") -> ARack0467 | D5: =IF('For lab assistants'!C5>0,'For lab assistants'!C5,"") -> LVL600038037 | E5: =IF('For lab assistants'!D5>0,'For lab assistants'!D5,"") -> LV3005888369 | F5: =IF('For lab assistants'!Q5>0,'For lab assistants'!Q5,"")
A6: =IF('For lab assistants'!O6>0,'For lab assistants'!O6,"") -> Frederiksborg_Slotssø_kerne_3 | B6: =IF('For lab assistants'!D6>0,'For lab assistants'!A6,"") -> B05 | C6: =IF('For lab assistants'!B6>0,'For lab assistants'!B6,"") -> ARack0467 | D6: =IF('For lab assistants'!C6>0,'For lab assistants'!C6,"") -> LVL600038037 | E6: =IF('For lab assistants'!D6>0,'For lab assistants'!D6,"") -> LV3005888352 | F6: =IF('For lab assistants'!Q6>0,'For lab assistants'!Q6,"")
A7: =IF('For lab assistants'!O7>0,'For lab assistants'!O7,"") -> Frederiksborg_Slotssø_kerne_3 | B7: =IF('For lab assistants'!D7>0,'For lab assistants'!A7,"") -> C05 | C7: =IF('For lab assistants'!B7>0,'For lab assistants'!B7,"") -> ARack0467 | D7: =IF('For lab assistants'!C7>0,'For lab assistants'!C7,"") -> LVL600038037 | E7: =IF('For lab assistants'!D7>0,'For lab assistants'!D7,"") -> LV3005888145 | F7: =IF('For lab assistants'!Q7>0,'For lab assistants'!Q7,"")
A8: =IF('For lab assistants'!O8>0,'For lab assistants'!O8,"") -> Frederiksborg_Slotssø_kerne_3 | B8: =IF('For lab assistants'!D8>0,'For lab assistants'!A8,"") -> D05 | C8: =IF('For lab assistants'!B8>0,'For lab assistants'!B8,"") -> ARack0467 | D8: =IF('For lab assistants'!C8>0,'For lab assistants'!C8,"") -> LVL600038037 | E8: =IF('For lab assistants'!D8>0,'For lab assistants'!D8,"") -> LV3005888038 | F8: =IF('For lab assistants'!Q8>0,'For lab assistants'!Q8,"")
A9: =IF('For lab assistants'!O9>0,'For lab assistants'!O9,"") -> Frederiksborg_Slotssø_kerne_3 | B9: =IF('For lab assistants'!D9>0,'For lab assistants'!A9,"") -> A06 | C9: =IF('For lab assistants'!B9>0,'For lab assistants'!B9,"") -> ARack0467 | D9: =IF('For lab assistants'!C9>0,'For lab assistants'!C9,"") -> LVL600038037 | E9: =IF('For lab assistants'!D9>0,'For lab assistants'!D9,"") -> LV3005888110 | F9: =IF('For lab assistants'!Q9>0,'For lab assistants'!Q9,"")
A10: =IF('For lab assistants'!O10>0,'For lab assistants'!O10,"") -> Frederiksborg_Slotssø_kerne_3 | B10: =IF('For lab assistants'!D10>0,'For lab assistants'!A10,"") -> B06 | C10: =IF('For lab assistants'!B10>0,'For lab assistants'!B10,"") -> ARack0467 | D10: =IF('For lab assistants'!C10>0,'For lab assistants'!C10,"") -> LVL600038037 | E10: =IF('For lab assistants'!D10>0,'For lab assistants'!D10,"") -> LV3005889419 | F10: =IF('For lab assistants'!Q10>0,'For lab assistants'!Q10,"")
A11: =IF('For lab assistants'!O11>0,'For lab assistants'!O11,"") -> Frederiksborg_Slotssø_kerne_3 | B11: =IF('For lab assistants'!D11>0,'For lab assistants'!A11,"") -> C06 | C11: =IF('For lab assistants'!B11>0,'For lab assistants'!B11,"") -> ARack0467 | D11: =IF('For lab assistants'!C11>0,'For lab assistants'!C11,"") -> LVL600038037 | E11: =IF('For lab assistants'!D11>0,'For lab assistants'!D11,"") -> LV3005888162 | F11: =IF('For lab assistants'!Q11>0,'For lab assistants'!Q11,"")
A12: =IF('For lab assistants'!O12>0,'For lab assistants'!O12,"") -> Frederiksborg_Slotssø_kerne_3 | B12: =IF('For lab assistants'!D12>0,'For lab assistants'!A12,"") -> D06 | C12: =IF('For lab assistants'!B12>0,'For lab assistants'!B12,"") -> ARack0467 | D12: =IF('For lab assistants'!C12>0,'For lab assistants'!C12,"") -> LVL600038037 | E12: =IF('For lab assistants'!D12>0,'For lab assistants'!D12,"") -> LV3005887708 | F12: =IF('For lab assistants'!Q12>0,'For lab assistants'!Q12,"")
A13: =IF('For lab assistants'!O13>0,'For lab assistants'!O13,"") -> Frederiksborg_Slotssø_kerne_3 | B13: =IF('For lab assistants'!D13>0,'For lab assistants'!A13,"") -> A01 | C13: =IF('For lab assistants'!B13>0,'For lab assistants'!B13,"") -> ARack0475 | D13: =IF('For lab assistants'!C13>0,'For lab assistants'!C13,"") -> LVL600038051 | E13: =IF('For lab assistants'!D13>0,'For lab assistants'!D13,"") -> LV3005888727 | F13: =IF('For lab assistants'!Q13>0,'For lab assistants'!Q13,"")
... A60: =IF('For lab assistants'!O60>0,'For lab assistants'!O60,"") -> Frederiksborg_Slotssø_kerne_3 | B60: =IF('For lab assistants'!D60>0,'For lab assistants'!A60,"") -> D06 | C60: =IF('For lab assistants'!B60>0,'For lab assistants'!B60,"") -> ARack0476 | D60: =IF('For lab assistants'!C60>0,'For lab assistants'!C60,"") -> LVL600052415 | E60: =IF('For lab assistants'!D60>0,'For lab assistants'!D60,"") -> LV3006009501 | F60: =IF('For lab assistants'!Q60>0,'For lab assistants'!Q60,"")
A61: =IF('For lab assistants'!O61>0,'For lab assistants'!O61,"") -> Frederiksborg_Slotssø_kerne_3 | B61: =IF('For lab assistants'!D61>0,'For lab assistants'!A61,"") -> A01 | C61: =IF('For lab assistants'!B61>0,'For lab assistants'!B61,"") -> ARack0477 | D61: =IF('For lab assistants'!#REF!>0,'For lab assistants'!#REF!,"") -> #REF! | E61: =IF('For lab assistants'!D61>0,'For lab assistants'!D61,"") -> LV3006009476 | F61: =IF('For lab assistants'!Q61>0,'For lab assistants'!Q61,"")
A62: =IF('For lab assistants'!O62>0,'For lab assistants'!O62,"") -> Frederiksborg_Slotssø_kerne_3 | B62: =IF('For lab assistants'!D62>0,'For lab assistants'!A62,"") -> B01 | C62: =IF('For lab assistants'!B62>0,'For lab assistants'!B62,"") -> ARack0477 | D62: =IF('For lab assistants'!C61>0,'For lab assistants'!C61,"") -> LVL600052414 | E62: =IF('For lab assistants'!D62>0,'For lab assistants'!D62,"") -> LV3006009482 | F62: =IF('For lab assistants'!Q62>0,'For lab assistants'!Q62,"")
A63: =IF('For lab assistants'!O63>0,'For lab assistants'!O63,"") -> Frederiksborg_Slotssø_kerne_3 | B63: =IF('For lab assistants'!D63>0,'For lab assistants'!A63,"") -> C01 | C63: =IF('For lab assistants'!B63>0,'For lab assistants'!B63,"") -> ARack0477 | D63: =IF('For lab assistants'!C62>0,'For lab assistants'!C62,"") -> LVL600052414 | E63: =IF('For lab assistants'!D63>0,'For lab assistants'!D63,"") -> LV3006009489 | F63: =IF('For lab assistants'!Q63>0,'For lab assistants'!Q63,"")
A64: =IF('For lab assistants'!O64>0,'For lab assistants'!O64,"") -> Frederiksborg_Slotssø_kerne_3 | B64: =IF('For lab assistants'!D64>0,'For lab assistants'!A64,"") -> D01 | C64: =IF('For lab assistants'!B64>0,'For lab assistants'!B64,"") -> ARack0477 | D64: =IF('For lab assistants'!C64>0,'For lab assistants'!C64,"") -> LVL600052414 | E64: =IF('For lab assistants'!D64>0,'For lab assistants'!D64,"") -> LV3006009496 | F64: =IF('For lab assistants'!Q64>0,'For lab assistants'!Q64,"")
A65: =IF('For lab assistants'!O65>0,'For lab assistants'!O65,"") -> Frederiksborg_Slotssø_kerne_3 | B65: =IF('For lab assistants'!D65>0,'For lab assistants'!A65,"") -> A02 | C65: =IF('For lab assistants'!B65>0,'For lab assistants'!B65,"") -> ARack0477 | D65: =IF('For lab assistants'!C65>0,'For lab assistants'!C65,"") -> LVL600052414 | E65: =IF('For lab assistants'!D65>0,'For lab assistants'!D65,"") -> LV3006009481 | F65: =IF('For lab assistants'!Q65>0,'For lab assistants'!Q65,"")
A66: =IF('For lab assistants'!O66>0,'For lab assistants'!O66,"") -> Frederiksborg_Slotssø_kerne_3 | B66: =IF('For lab assistants'!D66>0,'For lab assistants'!A66,"") -> B02 | C66: =IF('For lab assistants'!B66>0,'For lab assistants'!B66,"") -> ARack0477 | D66: =IF('For lab assistants'!C66>0,'For lab assistants'!C66,"") -> LVL600052414 | E66: =IF('For lab assistants'!D66>0,'For lab assistants'!D66,"") -> LV3006009475 | F66: =IF('For lab assistants'!Q66>0,'For lab assistants'!Q66,"")
A67: =IF('For lab assistants'!O67>0,'For lab assistants'!O67,"") -> Frederiksborg_Slotssø_kerne_3 | B67: =IF('For lab assistants'!D67>0,'For lab assistants'!A67,"") -> C02 | C67: =IF('For lab assistants'!B67>0,'For lab assistants'!B67,"") -> ARack0477 | D67: =IF('For lab assistants'!C67>0,'For lab assistants'!C67,"") -> LVL600052414 | E67: =IF('For lab assistants'!D67>0,'For lab assistants'!D67,"") -> LV3006009488 | F67: =IF('For lab assistants'!Q67>0,'For lab assistants'!Q67,"")
A68: =IF('For lab assistants'!O68>0,'For lab assistants'!O68,"") -> Frederiksborg_Slotssø_kerne_3 | B68: =IF('For lab assistants'!D68>0,'For lab assistants'!A68,"") -> D02 | C68: =IF('For lab assistants'!B68>0,'For lab assistants'!B68,"") -> ARack0477 | D68: =IF('For lab assistants'!C68>0,'For lab assistants'!C68,"") -> LVL600052414 | E68: =IF('For lab assistants'!D68>0,'For lab assistants'!D68,"") -> LV3006009495 | F68: =IF('For lab assistants'!Q68>0,'For lab assistants'!Q68,"")
A69: =IF('For lab assistants'!O69>0,'For lab assistants'!O69,"") -> Frederiksborg_Slotssø_kerne_3 | B69: =IF('For lab assistants'!D69>0,'For lab assistants'!A69,"") -> A03 | C69: =IF('For lab assistants'!B69>0,'For lab assistants'!B69,"") -> ARack0477 | D69: =IF('For lab assistants'!C69>0,'For lab assistants'!C69,"") -> LVL600052414 | E69: =IF('For lab assistants'!D69>0,'For lab assistants'!D69,"") -> LV3006009480 | F69: =IF('For lab assistants'!Q69>0,'For lab assistants'!Q69,"")
A70: =IF('For lab assistants'!O70>0,'For lab assistants'!O70,"") -> Frederiksborg_Slotssø_kerne_3 | B70: =IF('For lab assistants'!D70>0,'For lab assistants'!A70,"") -> B03 | C70: =IF('For lab assistants'!B70>0,'For lab assistants'!B70,"") -> ARack0477 | D70: =IF('For lab assistants'!C70>0,'For lab assistants'!C70,"") -> LVL600052414 | E70: =IF('For lab assistants'!D70>0,'For lab assistants'!D70,"") -> LV3006009487 | F70: =IF('For lab assistants'!Q70>0,'For lab assistants'!Q70,"")
A71: =IF('For lab assistants'!O71>0,'For lab assistants'!O71,"") -> Frederiksborg_Slotssø_kerne_3 | B71: =IF('For lab assistants'!D71>0,'For lab assistants'!A71,"") -> C03 | C71: =IF('For lab assistants'!B71>0,'For lab assistants'!B71,"") -> ARack0477 | D71: =IF('For lab assistants'!C71>0,'For lab assistants'!C71,"") -> LVL600052414 | E71: =IF('For lab assistants'!D71>0,'For lab assistants'!D71,"") -> LV3006009494 | F71: =IF('For lab assistants'!Q71>0,'For lab assistants'!Q71,"")
A72: =IF('For lab assistants'!O72>0,'For lab assistants'!O72,"") -> Frederiksborg_Slotssø_kerne_3 | B72: =IF('For lab assistants'!D72>0,'For lab assistants'!A72,"") -> D03 | C72: =IF('For lab assistants'!B72>0,'For lab assistants'!B72,"") -> ARack0477 | D72: =IF('For lab assistants'!C72>0,'For lab assistants'!C72,"") -> LVL600052414 | E72: =IF('For lab assistants'!D72>0,'For lab assistants'!D72,"") -> LV3006009473 | F72: =IF('For lab assistants'!Q72>0,'For lab assistants'!Q72,"")
A73: =IF('For lab assistants'!O73>0,'For lab assistants'!O73,"") -> Frederiksborg_Slotssø_kerne_3 | B73: =IF('For lab assistants'!D73>0,'For lab assistants'!A73,"") -> A04 | C73: =IF('For lab assistants'!B73>0,'For lab assistants'!B73,"") -> ARack0477 | D73: =IF('For lab assistants'!C73>0,'For lab assistants'!C73,"") -> LVL600052414 | E73: =IF('For lab assistants'!D73>0,'For lab assistants'!D73,"") -> LV3006009479 | F73: =IF('For lab assistants'!Q73>0,'For lab assistants'!Q73,"")
A74: =IF('For lab assistants'!O74>0,'For lab assistants'!O74,"") -> Frederiksborg_Slotssø_kerne_3 | B74: =IF('For lab assistants'!D74>0,'For lab assistants'!A74,"") -> B04 | C74: =IF('For lab assistants'!B74>0,'For lab assistants'!B74,"") -> ARack0477 | D74: =IF('For lab assistants'!C74>0,'For lab assistants'!C74,"") -> LVL600052414 | E74: =IF('For lab assistants'!D74>0,'For lab assistants'!D74,"") -> LV3006009492 | F74: =IF('For lab assistants'!Q74>0,'For lab assistants'!Q74,"")
A75: =IF('For lab assistants'!O75>0,'For lab assistants'!O75,"") -> Frederiksborg_Slotssø_kerne_3 | B75: =IF('For lab assistants'!D75>0,'For lab assistants'!A75,"") -> C04 | C75: =IF('For lab assistants'!B75>0,'For lab assistants'!B75,"") -> ARack0477 | D75: =IF('For lab assistants'!C75>0,'For lab assistants'!C75,"") -> LVL600052414 | E75: =IF('For lab assistants'!D75>0,'For lab assistants'!D75,"") -> LV3006009486 | F75: =IF('For lab assistants'!Q75>0,'For lab assistants'!Q75,"")
... A672: =IF('For lab assistants'!O672>0,'For lab assistants'!O672,"") | B672: =IF('For lab assistants'!D672>0,'For lab assistants'!A672,"") | C672: =IF('For lab assistants'!B672>0,'For lab assistants'!B672,"") | D672: =IF('For lab assistants'!C672>0,'For lab assistants'!C672,"") | E672: =IF('For lab assistants'!D672>0,'For lab assistants'!D672,"") | F672: =IF('For lab assistants'!Q672>0,'For lab assistants'!Q672,"")

Sheet For lab assistants
A1: Archive rack position | B1: Archive RACK name (eg. ARack0052) | C1: Archive RACK barcode | D1: Archive TUBE barcode | E1: Depth sampled (tape, cm) | F1: Organic content (High /Low) | G1: Surface exposed? (ie Back wall hit?) (Yes / No) | H1: Remarks from sampling (optional) | I1: Sampled by 1 (initials) | J1: Sampled by 2 (initials) | K1: Sampled date (yyyy-mm-dd) | L1: No | M1: Submitter (initials) | N1: Submission date (yyyy-mm-dd) | O1: Core segment ID (fx ISL23_019_02A) | P1: Ordered depth (Calibration tape, cm) | Q1: Notes from submitter (optional)
A2: B04 | B2: ARack0467 | C2: LVL600038037 | D2: LV3005888353 | E2: 0.5 | I2: FM | J2: VSS | K2: 45241 | L2: 1 | M2: =IF('Submit here'!B2>0,'Submit here'!B2,"") -> NKL | N2: =IF('Submit here'!C2>0,'Submit here'!C2,"") -> 45226 | O2: =IF('Submit here'!D2>0,'Submit here'!D2,"") -> Frederiksborg_Slotssø_kerne_3 | P2: =IF('Submit here'!E2>0,'Submit here'!E2,"") -> Continuous | Q2: =IF('Submit here'!F2>0,'Submit here'!F2,"")
A3: C04 | B3: ARack0467 | C3: LVL600038037 | D3: LV3005888456 | E3: 2 | I3: =I2 -> FM | J3: =J2 -> VSS | K3: =K2 -> 45241 | L3: 2 | M3: =IF('Submit here'!B3>0,'Submit here'!B3,"") -> NKL | N3: =IF('Submit here'!C3>0,'Submit here'!C3,"") -> 45226 | O3: =IF('Submit here'!D3>0,'Submit here'!D3,"") -> Frederiksborg_Slotssø_kerne_3 | P3: =IF('Submit here'!E3>0,'Submit here'!E3,"") | Q3: =IF('Submit here'!F3>0,'Submit here'!F3,"")
A4: D04 | B4: ARack0467 | C4: LVL600038037 | D4: LV3005888363 | E4: 3.5 | I4: =I3 -> FM | J4: =J3 -> VSS | K4: =K3 -> 45241 | L4: 3 | M4: =IF('Submit here'!B4>0,'Submit here'!B4,"") -> NKL | N4: =IF('Submit here'!C4>0,'Submit here'!C4,"") -> 45226 | O4: =IF('Submit here'!D4>0,'Submit here'!D4,"") -> Frederiksborg_Slotssø_kerne_3 | P4: =IF('Submit here'!E4>0,'Submit here'!E4,"") | Q4: =IF('Submit here'!F4>0,'Submit here'!F4,"")
A5: A05 | B5: ARack0467 | C5: LVL600038037 | D5: LV3005888369 | E5: 5 | I5: =I4 -> FM | J5: =J4 -> VSS | K5: =K4 -> 45241 | L5: 4 | M5: =IF('Submit here'!B5>0,'Submit here'!B5,"") -> NKL | N5: =IF('Submit here'!C5>0,'Submit here'!C5,"") -> 45226 | O5: =IF('Submit here'!D5>0,'Submit here'!D5,"") -> Frederiksborg_Slotssø_kerne_3 | P5: =IF('Submit here'!E5>0,'Submit here'!E5,"") | Q5: =IF('Submit here'!F5>0,'Submit here'!F5,"")
A6: B05 | B6: ARack0467 | C6: LVL600038037 | D6: LV3005888352 | E6: 6.5 | I6: =I5 -> FM | J6: =J5 -> VSS | K6: =K5 -> 45241 | L6: 5 | M6: =IF('Submit here'!B6>0,'Submit here'!B6,"") -> NKL | N6: =IF('Submit here'!C6>0,'Submit here'!C6,"") -> 45226 | O6: =IF('Submit here'!D6>0,'Submit here'!D6,"") -> Frederiksborg_Slotssø_kerne_3 | P6: =IF('Submit here'!E6>0,'Submit here'!E6,"") | Q6: =IF('Submit here'!F6>0,'Submit here'!F6,"")
A7: C05 | B7: ARack0467 | C7: LVL600038037 | D7: LV3005888145 | E7: 8.5 | I7: =I6 -> FM | J7: =J6 -> VSS | K7: =K6 -> 45241 | L7: 6 | M7: =IF('Submit here'!B7>0,'Submit here'!B7,"") -> NKL | N7: =IF('Submit here'!C7>0,'Submit here'!C7,"") -> 45226 | O7: =IF('Submit here'!D7>0,'Submit here'!D7,"") -> Frederiksborg_Slotssø_kerne_3 | P7: =IF('Submit here'!E7>0,'Submit here'!E7,"") | Q7: =IF('Submit here'!F7>0,'Submit here'!F7,"")
A8: D05 | B8: ARack0467 | C8: LVL600038037 | D8: LV3005888038 | E8: 10 | I8: =I7 -> FM | J8: =J7 -> VSS | K8: =K7 -> 45241 | L8: 7 | M8: =IF('Submit here'!B8>0,'Submit here'!B8,"") -> NKL | N8: =IF('Submit here'!C8>0,'Submit here'!C8,"") -> 45226 | O8: =IF('Submit here'!D8>0,'Submit here'!D8,"") -> Frederiksborg_Slotssø_kerne_3 | P8: =IF('Submit here'!E8>0,'Submit here'!E8,"") | Q8: =IF('Submit here'!F8>0,'Submit here'!F8,"")
A9: A06 | B9: ARack0467 | C9: LVL600038037 | D9: LV3005888110 | E9: 11.5 | I9: =I8 -> FM | J9: =J8 -> VSS | K9: =K8 -> 45241 | L9: 8 | M9: =IF('Submit here'!B9>0,'Submit here'!B9,"") -> NKL | N9: =IF('Submit here'!C9>0,'Submit here'!C9,"") -> 45226 | O9: =IF('Submit here'!D9>0,'Submit here'!D9,"") -> Frederiksborg_Slotssø_kerne_3 | P9: =IF('Submit here'!E9>0,'Submit here'!E9,"") | Q9: =IF('Submit here'!F9>0,'Submit here'!F9,"")
A10: B06 | B10: ARack0467 | C10: LVL600038037 | D10: LV3005889419 | E10: 13 | I10: =I9 -> FM | J10: =J9 -> VSS | K10: =K9 -> 45241 | L10: 9 | M10: =IF('Submit here'!B10>0,'Submit here'!B10,"") -> NKL | N10: =IF('Submit here'!C10>0,'Submit here'!C10,"") -> 45226 | O10: =IF('Submit here'!D10>0,'Submit here'!D10,"") -> Frederiksborg_Slotssø_kerne_3 | P10: =IF('Submit here'!E10>0,'Submit here'!E10,"") | Q10: =IF('Submit here'!F10>0,'Submit here'!F10,"")
A11: C06 | B11: ARack0467 | C11: LVL600038037 | D11: LV3005888162 | E11: 14.5 | I11: =I10 -> FM | J11: =J10 -> VSS | K11: =K10 -> 45241 | L11: 10 | M11: =IF('Submit here'!B11>0,'Submit here'!B11,"") -> NKL | N11: =IF('Submit here'!C11>0,'Submit here'!C11,"") -> 45226 | O11: =IF('Submit here'!D11>0,'Submit here'!D11,"") -> Frederiksborg_Slotssø_kerne_3 | P11: =IF('Submit here'!E11>0,'Submit here'!E11,"") | Q11: =IF('Submit here'!F11>0,'Submit here'!F11,"")
A12: D06 | B12: ARack0467 | C12: LVL600038037 | D12: LV3005887708 | E12: 16 | I12: =I11 -> FM | J12: =J11 -> VSS | K12: =K11 -> 45241 | L12: 11 | M12: =IF('Submit here'!B12>0,'Submit here'!B12,"") -> NKL | N12: =IF('Submit here'!C12>0,'Submit here'!C12,"") -> 45226 | O12: =IF('Submit here'!D12>0,'Submit here'!D12,"") -> Frederiksborg_Slotssø_kerne_3 | P12: =IF('Submit here'!E12>0,'Submit here'!E12,"") | Q12: =IF('Submit here'!F12>0,'Submit here'!F12,"")
A13: A01 | B13: ARack0475 | C13: LVL600038051 | D13: LV3005888727 | E13: 18 | I13: =I12 -> FM | J13: =J12 -> VSS | K13: =K12 -> 45241 | L13: 12 | M13: =IF('Submit here'!B13>0,'Submit here'!B13,"") -> NKL | N13: =IF('Submit here'!C13>0,'Submit here'!C13,"") -> 45226 | O13: =IF('Submit here'!D13>0,'Submit here'!D13,"") -> Frederiksborg_Slotssø_kerne_3 | P13: =IF('Submit here'!E13>0,'Submit here'!E13,"") | Q13: =IF('Submit here'!F13>0,'Submit here'!F13,"")
A14: B01 | B14: ARack0475 | C14: LVL600038051 | D14: LV3005888709 | E14: 19.5 | I14: =I13 -> FM | J14: =J13 -> VSS | K14: =K13 -> 45241 | L14: 13 | M14: =IF('Submit here'!B14>0,'Submit here'!B14,"") -> NKL | N14: =IF('Submit here'!C14>0,'Submit here'!C14,"") -> 45226 | O14: =IF('Submit here'!D14>0,'Submit here'!D14,"") -> Frederiksborg_Slotssø_kerne_3 | P14: =IF('Submit here'!E14>0,'Submit here'!E14,"") | Q14: =IF('Submit here'!F14>0,'Submit here'!F14,"")
... A104: D05 | B104: ARack0478 | C104: LVL600052413 | D104: LV3006009446 | E104: 159.5 | I104: =I103 -> FM | J104: =J103 -> VSS | K104: =K103 -> 45241 | L104: 103 | M104: =IF('Submit here'!B104>0,'Submit here'!B104,"") -> NKL | N104: =IF('Submit here'!C104>0,'Submit here'!C104,"") -> 45226 | O104: =IF('Submit here'!D104>0,'Submit here'!D104,"") -> Frederiksborg_Slotssø_kerne_3 | P104: =IF('Submit here'!E104>0,'Submit here'!E104,"") | Q104: =IF('Submit here'!F104>0,'Submit here'!F104,"")
A105: A06 | I105: =I104 -> FM | J105: =J104 -> VSS | K105: =K104 -> 45241 | L105: 104 | M105: =IF('Submit here'!B105>0,'Submit here'!B105,"") -> NKL | N105: =IF('Submit here'!C105>0,'Submit here'!C105,"") -> 45226 | O105: =IF('Submit here'!D105>0,'Submit here'!D105,"") -> Frederiksborg_Slotssø_kerne_3 | P105: =IF('Submit here'!E105>0,'Submit here'!E105,"") | Q105: =IF('Submit here'!F105>0,'Submit here'!F105,"")
A106: B06 | I106: =I105 -> FM | J106: =J105 -> VSS | K106: =K105 -> 45241 | L106: 105 | M106: =IF('Submit here'!B106>0,'Submit here'!B106,"") -> NKL | N106: =IF('Submit here'!C106>0,'Submit here'!C106,"") -> 45226 | O106: =IF('Submit here'!D106>0,'Submit here'!D106,"") | P106: =IF('Submit here'!E106>0,'Submit here'!E106,"") | Q106: =IF('Submit here'!F106>0,'Submit here'!F106,"")
A107: C06 | I107: =I106 -> FM | J107: =J106 -> VSS | K107: =K106 -> 45241 | L107: 106 | M107: =IF('Submit here'!B107>0,'Submit here'!B107,"") -> NKL | N107: =IF('Submit here'!C107>0,'Submit here'!C107,"") -> 45226 | O107: =IF('Submit here'!D107>0,'Submit here'!D107,"") | P107: =IF('Submit here'!E107>0,'Submit here'!E107,"") | Q107: =IF('Submit here'!F107>0,'Submit here'!F107,"")
A108: D06 | I108: =I107 -> FM | J108: =J107 -> VSS | K108: =K107 -> 45241 | L108: 107 | M108: =IF('Submit here'!B108>0,'Submit here'!B108,"") -> NKL | N108: =IF('Submit here'!C108>0,'Submit here'!C108,"") -> 45226 | O108: =IF('Submit here'!D108>0,'Submit here'!D108,"") | P108: =IF('Submit here'!E108>0,'Submit here'!E108,"") | Q108: =IF('Submit here'!F108>0,'Submit here'!F108,"")
A109: A01 | I109: =I108 -> FM | J109: =J108 -> VSS | K109: =K108 -> 45241 | L109: 108 | M109: =IF('Submit here'!B109>0,'Submit here'!B109,"") -> NKL | N109: =IF('Submit here'!C109>0,'Submit here'!C109,"") -> 45226 | O109: =IF('Submit here'!D109>0,'Submit here'!D109,"") | P109: =IF('Submit here'!E109>0,'Submit here'!E109,"") | Q109: =IF('Submit here'!F109>0,'Submit here'!F109,"")
A110: B01 | I110: =I109 -> FM | J110: =J109 -> VSS | K110: =K109 -> 45241 | L110: 109 | M110: =IF('Submit here'!B110>0,'Submit here'!B110,"") -> NKL | N110: =IF('Submit here'!C110>0,'Submit here'!C110,"") -> 45226 | O110: =IF('Submit here'!D110>0,'Submit here'!D110,"") | P110: =IF('Submit here'!E110>0,'Submit here'!E110,"") | Q110: =IF('Submit here'!F110>0,'Submit here'!F110,"")
A111: C01 | I111: =I110 -> FM | J111: =J110 -> VSS | K111: =K110 -> 45241 | L111: 110 | M111: =IF('Submit here'!B111>0,'Submit here'!B111,"") -> NKL | N111: =IF('Submit here'!C111>0,'Submit here'!C111,"") -> 45226 | O111: =IF('Submit here'!D111>0,'Submit here'!D111,"") | P111: =IF('Submit here'!E111>0,'Submit here'!E111,"") | Q111: =IF('Submit here'!F111>0,'Submit here'!F111,"")
A112: D01 | I112: =I111 -> FM | J112: =J111 -> VSS | K112: =K111 -> 45241 | L112: 111 | M112: =IF('Submit here'!B112>0,'Submit here'!B112,"") -> NKL | N112: =IF('Submit here'!C112>0,'Submit here'!C112,"") -> 45226 | O112: =IF('Submit here'!D112>0,'Submit here'!D112,"") | P112: =IF('Submit here'!E112>0,'Submit here'!E112,"") | Q112: =IF('Submit here'!F112>0,'Submit here'!F112,"")
A113: A02 | I113: =I112 -> FM | J113: =J112 -> VSS | K113: =K112 -> 45241 | L113: 112 | M113: =IF('Submit here'!B113>0,'Submit here'!B113,"") -> NKL | N113: =IF('Submit here'!C113>0,'Submit here'!C113,"") -> 45226 | O113: =IF('Submit here'!D113>0,'Submit here'!D113,"") | P113: =IF('Submit here'!E113>0,'Submit here'!E113,"") | Q113: =IF('Submit here'!F113>0,'Submit here'!F113,"")
A114: B02 | I114: =I113 -> FM | J114: =J113 -> VSS | K114: =K113 -> 45241 | L114: 113 | M114: =IF('Submit here'!B114>0,'Submit here'!B114,"") -> NKL | N114: =IF('Submit here'!C114>0,'Submit here'!C114,"") -> 45226 | O114: =IF('Submit here'!D114>0,'Submit here'!D114,"") | P114: =IF('Submit here'!E114>0,'Submit here'!E114,"") | Q114: =IF('Submit here'!F114>0,'Submit here'!F114,"")
A115: C02 | I115: =I114 -> FM | J115: =J114 -> VSS | K115: =K114 -> 45241 | L115: 114 | M115: =IF('Submit here'!B115>0,'Submit here'!B115,"") -> NKL | N115: =IF('Submit here'!C115>0,'Submit here'!C115,"") -> 45226 | O115: =IF('Submit here'!D115>0,'Submit here'!D115,"") | P115: =IF('Submit here'!E115>0,'Submit here'!E115,"") | Q115: =IF('Submit here'!F115>0,'Submit here'!F115,"")
A116: D02 | I116: =I115 -> FM | J116: =J115 -> VSS | K116: =K115 -> 45241 | L116: 115 | M116: =IF('Submit here'!B116>0,'Submit here'!B116,"") -> NKL | N116: =IF('Submit here'!C116>0,'Submit here'!C116,"") -> 45226 | O116: =IF('Submit here'!D116>0,'Submit here'!D116,"") | P116: =IF('Submit here'!E116>0,'Submit here'!E116,"") | Q116: =IF('Submit here'!F116>0,'Submit here'!F116,"")
... A146: A01 | I146: =I145 -> FM | J146: =J145 -> VSS | K146: =K145 -> 45241 | L146: 145 | M146: =IF('Submit here'!B146>0,'Submit here'!B146,"") -> NKL | N146: =IF('Submit here'!C146>0,'Submit here'!C146,"") -> 45226 | O146: =IF('Submit here'!D146>0,'Submit here'!D146,"") | P146: =IF('Submit here'!E146>0,'Submit here'!E146,"") | Q146: =IF('Submit here'!F146>0,'Submit here'!F146,"")
A147: B01 | B147: =B146 -> 0 | C147: =C146 -> 0 | I147: =I146 -> FM | J147: =J146 -> VSS | K147: =K146 -> 45241 | L147: 146 | M147: =IF('Submit here'!B147>0,'Submit here'!B147,"") -> NKL | N147: =IF('Submit here'!C147>0,'Submit here'!C147,"") -> 45226 | O147: =IF('Submit here'!D147>0,'Submit here'!D147,"") | P147: =IF('Submit here'!E147>0,'Submit here'!E147,"") | Q147: =IF('Submit here'!F147>0,'Submit here'!F147,"")
A148: C01 | B148: =B147 -> 0 | C148: =C147 -> 0 | I148: =I147 -> FM | J148: =J147 -> VSS | K148: =K147 -> 45241 | L148: 147 | M148: =IF('Submit here'!B148>0,'Submit here'!B148,"") -> NKL | N148: =IF('Submit here'!C148>0,'Submit here'!C148,"") -> 45226 | O148: =IF('Submit here'!D148>0,'Submit here'!D148,"") | P148: =IF('Submit here'!E148>0,'Submit here'!E148,"") | Q148: =IF('Submit here'!F148>0,'Submit here'!F148,"")
A149: D01 | B149: =B148 -> 0 | C149: =C148 -> 0 | I149: =I148 -> FM | J149: =J148 -> VSS | K149: =K148 -> 45241 | L149: 148 | M149: =IF('Submit here'!B149>0,'Submit here'!B149,"") -> NKL | N149: =IF('Submit here'!C149>0,'Submit here'!C149,"") -> 45226 | O149: =IF('Submit here'!D149>0,'Submit here'!D149,"") | P149: =IF('Submit here'!E149>0,'Submit here'!E149,"") | Q149: =IF('Submit here'!F149>0,'Submit here'!F149,"")
A150: A02 | B150: =B149 -> 0 | C150: =C149 -> 0 | I150: =I149 -> FM | J150: =J149 -> VSS | K150: =K149 -> 45241 | L150: 149 | M150: =IF('Submit here'!B150>0,'Submit here'!B150,"") -> NKL | N150: =IF('Submit here'!C150>0,'Submit here'!C150,"") -> 45226 | O150: =IF('Submit here'!D150>0,'Submit here'!D150,"") | P150: =IF('Submit here'!E150>0,'Submit here'!E150,"") | Q150: =IF('Submit here'!F150>0,'Submit here'!F150,"")
A151: B02 | B151: =B150 -> 0 | C151: =C150 -> 0 | I151: =I150 -> FM | J151: =J150 -> VSS | K151: =K150 -> 45241 | L151: 150 | M151: =IF('Submit here'!B151>0,'Submit here'!B151,"") -> NKL | N151: =IF('Submit here'!C151>0,'Submit here'!C151,"") -> 45226 | O151: =IF('Submit here'!D151>0,'Submit here'!D151,"") | P151: =IF('Submit here'!E151>0,'Submit here'!E151,"") | Q151: =IF('Submit here'!F151>0,'Submit here'!F151,"")
A152: C02 | B152: =B151 -> 0 | C152: =C151 -> 0 | I152: =I151 -> FM | J152: =J151 -> VSS | K152: =K151 -> 45241 | L152: 151 | M152: =IF('Submit here'!B152>0,'Submit here'!B152,"") -> NKL | N152: =IF('Submit here'!C152>0,'Submit here'!C152,"") -> 45226 | O152: =IF('Submit here'!D152>0,'Submit here'!D152,"") | P152: =IF('Submit here'!E152>0,'Submit here'!E152,"") | Q152: =IF('Submit here'!F152>0,'Submit here'!F152,"")
A153: D02 | B153: =B152 -> 0 | C153: =C152 -> 0 | I153: =I152 -> FM | J153: =J152 -> VSS | K153: =K152 -> 45241 | L153: 152 | M153: =IF('Submit here'!B153>0,'Submit here'!B153,"") -> NKL | N153: =IF('Submit here'!C153>0,'Submit here'!C153,"") -> 45226 | O153: =IF('Submit here'!D153>0,'Submit here'!D153,"") | P153: =IF('Submit here'!E153>0,'Submit here'!E153,"") | Q153: =IF('Submit here'!F153>0,'Submit here'!F153,"")
A154: A03 | B154: =B153 -> 0 | C154: =C153 -> 0 | I154: =I153 -> FM | J154: =J153 -> VSS | K154: =K153 -> 45241 | L154: 153 | M154: =IF('Submit here'!B154>0,'Submit here'!B154,"") -> NKL | N154: =IF('Submit here'!C154>0,'Submit here'!C154,"") -> 45226 | O154: =IF('Submit here'!D154>0,'Submit here'!D154,"") | P154: =IF('Submit here'!E154>0,'Submit here'!E154,"") | Q154: =IF('Submit here'!F154>0,'Submit here'!F154,"")
A155: B03 | B155: =B154 -> 0 | C155: =C154 -> 0 | I155: =I154 -> FM | J155: =J154 -> VSS | K155: =K154 -> 45241 | L155: 154 | M155: =IF('Submit here'!B155>0,'Submit here'!B155,"") -> NKL | N155: =IF('Submit here'!C155>0,'Submit here'!C155,"") -> 45226 | O155: =IF('Submit here'!D155>0,'Submit here'!D155,"") | P155: =IF('Submit here'!E155>0,'Submit here'!E155,"") | Q155: =IF('Submit here'!F155>0,'Submit here'!F155,"")
A156: C03 | B156: =B155 -> 0 | C156: =C155 -> 0 | I156: =I155 -> FM | J156: =J155 -> VSS | K156: =K155 -> 45241 | L156: 155 | M156: =IF('Submit here'!B156>0,'Submit here'!B156,"") -> NKL | N156: =IF('Submit here'!C156>0,'Submit here'!C156,"") -> 45226 | O156: =IF('Submit here'!D156>0,'Submit here'!D156,"") | P156: =IF('Submit here'!E156>0,'Submit here'!E156,"") | Q156: =IF('Submit here'!F156>0,'Submit here'!F156,"")
A157: D03 | B157: =B156 -> 0 | C157: =C156 -> 0 | I157: =I156 -> FM | J157: =J156 -> VSS | K157: =K156 -> 45241 | L157: 156 | M157: =IF('Submit here'!B157>0,'Submit here'!B157,"") -> NKL | N157: =IF('Submit here'!C157>0,'Submit here'!C157,"") -> 45226 | O157: =IF('Submit here'!D157>0,'Submit here'!D157,"") | P157: =IF('Submit here'!E157>0,'Submit here'!E157,"") | Q157: =IF('Submit here'!F157>0,'Submit here'!F157,"")
A158: A04 | B158: =B157 -> 0 | C158: =C157 -> 0 | I158: =I157 -> FM | J158: =J157 -> VSS | K158: =K157 -> 45241 | L158: 157 | M158: =IF('Submit here'!B158>0,'Submit here'!B158,"") -> NKL | N158: =IF('Submit here'!C158>0,'Submit here'!C158,"") -> 45226 | O158: =IF('Submit here'!D158>0,'Submit here'!D158,"") | P158: =IF('Submit here'!E158>0,'Submit here'!E158,"") | Q158: =IF('Submit here'!F158>0,'Submit here'!F158,"")
... A169: D06 | B169: =B168 -> 0 | C169: =C168 -> 0 | I169: =I168 -> FM | J169: =J168 -> VSS | K169: =K168 -> 45241 | L169: 168 | M169: =IF('Submit here'!B169>0,'Submit here'!B169,"") -> NKL | N169: =IF('Submit here'!C169>0,'Submit here'!C169,"") -> 45226 | O169: =IF('Submit here'!D169>0,'Submit here'!D169,"") | P169: =IF('Submit here'!E169>0,'Submit here'!E169,"") | Q169: =IF('Submit here'!F169>0,'Submit here'!F169,"")
A170: A01 | I170: =I169 -> FM | J170: =J169 -> VSS | K170: =K169 -> 45241 | L170: 169 | M170: =IF('Submit here'!B170>0,'Submit here'!B170,"") -> NKL | N170: =IF('Submit here'!C170>0,'Submit here'!C170,"") -> 45226 | O170: =IF('Submit here'!D170>0,'Submit here'!D170,"") | P170: =IF('Submit here'!E170>0,'Submit here'!E170,"") | Q170: =IF('Submit here'!F170>0,'Submit here'!F170,"")
A171: B01 | B171: =B170 -> 0 | C171: =C170 -> 0 | I171: =I170 -> FM | J171: =J170 -> VSS | K171: =K170 -> 45241 | L171: 170 | M171: =IF('Submit here'!B171>0,'Submit here'!B171,"") -> NKL | N171: =IF('Submit here'!C171>0,'Submit here'!C171,"") -> 45226 | O171: =IF('Submit here'!D171>0,'Submit here'!D171,"") | P171: =IF('Submit here'!E171>0,'Submit here'!E171,"") | Q171: =IF('Submit here'!F171>0,'Submit here'!F171,"")
A172: C01 | B172: =B171 -> 0 | C172: =C171 -> 0 | I172: =I171 -> FM | J172: =J171 -> VSS | K172: =K171 -> 45241 | L172: 171 | M172: =IF('Submit here'!B172>0,'Submit here'!B172,"") -> NKL | N172: =IF('Submit here'!C172>0,'Submit here'!C172,"") -> 45226 | O172: =IF('Submit here'!D172>0,'Submit here'!D172,"") | P172: =IF('Submit here'!E172>0,'Submit here'!E172,"") | Q172: =IF('Submit here'!F172>0,'Submit here'!F172,"")
A173: D01 | B173: =B172 -> 0 | C173: =C172 -> 0 | I173: =I172 -> FM | J173: =J172 -> VSS | K173: =K172 -> 45241 | L173: 172 | M173: =IF('Submit here'!B173>0,'Submit here'!B173,"") -> NKL | N173: =IF('Submit here'!C173>0,'Submit here'!C173,"") -> 45226 | O173: =IF('Submit here'!D173>0,'Submit here'!D173,"") | P173: =IF('Submit here'!E173>0,'Submit here'!E173,"") | Q173: =IF('Submit here'!F173>0,'Submit here'!F173,"")
A174: A02 | B174: =B173 -> 0 | C174: =C173 -> 0 | I174: =I173 -> FM | J174: =J173 -> VSS | K174: =K173 -> 45241 | L174: 173 | M174: =IF('Submit here'!B174>0,'Submit here'!B174,"") -> NKL | N174: =IF('Submit here'!C174>0,'Submit here'!C174,"") -> 45226 | O174: =IF('Submit here'!D174>0,'Submit here'!D174,"") | P174: =IF('Submit here'!E174>0,'Submit here'!E174,"") | Q174: =IF('Submit here'!F174>0,'Submit here'!F174,"")
A175: B02 | B175: =B174 -> 0 | C175: =C174 -> 0 | I175: =I174 -> FM | J175: =J174 -> VSS | K175: =K174 -> 45241 | L175: 174 | M175: =IF('Submit here'!B175>0,'Submit here'!B175,"") -> NKL | N175: =IF('Submit here'!C175>0,'Submit here'!C175,"") -> 45226 | O175: =IF('Submit here'!D175>0,'Submit here'!D175,"") | P175: =IF('Submit here'!E175>0,'Submit here'!E175,"") | Q175: =IF('Submit here'!F175>0,'Submit here'!F175,"")
A176: C02 | B176: =B175 -> 0 | C176: =C175 -> 0 | I176: =I175 -> FM | J176: =J175 -> VSS | K176: =K175 -> 45241 | L176: 175 | M176: =IF('Submit here'!B176>0,'Submit here'!B176,"") -> NKL | N176: =IF('Submit here'!C176>0,'Submit here'!C176,"") -> 45226 | O176: =IF('Submit here'!D176>0,'Submit here'!D176,"") | P176: =IF('Submit here'!E176>0,'Submit here'!E176,"") | Q176: =IF('Submit here'!F176>0,'Submit here'!F176,"")
A177: D02 | B177: =B176 -> 0 | C177: =C176 -> 0 | I177: =I176 -> FM | J177: =J176 -> VSS | K177: =K176 -> 45241 | L177: 176 | M177: =IF('Submit here'!B177>0,'Submit here'!B177,"") -> NKL | N177: =IF('Submit here'!C177>0,'Submit here'!C177,"") -> 45226 | O177: =IF('Submit here'!D177>0,'Submit here'!D177,"") | P177: =IF('Submit here'!E177>0,'Submit here'!E177,"") | Q177: =IF('Submit here'!F177>0,'Submit here'!F177,"")
A178: A03 | B178: =B177 -> 0 | C178: =C177 -> 0 | I178: =I177 -> FM | J178: =J177 -> VSS | K178: =K177 -> 45241 | L178: 177 | M178: =IF('Submit here'!B178>0,'Submit here'!B178,"") -> NKL | N178: =IF('Submit here'!C178>0,'Submit here'!C178,"") -> 45226 | O178: =IF('Submit here'!D178>0,'Submit here'!D178,"") | P178: =IF('Submit here'!E178>0,'Submit here'!E178,"") | Q178: =IF('Submit here'!F178>0,'Submit here'!F178,"")
A179: B03 | B179: =B178 -> 0 | C179: =C178 -> 0 | I179: =I178 -> FM | J179: =J178 -> VSS | K179: =K178 -> 45241 | L179: 178 | M179: =IF('Submit here'!B179>0,'Submit here'!B179,"") -> NKL | N179: =IF('Submit here'!C179>0,'Submit here'!C179,"") -> 45226 | O179: =IF('Submit here'!D179>0,'Submit here'!D179,"") | P179: =IF('Submit here'!E179>0,'Submit here'!E179,"") | Q179: =IF('Submit here'!F179>0,'Submit here'!F179,"")
A180: C03 | B180: =B179 -> 0 | C180: =C179 -> 0 | I180: =I179 -> FM | J180: =J179 -> VSS | K180: =K179 -> 45241 | L180: 179 | M180: =IF('Submit here'!B180>0,'Submit here'!B180,"") -> NKL | N180: =IF('Submit here'!C180>0,'Submit here'!C180,"") -> 45226 | O180: =IF('Submit here'!D180>0,'Submit here'!D180,"") | P180: =IF('Submit here'!E180>0,'Submit here'!E180,"") | Q180: =IF('Submit here'!F180>0,'Submit here'!F180,"")
A181: D03 | B181: =B180 -> 0 | C181: =C180 -> 0 | I181: =I180 -> FM | J181: =J180 -> VSS | K181: =K180 -> 45241 | L181: 180 | M181: =IF('Submit here'!B181>0,'Submit here'!B181,"") -> NKL | N181: =IF('Submit here'!C181>0,'Submit here'!C181,"") -> 45226 | O181: =IF('Submit here'!D181>0,'Submit here'!D181,"") | P181: =IF('Submit here'!E181>0,'Submit here'!E181,"") | Q181: =IF('Submit here'!F181>0,'Submit here'!F181,"")
A182: A04 | B182: =B181 -> 0 | C182: =C181 -> 0 | I182: =I181 -> FM | J182: =J181 -> VSS | K182: =K181 -> 45241 | L182: 181 | M182: =IF('Submit here'!B182>0,'Submit here'!B182,"") -> NKL | N182: =IF('Submit here'!C182>0,'Submit here'!C182,"") -> 45226 | O182: =IF('Submit here'!D182>0,'Submit here'!D182,"") | P182: =IF('Submit here'!E182>0,'Submit here'!E182,"") | Q182: =IF('Submit here'!F182>0,'Submit here'!F182,"")
... A193: D06 | B193: =B192 -> 0 | C193: =C192 -> 0 | I193: =I192 -> FM | J193: =J192 -> VSS | K193: =K192 -> 45241 | L193: 192 | M193: =IF('Submit here'!B193>0,'Submit here'!B193,"") -> NKL | N193: =IF('Submit here'!C193>0,'Submit here'!C193,"") -> 45226 | O193: =IF('Submit here'!D193>0,'Submit here'!D193,"") | P193: =IF('Submit here'!E193>0,'Submit here'!E193,"") | Q193: =IF('Submit here'!F193>0,'Submit here'!F193,"")
A194: A01 | I194: =I193 -> FM | J194: =J193 -> VSS | K194: =K193 -> 45241 | L194: 193 | M194: =IF('Submit here'!B194>0,'Submit here'!B194,"") -> NKL | N194: =IF('Submit here'!C194>0,'Submit here'!C194,"") -> 45226 | O194: =IF('Submit here'!D194>0,'Submit here'!D194,"") | P194: =IF('Submit here'!E194>0,'Submit here'!E194,"") | Q194: =IF('Submit here'!F194>0,'Submit here'!F194,"")
A195: B01 | B195: =B194 -> 0 | C195: =C194 -> 0 | I195: =I194 -> FM | J195: =J194 -> VSS | K195: =K194 -> 45241 | L195: 194 | M195: =IF('Submit here'!B195>0,'Submit here'!B195,"") -> NKL | N195: =IF('Submit here'!C195>0,'Submit here'!C195,"") -> 45226 | O195: =IF('Submit here'!D195>0,'Submit here'!D195,"") | P195: =IF('Submit here'!E195>0,'Submit here'!E195,"") | Q195: =IF('Submit here'!F195>0,'Submit here'!F195,"")
A196: C01 | B196: =B195 -> 0 | C196: =C195 -> 0 | I196: =I195 -> FM | J196: =J195 -> VSS | K196: =K195 -> 45241 | L196: 195 | M196: =IF('Submit here'!B196>0,'Submit here'!B196,"") -> NKL | N196: =IF('Submit here'!C196>0,'Submit here'!C196,"") -> 45226 | O196: =IF('Submit here'!D196>0,'Submit here'!D196,"") | P196: =IF('Submit here'!E196>0,'Submit here'!E196,"") | Q196: =IF('Submit here'!F196>0,'Submit here'!F196,"")
A197: D01 | B197: =B196 -> 0 | C197: =C196 -> 0 | I197: =I196 -> FM | J197: =J196 -> VSS | K197: =K196 -> 45241 | L197: 196 | M197: =IF('Submit here'!B197>0,'Submit here'!B197,"") -> NKL | N197: =IF('Submit here'!C197>0,'Submit here'!C197,"") -> 45226 | O197: =IF('Submit here'!D197>0,'Submit here'!D197,"") | P197: =IF('Submit here'!E197>0,'Submit here'!E197,"") | Q197: =IF('Submit here'!F197>0,'Submit here'!F197,"")
A198: A02 | B198: =B197 -> 0 | C198: =C197 -> 0 | I198: =I197 -> FM | J198: =J197 -> VSS | K198: =K197 -> 45241 | L198: 197 | M198: =IF('Submit here'!B198>0,'Submit here'!B198,"") -> NKL | N198: =IF('Submit here'!C198>0,'Submit here'!C198,"") -> 45226 | O198: =IF('Submit here'!D198>0,'Submit here'!D198,"") | P198: =IF('Submit here'!E198>0,'Submit here'!E198,"") | Q198: =IF('Submit here'!F198>0,'Submit here'!F198,"")
A199: B02 | B199: =B198 -> 0 | C199: =C198 -> 0 | I199: =I198 -> FM | J199: =J198 -> VSS | K199: =K198 -> 45241 | L199: 198 | M199: =IF('Submit here'!B199>0,'Submit here'!B199,"") -> NKL | N199: =IF('Submit here'!C199>0,'Submit here'!C199,"") -> 45226 | O199: =IF('Submit here'!D199>0,'Submit here'!D199,"") | P199: =IF('Submit here'!E199>0,'Submit here'!E199,"") | Q199: =IF('Submit here'!F199>0,'Submit here'!F199,"")
A200: C02 | B200: =B199 -> 0 | C200: =C199 -> 0 | I200: =I199 -> FM | J200: =J199 -> VSS | K200: =K199 -> 45241 | L200: 199 | M200: =IF('Submit here'!B200>0,'Submit here'!B200,"") -> NKL | N200: =IF('Submit here'!C200>0,'Submit here'!C200,"") -> 45226 | O200: =IF('Submit here'!D200>0,'Submit here'!D200,"") | P200: =IF('Submit here'!E200>0,'Submit here'!E200,"") | Q200: =IF('Submit here'!F200>0,'Submit here'!F200,"")
A201: D02 | B201: =B200 -> 0 | C201: =C200 -> 0 | I201: =I200 -> FM | J201: =J200 -> VSS | K201: =K200 -> 45241 | L201: 200 | M201: =IF('Submit here'!B201>0,'Submit here'!B201,"") -> NKL | N201: =IF('Submit here'!C201>0,'Submit here'!C201,"") -> 45226 | O201: =IF('Submit here'!D201>0,'Submit here'!D201,"") | P201: =IF('Submit here'!E201>0,'Submit here'!E201,"") | Q201: =IF('Submit here'!F201>0,'Submit here'!F201,"")
A202: A03 | B202: =B201 -> 0 | C202: =C201 -> 0 | I202: =I201 -> FM | J202: =J201 -> VSS | K202: =K201 -> 45241 | L202: 201 | M202: =IF('Submit here'!B202>0,'Submit here'!B202,"") -> NKL | N202: =IF('Submit here'!C202>0,'Submit here'!C202,"") -> 45226 | O202: =IF('Submit here'!D202>0,'Submit here'!D202,"") | P202: =IF('Submit here'!E202>0,'Submit here'!E202,"") | Q202: =IF('Submit here'!F202>0,'Submit here'!F202,"")
A203: B03 | B203: =B202 -> 0 | C203: =C202 -> 0 | I203: =I202 -> FM | J203: =J202 -> VSS | K203: =K202 -> 45241 | L203: 202 | M203: =IF('Submit here'!B203>0,'Submit here'!B203,"") -> NKL | N203: =IF('Submit here'!C203>0,'Submit here'!C203,"") -> 45226 | O203: =IF('Submit here'!D203>0,'Submit here'!D203,"") | P203: =IF('Submit here'!E203>0,'Submit here'!E203,"") | Q203: =IF('Submit here'!F203>0,'Submit here'!F203,"")
A204: C03 | B204: =B203 -> 0 | C204: =C203 -> 0 | I204: =I203 -> FM | J204: =J203 -> VSS | K204: =K203 -> 45241 | L204: 203 | M204: =IF('Submit here'!B204>0,'Submit here'!B204,"") -> NKL | N204: =IF('Submit here'!C204>0,'Submit here'!C204,"") -> 45226 | O204: =IF('Submit here'!D204>0,'Submit here'!D204,"") | P204: =IF('Submit here'!E204>0,'Submit here'!E204,"") | Q204: =IF('Submit here'!F204>0,'Submit here'!F204,"")
A205: D03 | B205: =B204 -> 0 | C205: =C204 -> 0 | I205: =I204 -> FM | J205: =J204 -> VSS | K205: =K204 -> 45241 | L205: 204 | M205: =IF('Submit here'!B205>0,'Submit here'!B205,"") -> NKL | N205: =IF('Submit here'!C205>0,'Submit here'!C205,"") -> 45226 | O205: =IF('Submit here'!D205>0,'Submit here'!D205,"") | P205: =IF('Submit here'!E205>0,'Submit here'!E205,"") | Q205: =IF('Submit here'!F205>0,'Submit here'!F205,"")
A206: A04 | B206: =B205 -> 0 | C206: =C205 -> 0 | I206: =I205 -> FM | J206: =J205 -> VSS | K206: =K205 -> 45241 | L206: 205 | M206: =IF('Submit here'!B206>0,'Submit here'!B206,"") -> NKL | N206: =IF('Submit here'!C206>0,'Submit here'!C206,"") -> 45226 | O206: =IF('Submit here'!D206>0,'Submit here'!D206,"") | P206: =IF('Submit here'!E206>0,'Submit here'!E206,"") | Q206: =IF('Submit here'!F206>0,'Submit here'!F206,"")
... A217: D06 | B217: =B216 -> 0 | C217: =C216 -> 0 | I217: =I216 -> FM | J217: =J216 -> VSS | K217: =K216 -> 45241 | L217: 216 | M217: =IF('Submit here'!B217>0,'Submit here'!B217,"") -> NKL | N217: =IF('Submit here'!C217>0,'Submit here'!C217,"") -> 45226 | O217: =IF('Submit here'!D217>0,'Submit here'!D217,"") | P217: =IF('Submit here'!E217>0,'Submit here'!E217,"") | Q217: =IF('Submit here'!F217>0,'Submit here'!F217,"")
A218: A01 | I218: =I217 -> FM | J218: =J217 -> VSS | K218: =K217 -> 45241 | L218: 217 | M218: =IF('Submit here'!B218>0,'Submit here'!B218,"") -> NKL | N218: =IF('Submit here'!C218>0,'Submit here'!C218,"") -> 45226 | O218: =IF('Submit here'!D218>0,'Submit here'!D218,"") | P218: =IF('Submit here'!E218>0,'Submit here'!E218,"") | Q218: =IF('Submit here'!F218>0,'Submit here'!F218,"")
A219: B01 | B219: =B218 -> 0 | C219: =C218 -> 0 | I219: =I218 -> FM | J219: =J218 -> VSS | K219: =K218 -> 45241 | L219: 218 | M219: =IF('Submit here'!B219>0,'Submit here'!B219,"") -> NKL | N219: =IF('Submit here'!C219>0,'Submit here'!C219,"") -> 45226 | O219: =IF('Submit here'!D219>0,'Submit here'!D219,"") | P219: =IF('Submit here'!E219>0,'Submit here'!E219,"") | Q219: =IF('Submit here'!F219>0,'Submit here'!F219,"")
A220: C01 | B220: =B219 -> 0 | C220: =C219 -> 0 | I220: =I219 -> FM | J220: =J219 -> VSS | K220: =K219 -> 45241 | L220: 219 | M220: =IF('Submit here'!B220>0,'Submit here'!B220,"") -> NKL | N220: =IF('Submit here'!C220>0,'Submit here'!C220,"") -> 45226 | O220: =IF('Submit here'!D220>0,'Submit here'!D220,"") | P220: =IF('Submit here'!E220>0,'Submit here'!E220,"") | Q220: =IF('Submit here'!F220>0,'Submit here'!F220,"")
A221: D01 | B221: =B220 -> 0 | C221: =C220 -> 0 | I221: =I220 -> FM | J221: =J220 -> VSS | K221: =K220 -> 45241 | L221: 220 | M221: =IF('Submit here'!B221>0,'Submit here'!B221,"") -> NKL | N221: =IF('Submit here'!C221>0,'Submit here'!C221,"") -> 45226 | O221: =IF('Submit here'!D221>0,'Submit here'!D221,"") | P221: =IF('Submit here'!E221>0,'Submit here'!E221,"") | Q221: =IF('Submit here'!F221>0,'Submit here'!F221,"")
A222: A02 | B222: =B221 -> 0 | C222: =C221 -> 0 | I222: =I221 -> FM | J222: =J221 -> VSS | K222: =K221 -> 45241 | L222: 221 | M222: =IF('Submit here'!B222>0,'Submit here'!B222,"") -> NKL | N222: =IF('Submit here'!C222>0,'Submit here'!C222,"") -> 45226 | O222: =IF('Submit here'!D222>0,'Submit here'!D222,"") | P222: =IF('Submit here'!E222>0,'Submit here'!E222,"") | Q222: =IF('Submit here'!F222>0,'Submit here'!F222,"")
A223: B02 | B223: =B222 -> 0 | C223: =C222 -> 0 | I223: =I222 -> FM | J223: =J222 -> VSS | K223: =K222 -> 45241 | L223: 222 | M223: =IF('Submit here'!B223>0,'Submit here'!B223,"") -> NKL | N223: =IF('Submit here'!C223>0,'Submit here'!C223,"") -> 45226 | O223: =IF('Submit here'!D223>0,'Submit here'!D223,"") | P223: =IF('Submit here'!E223>0,'Submit here'!E223,"") | Q223: =IF('Submit here'!F223>0,'Submit here'!F223,"")
A224: C02 | B224: =B223 -> 0 | C224: =C223 -> 0 | I224: =I223 -> FM | J224: =J223 -> VSS | K224: =K223 -> 45241 | L224: 223 | M224: =IF('Submit here'!B224>0,'Submit here'!B224,"") -> NKL | N224: =IF('Submit here'!C224>0,'Submit here'!C224,"") -> 45226 | O224: =IF('Submit here'!D224>0,'Submit here'!D224,"") | P224: =IF('Submit here'!E224>0,'Submit here'!E224,"") | Q224: =IF('Submit here'!F224>0,'Submit here'!F224,"")
A225: D02 | B225: =B224 -> 0 | C225: =C224 -> 0 | I225: =I224 -> FM | J225: =J224 -> VSS | K225: =K224 -> 45241 | L225: 224 | M225: =IF('Submit here'!B225>0,'Submit here'!B225,"") -> NKL | N225: =IF('Submit here'!C225>0,'Submit here'!C225,"") -> 45226 | O225: =IF('Submit here'!D225>0,'Submit here'!D225,"") | P225: =IF('Submit here'!E225>0,'Submit here'!E225,"") | Q225: =IF('Submit here'!F225>0,'Submit here'!F225,"")
A226: A03 | B226: =B225 -> 0 | C226: =C225 -> 0 | I226: =I225 -> FM | J226: =J225 -> VSS | K226: =K225 -> 45241 | L226: 225 | M226: =IF('Submit here'!B226>0,'Submit here'!B226,"") -> NKL | N226: =IF('Submit here'!C226>0,'Submit here'!C226,"") -> 45226 | O226: =IF('Submit here'!D226>0,'Submit here'!D226,"") | P226: =IF('Submit here'!E226>0,'Submit here'!E226,"") | Q226: =IF('Submit here'!F226>0,'Submit here'!F226,"")
A227: B03 | B227: =B226 -> 0 | C227: =C226 -> 0 | I227: =I226 -> FM | J227: =J226 -> VSS | K227: =K226 -> 45241 | L227: 226 | M227: =IF('Submit here'!B227>0,'Submit here'!B227,"") -> NKL | N227: =IF('Submit here'!C227>0,'Submit here'!C227,"") -> 45226 | O227: =IF('Submit here'!D227>0,'Submit here'!D227,"") | P227: =IF('Submit here'!E227>0,'Submit here'!E227,"") | Q227: =IF('Submit here'!F227>0,'Submit here'!F227,"")
A228: C03 | B228: =B227 -> 0 | C228: =C227 -> 0 | I228: =I227 -> FM | J228: =J227 -> VSS | K228: =K227 -> 45241 | L228: 227 | M228: =IF('Submit here'!B228>0,'Submit here'!B228,"") -> NKL | N228: =IF('Submit here'!C228>0,'Submit here'!C228,"") -> 45226 | O228: =IF('Submit here'!D228>0,'Submit here'!D228,"") | P228: =IF('Submit here'!E228>0,'Submit here'!E228,"") | Q228: =IF('Submit here'!F228>0,'Submit here'!F228,"")
A229: D03 | B229: =B228 -> 0 | C229: =C228 -> 0 | I229: =I228 -> FM | J229: =J228 -> VSS | K229: =K228 -> 45241 | L229: 228 | M229: =IF('Submit here'!B229>0,'Submit here'!B229,"") -> NKL | N229: =IF('Submit here'!C229>0,'Submit here'!C229,"") -> 45226 | O229: =IF('Submit here'!D229>0,'Submit here'!D229,"") | P229: =IF('Submit here'!E229>0,'Submit here'!E229,"") | Q229: =IF('Submit here'!F229>0,'Submit here'!F229,"")
A230: A04 | B230: =B229 -> 0 | C230: =C229 -> 0 | I230: =I229 -> FM | J230: =J229 -> VSS | K230: =K229 -> 45241 | L230: 229 | M230: =IF('Submit here'!B230>0,'Submit here'!B230,"") -> NKL | N230: =IF('Submit here'!C230>0,'Submit here'!C230,"") -> 45226 | O230: =IF('Submit here'!D230>0,'Submit here'!D230,"") | P230: =IF('Submit here'!E230>0,'Submit here'!E230,"") | Q230: =IF('Submit here'!F230>0,'Submit here'!F230,"")
... A241: D06 | B241: =B240 -> 0 | C241: =C240 -> 0 | I241: =I240 -> FM | J241: =J240 -> VSS | K241: =K240 -> 45241 | L241: 240 | M241: =IF('Submit here'!B241>0,'Submit here'!B241,"") -> NKL | N241: =IF('Submit here'!C241>0,'Submit here'!C241,"") -> 45226 | O241: =IF('Submit here'!D241>0,'Submit here'!D241,"") | P241: =IF('Submit here'!E241>0,'Submit here'!E241,"") | Q241: =IF('Submit here'!F241>0,'Submit here'!F241,"")
A242: A01 | I242: =I241 -> FM | J242: =J241 -> VSS | K242: =K241 -> 45241 | L242: 241 | M242: =IF('Submit here'!B242>0,'Submit here'!B242,"") -> NKL | N242: =IF('Submit here'!C242>0,'Submit here'!C242,"") -> 45226 | O242: =IF('Submit here'!D242>0,'Submit here'!D242,"") | P242: =IF('Submit here'!E242>0,'Submit here'!E242,"") | Q242: =IF('Submit here'!F242>0,'Submit here'!F242,"")
A243: B01 | B243: =B242 -> 0 | C243: =C242 -> 0 | I243: =I242 -> FM | J243: =J242 -> VSS | K243: =K242 -> 45241 | L243: 242 | M243: =IF('Submit here'!B243>0,'Submit here'!B243,"") -> NKL | N243: =IF('Submit here'!C243>0,'Submit here'!C243,"") -> 45226 | O243: =IF('Submit here'!D243>0,'Submit here'!D243,"") | P243: =IF('Submit here'!E243>0,'Submit here'!E243,"") | Q243: =IF('Submit here'!F243>0,'Submit here'!F243,"")
A244: C01 | B244: =B243 -> 0 | C244: =C243 -> 0 | I244: =I243 -> FM | J244: =J243 -> VSS | K244: =K243 -> 45241 | L244: 243 | M244: =IF('Submit here'!B244>0,'Submit here'!B244,"") -> NKL | N244: =IF('Submit here'!C244>0,'Submit here'!C244,"") -> 45226 | O244: =IF('Submit here'!D244>0,'Submit here'!D244,"") | P244: =IF('Submit here'!E244>0,'Submit here'!E244,"") | Q244: =IF('Submit here'!F244>0,'Submit here'!F244,"")
A245: D01 | B245: =B244 -> 0 | C245: =C244 -> 0 | I245: =I244 -> FM | J245: =J244 -> VSS | K245: =K244 -> 45241 | L245: 244 | M245: =IF('Submit here'!B245>0,'Submit here'!B245,"") -> NKL | N245: =IF('Submit here'!C245>0,'Submit here'!C245,"") -> 45226 | O245: =IF('Submit here'!D245>0,'Submit here'!D245,"") | P245: =IF('Submit here'!E245>0,'Submit here'!E245,"") | Q245: =IF('Submit here'!F245>0,'Submit here'!F245,"")
A246: A02 | B246: =B245 -> 0 | C246: =C245 -> 0 | I246: =I245 -> FM | J246: =J245 -> VSS | K246: =K245 -> 45241 | L246: 245 | M246: =IF('Submit here'!B246>0,'Submit here'!B246,"") -> NKL | N246: =IF('Submit here'!C246>0,'Submit here'!C246,"") -> 45226 | O246: =IF('Submit here'!D246>0,'Submit here'!D246,"") | P246: =IF('Submit here'!E246>0,'Submit here'!E246,"") | Q246: =IF('Submit here'!F246>0,'Submit here'!F246,"")
A247: B02 | B247: =B246 -> 0 | C247: =C246 -> 0 | I247: =I246 -> FM | J247: =J246 -> VSS | K247: =K246 -> 45241 | L247: 246 | M247: =IF('Submit here'!B247>0,'Submit here'!B247,"") -> NKL | N247: =IF('Submit here'!C247>0,'Submit here'!C247,"") -> 45226 | O247: =IF('Submit here'!D247>0,'Submit here'!D247,"") | P247: =IF('Submit here'!E247>0,'Submit here'!E247,"") | Q247: =IF('Submit here'!F247>0,'Submit here'!F247,"")
A248: C02 | B248: =B247 -> 0 | C248: =C247 -> 0 | I248: =I247 -> FM | J248: =J247 -> VSS | K248: =K247 -> 45241 | L248: 247 | M248: =IF('Submit here'!B248>0,'Submit here'!B248,"") -> NKL | N248: =IF('Submit here'!C248>0,'Submit here'!C248,"") -> 45226 | O248: =IF('Submit here'!D248>0,'Submit here'!D248,"") | P248: =IF('Submit here'!E248>0,'Submit here'!E248,"") | Q248: =IF('Submit here'!F248>0,'Submit here'!F248,"")
A249: D02 | B249: =B248 -> 0 | C249: =C248 -> 0 | I249: =I248 -> FM | J249: =J248 -> VSS | K249: =K248 -> 45241 | L249: 248 | M249: =IF('Submit here'!B249>0,'Submit here'!B249,"") -> NKL | N249: =IF('Submit here'!C249>0,'Submit here'!C249,"") -> 45226 | O249: =IF('Submit here'!D249>0,'Submit here'!D249,"") | P249: =IF('Submit here'!E249>0,'Submit here'!E249,"") | Q249: =IF('Submit here'!F249>0,'Submit here'!F249,"")
A250: A03 | B250: =B249 -> 0 | C250: =C249 -> 0 | I250: =I249 -> FM | J250: =J249 -> VSS | K250: =K249 -> 45241 | L250: 249 | M250: =IF('Submit here'!B250>0,'Submit here'!B250,"") -> NKL | N250: =IF('Submit here'!C250>0,'Submit here'!C250,"") -> 45226 | O250: =IF('Submit here'!D250>0,'Submit here'!D250,"") | P250: =IF('Submit here'!E250>0,'Submit here'!E250,"") | Q250: =IF('Submit here'!F250>0,'Submit here'!F250,"")
A251: B03 | B251: =B250 -> 0 | C251: =C250 -> 0 | I251: =I250 -> FM | J251: =J250 -> VSS | K251: =K250 -> 45241 | L251: 250 | M251: =IF('Submit here'!B251>0,'Submit here'!B251,"") -> NKL | N251: =IF('Submit here'!C251>0,'Submit here'!C251,"") -> 45226 | O251: =IF('Submit here'!D251>0,'Submit here'!D251,"") | P251: =IF('Submit here'!E251>0,'Submit here'!E251,"") | Q251: =IF('Submit here'!F251>0,'Submit here'!F251,"")
A252: C03 | B252: =B251 -> 0 | C252: =C251 -> 0 | I252: =I251 -> FM | J252: =J251 -> VSS | K252: =K251 -> 45241 | L252: 251 | M252: =IF('Submit here'!B252>0,'Submit here'!B252,"") -> NKL | N252: =IF('Submit here'!C252>0,'Submit here'!C252,"") -> 45226 | O252: =IF('Submit here'!D252>0,'Submit here'!D252,"") | P252: =IF('Submit here'!E252>0,'Submit here'!E252,"") | Q252: =IF('Submit here'!F252>0,'Submit here'!F252,"")
A253: D03 | B253: =B252 -> 0 | C253: =C252 -> 0 | I253: =I252 -> FM | J253: =J252 -> VSS | K253: =K252 -> 45241 | L253: 252 | M253: =IF('Submit here'!B253>0,'Submit here'!B253,"") -> NKL | N253: =IF('Submit here'!C253>0,'Submit here'!C253,"") -> 45226 | O253: =IF('Submit here'!D253>0,'Submit here'!D253,"") | P253: =IF('Submit here'!E253>0,'Submit here'!E253,"") | Q253: =IF('Submit here'!F253>0,'Submit here'!F253,"")
A254: A04 | B254: =B253 -> 0 | C254: =C253 -> 0 | I254: =I253 -> FM | J254: =J253 -> VSS | K254: =K253 -> 45241 | L254: 253 | M254: =IF('Submit here'!B254>0,'Submit here'!B254,"") -> NKL | N254: =IF('Submit here'!C254>0,'Submit here'!C254,"") -> 45226 | O254: =IF('Submit here'!D254>0,'Submit here'!D254,"") | P254: =IF('Submit here'!E254>0,'Submit here'!E254,"") | Q254: =IF('Submit here'!F254>0,'Submit here'!F254,"")
... A265: D06 | B265: =B264 -> 0 | C265: =C264 -> 0 | I265: =I264 -> FM | J265: =J264 -> VSS | K265: =K264 -> 45241 | L265: 264 | M265: =IF('Submit here'!B265>0,'Submit here'!B265,"") -> NKL | N265: =IF('Submit here'!C265>0,'Submit here'!C265,"") -> 45226 | O265: =IF('Submit here'!D265>0,'Submit here'!D265,"") | P265: =IF('Submit here'!E265>0,'Submit here'!E265,"") | Q265: =IF('Submit here'!F265>0,'Submit here'!F265,"")
A266: A01 | I266: =I265 -> FM | J266: =J265 -> VSS | K266: =K265 -> 45241 | L266: 265 | M266: =IF('Submit here'!B266>0,'Submit here'!B266,"") -> NKL | N266: =IF('Submit here'!C266>0,'Submit here'!C266,"") -> 45226 | O266: =IF('Submit here'!D266>0,'Submit here'!D266,"") | P266: =IF('Submit here'!E266>0,'Submit here'!E266,"") | Q266: =IF('Submit here'!F266>0,'Submit here'!F266,"")
A267: B01 | B267: =B266 -> 0 | C267: =C266 -> 0 | I267: =I266 -> FM | J267: =J266 -> VSS | K267: =K266 -> 45241 | L267: 266 | M267: =IF('Submit here'!B267>0,'Submit here'!B267,"") -> NKL | N267: =IF('Submit here'!C267>0,'Submit here'!C267,"") -> 45226 | O267: =IF('Submit here'!D267>0,'Submit here'!D267,"") | P267: =IF('Submit here'!E267>0,'Submit here'!E267,"") | Q267: =IF('Submit here'!F267>0,'Submit here'!F267,"")
A268: C01 | B268: =B267 -> 0 | C268: =C267 -> 0 | I268: =I267 -> FM | J268: =J267 -> VSS | K268: =K267 -> 45241 | L268: 267 | M268: =IF('Submit here'!B268>0,'Submit here'!B268,"") -> NKL | N268: =IF('Submit here'!C268>0,'Submit here'!C268,"") -> 45226 | O268: =IF('Submit here'!D268>0,'Submit here'!D268,"") | P268: =IF('Submit here'!E268>0,'Submit here'!E268,"") | Q268: =IF('Submit here'!F268>0,'Submit here'!F268,"")
...

Sheet OutputForDB
A1: ArchiveSampleID | B1: PositionInRack | C1: RackName | D1: RackID | E1: BulkSampleID | F1: DepthSampledCalTape | G1: DepthOrderedCalTape | H1: OrganicContent | I1: SurfaceExposed | J1: RemarksArchiveSampling | K1: SampledBy1 | L1: SampledBy2 | M1: SamplingDate | N1: Submitter | O1: SubmissionDate | P1: NotesSubmitter
A2: =IF('For lab assistants'!D2>0,'For lab assistants'!D2,"") -> LV3005888353 | B2: =IF('For lab assistants'!D2>0,'For lab assistants'!A2,"") -> B04 | C2: =IF('For lab assistants'!B2>0,'For lab assistants'!B2,"") -> ARack0467 | D2: =IF('For lab assistants'!C2>0,'For lab assistants'!C2,"") -> LVL600038037 | E2: =IF('For lab assistants'!O2>0,'For lab assistants'!O2,"") -> Frederiksborg_Slotssø_kerne_3 | F2: =IF('For lab assistants'!E2>0,'For lab assistants'!E2,"") -> 0.5 | G2: =IF('For lab assistants'!P2>0,'For lab assistants'!P2,"") -> Continuous | H2: =IF('For lab assistants'!F2>0,'For lab assistants'!F2,"low") -> low | I2: =IF('For lab assistants'!G2>0,'For lab assistants'!G2,"no") -> no | J2: =IF('For lab assistants'!H2>0,'For lab assistants'!H2,"") | K2: =IF('For lab assistants'!I2>0,'For lab assistants'!I2,"") -> FM | L2: =IF('For lab assistants'!J2>0,'For lab assistants'!J2,"") -> VSS | M2: =IF('For lab assistants'!K2>0,'For lab assistants'!K2,"") -> 45241 | N2: =IF('For lab assistants'!D2>0,'For lab assistants'!M2,"") -> NKL | O2: =IF('For lab assistants'!D2>0,'For lab assistants'!N2,"") -> 45226 | P2: =IF(Output4SubSamplingSubmiss.!F2>0,Output4SubSamplingSubmiss.!F2,"")
A3: =IF('For lab assistants'!D3>0,'For lab assistants'!D3,"") -> LV3005888456 | B3: =IF('For lab assistants'!D3>0,'For lab assistants'!A3,"") -> C04 | C3: =IF('For lab assistants'!B3>0,'For lab assistants'!B3,"") -> ARack0467 | D3: =IF('For lab assistants'!C3>0,'For lab assistants'!C3,"") -> LVL600038037 | E3: =IF('For lab assistants'!O3>0,'For lab assistants'!O3,"") -> Frederiksborg_Slotssø_kerne_3 | F3: =IF('For lab assistants'!E3>0,'For lab assistants'!E3,"") -> 2 | G3: =IF('For lab assistants'!P3>0,'For lab assistants'!P3,"") | H3: =IF('For lab assistants'!F3>0,'For lab assistants'!F3,"low") -> low | I3: =IF('For lab assistants'!G3>0,'For lab assistants'!G3,"no") -> no | J3: =IF('For lab assistants'!H3>0,'For lab assistants'!H3,"") | K3: =IF('For lab assistants'!I3>0,'For lab assistants'!I3,"") -> FM | L3: =IF('For lab assistants'!J3>0,'For lab assistants'!J3,"") -> VSS | M3: =IF('For lab assistants'!K3>0,'For lab assistants'!K3,"") -> 45241 | N3: =IF('For lab assistants'!D3>0,'For lab assistants'!M3,"") -> NKL | O3: =IF('For lab assistants'!D3>0,'For lab assistants'!N3,"") -> 45226 | P3: =IF(Output4SubSamplingSubmiss.!F3>0,Output4SubSamplingSubmiss.!F3,"")
A4: =IF('For lab assistants'!D4>0,'For lab assistants'!D4,"") -> LV3005888363 | B4: =IF('For lab assistants'!D4>0,'For lab assistants'!A4,"") -> D04 | C4: =IF('For lab assistants'!B4>0,'For lab assistants'!B4,"") -> ARack0467 | D4: =IF('For lab assistants'!C4>0,'For lab assistants'!C4,"") -> LVL600038037 | E4: =IF('For lab assistants'!O4>0,'For lab assistants'!O4,"") -> Frederiksborg_Slotssø_kerne_3 | F4: =IF('For lab assistants'!E4>0,'For lab assistants'!E4,"") -> 3.5 | G4: =IF('For lab assistants'!P4>0,'For lab assistants'!P4,"") | H4: =IF('For lab assistants'!F4>0,'For lab assistants'!F4,"low") -> low | I4: =IF('For lab assistants'!G4>0,'For lab assistants'!G4,"no") -> no | J4: =IF('For lab assistants'!H4>0,'For lab assistants'!H4,"") | K4: =IF('For lab assistants'!I4>0,'For lab assistants'!I4,"") -> FM | L4: =IF('For lab assistants'!J4>0,'For lab assistants'!J4,"") -> VSS | M4: =IF('For lab assistants'!K4>0,'For lab assistants'!K4,"") -> 45241 | N4: =IF('For lab assistants'!D4>0,'For lab assistants'!M4,"") -> NKL | O4: =IF('For lab assistants'!D4>0,'For lab assistants'!N4,"") -> 45226 | P4: =IF(Output4SubSamplingSubmiss.!F4>0,Output4SubSamplingSubmiss.!F4,"")
A5: =IF('For lab assistants'!D5>0,'For lab assistants'!D5,"") -> LV3005888369 | B5: =IF('For lab assistants'!D5>0,'For lab assistants'!A5,"") -> A05 | C5: =IF('For lab assistants'!B5>0,'For lab assistants'!B5,"") -> ARack0467 | D5: =IF('For lab assistants'!C5>0,'For lab assistants'!C5,"") -> LVL600038037 | E5: =IF('For lab assistants'!O5>0,'For lab assistants'!O5,"") -> Frederiksborg_Slotssø_kerne_3 | F5: =IF('For lab assistants'!E5>0,'For lab assistants'!E5,"") -> 5 | G5: =IF('For lab assistants'!P5>0,'For lab assistants'!P5,"") | H5: =IF('For lab assistants'!F5>0,'For lab assistants'!F5,"low") -> low | I5: =IF('For lab assistants'!G5>0,'For lab assistants'!G5,"no") -> no | J5: =IF('For lab assistants'!H5>0,'For lab assistants'!H5,"") | K5: =IF('For lab assistants'!I5>0,'For lab assistants'!I5,"") -> FM | L5: =IF('For lab assistants'!J5>0,'For lab assistants'!J5,"") -> VSS | M5: =IF('For lab assistants'!K5>0,'For lab assistants'!K5,"") -> 45241 | N5: =IF('For lab assistants'!D5>0,'For lab assistants'!M5,"") -> NKL | O5: =IF('For lab assistants'!D5>0,'For lab assistants'!N5,"") -> 45226 | P5: =IF(Output4SubSamplingSubmiss.!F5>0,Output4SubSamplingSubmiss.!F5,"")
A6: =IF('For lab assistants'!D6>0,'For lab assistants'!D6,"") -> LV3005888352 | B6: =IF('For lab assistants'!D6>0,'For lab assistants'!A6,"") -> B05 | C6: =IF('For lab assistants'!B6>0,'For lab assistants'!B6,"") -> ARack0467 | D6: =IF('For lab assistants'!C6>0,'For lab assistants'!C6,"") -> LVL600038037 | E6: =IF('For lab assistants'!O6>0,'For lab assistants'!O6,"") -> Frederiksborg_Slotssø_kerne_3 | F6: =IF('For lab assistants'!E6>0,'For lab assistants'!E6,"") -> 6.5 | G6: =IF('For lab assistants'!P6>0,'For lab assistants'!P6,"") | H6: =IF('For lab assistants'!F6>0,'For lab assistants'!F6,"low") -> low | I6: =IF('For lab assistants'!G6>0,'For lab assistants'!G6,"no") -> no | J6: =IF('For lab assistants'!H6>0,'For lab assistants'!H6,"") | K6: =IF('For lab assistants'!I6>0,'For lab assistants'!I6,"") -> FM | L6: =IF('For lab assistants'!J6>0,'For lab assistants'!J6,"") -> VSS | M6: =IF('For lab assistants'!K6>0,'For lab assistants'!K6,"") -> 45241 | N6: =IF('For lab assistants'!D6>0,'For lab assistants'!M6,"") -> NKL | O6: =IF('For lab assistants'!D6>0,'For lab assistants'!N6,"") -> 45226 | P6: =IF(Output4SubSamplingSubmiss.!F6>0,Output4SubSamplingSubmiss.!F6,"")
A7: =IF('For lab assistants'!D7>0,'For lab assistants'!D7,"") -> LV3005888145 | B7: =IF('For lab assistants'!D7>0,'For lab assistants'!A7,"") -> C05 | C7: =IF('For lab assistants'!B7>0,'For lab assistants'!B7,"") -> ARack0467 | D7: =IF('For lab assistants'!C7>0,'For lab assistants'!C7,"") -> LVL600038037 | E7: =IF('For lab assistants'!O7>0,'For lab assistants'!O7,"") -> Frederiksborg_Slotssø_kerne_3 | F7: =IF('For lab assistants'!E7>0,'For lab assistants'!E7,"") -> 8.5 | G7: =IF('For lab assistants'!P7>0,'For lab assistants'!P7,"") | H7: =IF('For lab assistants'!F7>0,'For lab assistants'!F7,"low") -> low | I7: =IF('For lab assistants'!G7>0,'For lab assistants'!G7,"no") -> no | J7: =IF('For lab assistants'!H7>0,'For lab assistants'!H7,"") | K7: =IF('For lab assistants'!I7>0,'For lab assistants'!I7,"") -> FM | L7: =IF('For lab assistants'!J7>0,'For lab assistants'!J7,"") -> VSS | M7: =IF('For lab assistants'!K7>0,'For lab assistants'!K7,"") -> 45241 | N7: =IF('For lab assistants'!D7>0,'For lab assistants'!M7,"") -> NKL | O7: =IF('For lab assistants'!D7>0,'For lab assistants'!N7,"") -> 45226 | P7: =IF(Output4SubSamplingSubmiss.!F7>0,Output4SubSamplingSubmiss.!F7,"")
A8: =IF('For lab assistants'!D8>0,'For lab assistants'!D8,"") -> LV3005888038 | B8: =IF('For lab assistants'!D8>0,'For lab assistants'!A8,"") -> D05 | C8: =IF('For lab assistants'!B8>0,'For lab assistants'!B8,"") -> ARack0467 | D8: =IF('For lab assistants'!C8>0,'For lab assistants'!C8,"") -> LVL600038037 | E8: =IF('For lab assistants'!O8>0,'For lab assistants'!O8,"") -> Frederiksborg_Slotssø_kerne_3 | F8: =IF('For lab assistants'!E8>0,'For lab assistants'!E8,"") -> 10 | G8: =IF('For lab assistants'!P8>0,'For lab assistants'!P8,"") | H8: =IF('For lab assistants'!F8>0,'For lab assistants'!F8,"low") -> low | I8: =IF('For lab assistants'!G8>0,'For lab assistants'!G8,"no") -> no | J8: =IF('For lab assistants'!H8>0,'For lab assistants'!H8,"") | K8: =IF('For lab assistants'!I8>0,'For lab assistants'!I8,"") -> FM | L8: =IF('For lab assistants'!J8>0,'For lab assistants'!J8,"") -> VSS | M8: =IF('For lab assistants'!K8>0,'For lab assistants'!K8,"") -> 45241 | N8: =IF('For lab assistants'!D8>0,'For lab assistants'!M8,"") -> NKL | O8: =IF('For lab assistants'!D8>0,'For lab assistants'!N8,"") -> 45226 | P8: =IF(Output4SubSamplingSubmiss.!F8>0,Output4SubSamplingSubmiss.!F8,"")
A9: =IF('For lab assistants'!D9>0,'For lab assistants'!D9,"") -> LV3005888110 | B9: =IF('For lab assistants'!D9>0,'For lab assistants'!A9,"") -> A06 | C9: =IF('For lab assistants'!B9>0,'For lab assistants'!B9,"") -> ARack0467 | D9: =IF('For lab assistants'!C9>0,'For lab assistants'!C9,"") -> LVL600038037 | E9: =IF('For lab assistants'!O9>0,'For lab assistants'!O9,"") -> Frederiksborg_Slotssø_kerne_3 | F9: =IF('For lab assistants'!E9>0,'For lab assistants'!E9,"") -> 11.5 | G9: =IF('For lab assistants'!P9>0,'For lab assistants'!P9,"") | H9: =IF('For lab assistants'!F9>0,'For lab assistants'!F9,"low") -> low | I9: =IF('For lab assistants'!G9>0,'For lab assistants'!G9,"no") -> no | J9: =IF('For lab assistants'!H9>0,'For lab assistants'!H9,"") | K9: =IF('For lab assistants'!I9>0,'For lab assistants'!I9,"") -> FM | L9: =IF('For lab assistants'!J9>0,'For lab assistants'!J9,"") -> VSS | M9: =IF('For lab assistants'!K9>0,'For lab assistants'!K9,"") -> 45241 | N9: =IF('For lab assistants'!D9>0,'For lab assistants'!M9,"") -> NKL | O9: =IF('For lab assistants'!D9>0,'For lab assistants'!N9,"") -> 45226 | P9: =IF(Output4SubSamplingSubmiss.!F9>0,Output4SubSamplingSubmiss.!F9,"")
A10: =IF('For lab assistants'!D10>0,'For lab assistants'!D10,"") -> LV3005889419 | B10: =IF('For lab assistants'!D10>0,'For lab assistants'!A10,"") -> B06 | C10: =IF('For lab assistants'!B10>0,'For lab assistants'!B10,"") -> ARack0467 | D10: =IF('For lab assistants'!C10>0,'For lab assistants'!C10,"") -> LVL600038037 | E10: =IF('For lab assistants'!O10>0,'For lab assistants'!O10,"") -> Frederiksborg_Slotssø_kerne_3 | F10: =IF('For lab assistants'!E10>0,'For lab assistants'!E10,"") -> 13 | G10: =IF('For lab assistants'!P10>0,'For lab assistants'!P10,"") | H10: =IF('For lab assistants'!F10>0,'For lab assistants'!F10,"low") -> low | I10: =IF('For lab assistants'!G10>0,'For lab assistants'!G10,"no") -> no | J10: =IF('For lab assistants'!H10>0,'For lab assistants'!H10,"") | K10: =IF('For lab assistants'!I10>0,'For lab assistants'!I10,"") -> FM | L10: =IF('For lab assistants'!J10>0,'For lab assistants'!J10,"") -> VSS | M10: =IF('For lab assistants'!K10>0,'For lab assistants'!K10,"") -> 45241 | N10: =IF('For lab assistants'!D10>0,'For lab assistants'!M10,"") -> NKL | O10: =IF('For lab assistants'!D10>0,'For lab assistants'!N10,"") -> 45226 | P10: =IF(Output4SubSamplingSubmiss.!F10>0,Output4SubSamplingSubmiss.!F10,"")
A11: =IF('For lab assistants'!D11>0,'For lab assistants'!D11,"") -> LV3005888162 | B11: =IF('For lab assistants'!D11>0,'For lab assistants'!A11,"") -> C06 | C11: =IF('For lab assistants'!B11>0,'For lab assistants'!B11,"") -> ARack0467 | D11: =IF('For lab assistants'!C11>0,'For lab assistants'!C11,"") -> LVL600038037 | E11: =IF('For lab assistants'!O11>0,'For lab assistants'!O11,"") -> Frederiksborg_Slotssø_kerne_3 | F11: =IF('For lab assistants'!E11>0,'For lab assistants'!E11,"") -> 14.5 | G11: =IF('For lab assistants'!P11>0,'For lab assistants'!P11,"") | H11: =IF('For lab assistants'!F11>0,'For lab assistants'!F11,"low") -> low | I11: =IF('For lab assistants'!G11>0,'For lab assistants'!G11,"no") -> no | J11: =IF('For lab assistants'!H11>0,'For lab assistants'!H11,"") | K11: =IF('For lab assistants'!I11>0,'For lab assistants'!I11,"") -> FM | L11: =IF('For lab assistants'!J11>0,'For lab assistants'!J11,"") -> VSS | M11: =IF('For lab assistants'!K11>0,'For lab assistants'!K11,"") -> 45241 | N11: =IF('For lab assistants'!D11>0,'For lab assistants'!M11,"") -> NKL | O11: =IF('For lab assistants'!D11>0,'For lab assistants'!N11,"") -> 45226 | P11: =IF(Output4SubSamplingSubmiss.!F11>0,Output4SubSamplingSubmiss.!F11,"")
A12: =IF('For lab assistants'!D12>0,'For lab assistants'!D12,"") -> LV3005887708 | B12: =IF('For lab assistants'!D12>0,'For lab assistants'!A12,"") -> D06 | C12: =IF('For lab assistants'!B12>0,'For lab assistants'!B12,"") -> ARack0467 | D12: =IF('For lab assistants'!C12>0,'For lab assistants'!C12,"") -> LVL600038037 | E12: =IF('For lab assistants'!O12>0,'For lab assistants'!O12,"") -> Frederiksborg_Slotssø_kerne_3 | F12: =IF('For lab assistants'!E12>0,'For lab assistants'!E12,"") -> 16 | G12: =IF('For lab assistants'!P12>0,'For lab assistants'!P12,"") | H12: =IF('For lab assistants'!F12>0,'For lab assistants'!F12,"low") -> low | I12: =IF('For lab assistants'!G12>0,'For lab assistants'!G12,"no") -> no | J12: =IF('For lab assistants'!H12>0,'For lab assistants'!H12,"") | K12: =IF('For lab assistants'!I12>0,'For lab assistants'!I12,"") -> FM | L12: =IF('For lab assistants'!J12>0,'For lab assistants'!J12,"") -> VSS | M12: =IF('For lab assistants'!K12>0,'For lab assistants'!K12,"") -> 45241 | N12: =IF('For lab assistants'!D12>0,'For lab assistants'!M12,"") -> NKL | O12: =IF('For lab assistants'!D12>0,'For lab assistants'!N12,"") -> 45226 | P12: =IF(Output4SubSamplingSubmiss.!F12>0,Output4SubSamplingSubmiss.!F12,"")
A13: =IF('For lab assistants'!D13>0,'For lab assistants'!D13,"") -> LV3005888727 | B13: =IF('For lab assistants'!D13>0,'For lab assistants'!A13,"") -> A01 | C13: =IF('For lab assistants'!B13>0,'For lab assistants'!B13,"") -> ARack0475 | D13: =IF('For lab assistants'!C13>0,'For lab assistants'!C13,"") -> LVL600038051 | E13: =IF('For lab assistants'!O13>0,'For lab assistants'!O13,"") -> Frederiksborg_Slotssø_kerne_3 | F13: =IF('For lab assistants'!E13>0,'For lab assistants'!E13,"") -> 18 | G13: =IF('For lab assistants'!P13>0,'For lab assistants'!P13,"") | H13: =IF('For lab assistants'!F13>0,'For lab assistants'!F13,"low") -> low | I13: =IF('For lab assistants'!G13>0,'For lab assistants'!G13,"no") -> no | J13: =IF('For lab assistants'!H13>0,'For lab assistants'!H13,"") | K13: =IF('For lab assistants'!I13>0,'For lab assistants'!I13,"") -> FM | L13: =IF('For lab assistants'!J13>0,'For lab assistants'!J13,"") -> VSS | M13: =IF('For lab assistants'!K13>0,'For lab assistants'!K13,"") -> 45241 | N13: =IF('For lab assistants'!D13>0,'For lab assistants'!M13,"") -> NKL | O13: =IF('For lab assistants'!D13>0,'For lab assistants'!N13,"") -> 45226 | P13: =IF(Output4SubSamplingSubmiss.!F13>0,Output4SubSamplingSubmiss.!F13,"")
... A60: =IF('For lab assistants'!D60>0,'For lab assistants'!D60,"") -> LV3006009501 | B60: =IF('For lab assistants'!D60>0,'For lab assistants'!A60,"") -> D06 | C60: =IF('For lab assistants'!B60>0,'For lab assistants'!B60,"") -> ARack0476 | D60: =IF('For lab assistants'!C60>0,'For lab assistants'!C60,"") -> LVL600052415 | E60: =IF('For lab assistants'!O60>0,'For lab assistants'!O60,"") -> Frederiksborg_Slotssø_kerne_3 | F60: =IF('For lab assistants'!E60>0,'For lab assistants'!E60,"") -> 91.5 | G60: =IF('For lab assistants'!P60>0,'For lab assistants'!P60,"") | H60: =IF('For lab assistants'!F60>0,'For lab assistants'!F60,"low") -> low | I60: =IF('For lab assistants'!G60>0,'For lab assistants'!G60,"no") -> no | J60: =IF('For lab assistants'!H60>0,'For lab assistants'!H60,"") | K60: =IF('For lab assistants'!I60>0,'For lab assistants'!I60,"") -> FM | L60: =IF('For lab assistants'!J60>0,'For lab assistants'!J60,"") -> VSS | M60: =IF('For lab assistants'!K60>0,'For lab assistants'!K60,"") -> 45241 | N60: =IF('For lab assistants'!D60>0,'For lab assistants'!M60,"") -> NKL | O60: =IF('For lab assistants'!D60>0,'For lab assistants'!N60,"") -> 45226 | P60: =IF(Output4SubSamplingSubmiss.!F60>0,Output4SubSamplingSubmiss.!F60,"")
A61: =IF('For lab assistants'!D61>0,'For lab assistants'!D61,"") -> LV3006009476 | B61: =IF('For lab assistants'!D61>0,'For lab assistants'!A61,"") -> A01 | C61: =IF('For lab assistants'!B61>0,'For lab assistants'!B61,"") -> ARack0477 | D61: =IF('For lab assistants'!#REF!>0,'For lab assistants'!#REF!,"") -> #REF! | E61: =IF('For lab assistants'!O61>0,'For lab assistants'!O61,"") -> Frederiksborg_Slotssø_kerne_3 | F61: =IF('For lab assistants'!E61>0,'For lab assistants'!E61,"") -> 93 | G61: =IF('For lab assistants'!P61>0,'For lab assistants'!P61,"") | H61: =IF('For lab assistants'!F61>0,'For lab assistants'!F61,"low") -> low | I61: =IF('For lab assistants'!G61>0,'For lab assistants'!G61,"no") -> no | J61: =IF('For lab assistants'!H61>0,'For lab assistants'!H61,"") | K61: =IF('For lab assistants'!I61>0,'For lab assistants'!I61,"") -> FM | L61: =IF('For lab assistants'!J61>0,'For lab assistants'!J61,"") -> VSS | M61: =IF('For lab assistants'!K61>0,'For lab assistants'!K61,"") -> 45241 | N61: =IF('For lab assistants'!D61>0,'For lab assistants'!M61,"") -> NKL | O61: =IF('For lab assistants'!D61>0,'For lab assistants'!N61,"") -> 45226 | P61: =IF(Output4SubSamplingSubmiss.!F61>0,Output4SubSamplingSubmiss.!F61,"")
A62: =IF('For lab assistants'!D62>0,'For lab assistants'!D62,"") -> LV3006009482 | B62: =IF('For lab assistants'!D62>0,'For lab assistants'!A62,"") -> B01 | C62: =IF('For lab assistants'!B62>0,'For lab assistants'!B62,"") -> ARack0477 | D62: =IF('For lab assistants'!C61>0,'For lab assistants'!C61,"") -> LVL600052414 | E62: =IF('For lab assistants'!O62>0,'For lab assistants'!O62,"") -> Frederiksborg_Slotssø_kerne_3 | F62: =IF('For lab assistants'!E62>0,'For lab assistants'!E62,"") -> 94.5 | G62: =IF('For lab assistants'!P62>0,'For lab assistants'!P62,"") | H62: =IF('For lab assistants'!F62>0,'For lab assistants'!F62,"low") -> low | I62: =IF('For lab assistants'!G62>0,'For lab assistants'!G62,"no") -> no | J62: =IF('For lab assistants'!H62>0,'For lab assistants'!H62,"") | K62: =IF('For lab assistants'!I62>0,'For lab assistants'!I62,"") -> FM | L62: =IF('For lab assistants'!J62>0,'For lab assistants'!J62,"") -> VSS | M62: =IF('For lab assistants'!K62>0,'For lab assistants'!K62,"") -> 45241 | N62: =IF('For lab assistants'!D62>0,'For lab assistants'!M62,"") -> NKL | O62: =IF('For lab assistants'!D62>0,'For lab assistants'!N62,"") -> 45226 | P62: =IF(Output4SubSamplingSubmiss.!F62>0,Output4SubSamplingSubmiss.!F62,"")
A63: =IF('For lab assistants'!D63>0,'For lab assistants'!D63,"") -> LV3006009489 | B63: =IF('For lab assistants'!D63>0,'For lab assistants'!A63,"") -> C01 | C63: =IF('For lab assistants'!B63>0,'For lab assistants'!B63,"") -> ARack0477 | D63: =IF('For lab assistants'!C62>0,'For lab assistants'!C62,"") -> LVL600052414 | E63: =IF('For lab assistants'!O63>0,'For lab assistants'!O63,"") -> Frederiksborg_Slotssø_kerne_3 | F63: =IF('For lab assistants'!E63>0,'For lab assistants'!E63,"") -> 96 | G63: =IF('For lab assistants'!P63>0,'For lab assistants'!P63,"") | H63: =IF('For lab assistants'!F63>0,'For lab assistants'!F63,"low") -> low | I63: =IF('For lab assistants'!G63>0,'For lab assistants'!G63,"no") -> no | J63: =IF('For lab assistants'!H63>0,'For lab assistants'!H63,"") | K63: =IF('For lab assistants'!I63>0,'For lab assistants'!I63,"") -> FM | L63: =IF('For lab assistants'!J63>0,'For lab assistants'!J63,"") -> VSS | M63: =IF('For lab assistants'!K63>0,'For lab assistants'!K63,"") -> 45241 | N63: =IF('For lab assistants'!D63>0,'For lab assistants'!M63,"") -> NKL | O63: =IF('For lab assistants'!D63>0,'For lab assistants'!N63,"") -> 45226 | P63: =IF(Output4SubSamplingSubmiss.!F63>0,Output4SubSamplingSubmiss.!F63,"")
A64: =IF('For lab assistants'!D64>0,'For lab assistants'!D64,"") -> LV3006009496 | B64: =IF('For lab assistants'!D64>0,'For lab assistants'!A64,"") -> D01 | C64: =IF('For lab assistants'!B64>0,'For lab assistants'!B64,"") -> ARack0477 | D64: =IF('For lab assistants'!C64>0,'For lab assistants'!C64,"") -> LVL600052414 | E64: =IF('For lab assistants'!O64>0,'For lab assistants'!O64,"") -> Frederiksborg_Slotssø_kerne_3 | F64: =IF('For lab assistants'!E64>0,'For lab assistants'!E64,"") -> 97.5 | G64: =IF('For lab assistants'!P64>0,'For lab assistants'!P64,"") | H64: =IF('For lab assistants'!F64>0,'For lab assistants'!F64,"low") -> low | I64: =IF('For lab assistants'!G64>0,'For lab assistants'!G64,"no") -> no | J64: =IF('For lab assistants'!H64>0,'For lab assistants'!H64,"") | K64: =IF('For lab assistants'!I64>0,'For lab assistants'!I64,"") -> FM | L64: =IF('For lab assistants'!J64>0,'For lab assistants'!J64,"") -> VSS | M64: =IF('For lab assistants'!K64>0,'For lab assistants'!K64,"") -> 45241 | N64: =IF('For lab assistants'!D64>0,'For lab assistants'!M64,"") -> NKL | O64: =IF('For lab assistants'!D64>0,'For lab assistants'!N64,"") -> 45226 | P64: =IF(Output4SubSamplingSubmiss.!F64>0,Output4SubSamplingSubmiss.!F64,"")
A65: =IF('For lab assistants'!D65>0,'For lab assistants'!D65,"") -> LV3006009481 | B65: =IF('For lab assistants'!D65>0,'For lab assistants'!A65,"") -> A02 | C65: =IF('For lab assistants'!B65>0,'For lab assistants'!B65,"") -> ARack0477 | D65: =IF('For lab assistants'!C65>0,'For lab assistants'!C65,"") -> LVL600052414 | E65: =IF('For lab assistants'!O65>0,'For lab assistants'!O65,"") -> Frederiksborg_Slotssø_kerne_3 | F65: =IF('For lab assistants'!E65>0,'For lab assistants'!E65,"") -> 99.5 | G65: =IF('For lab assistants'!P65>0,'For lab assistants'!P65,"") | H65: =IF('For lab assistants'!F65>0,'For lab assistants'!F65,"low") -> low | I65: =IF('For lab assistants'!G65>0,'For lab assistants'!G65,"no") -> no | J65: =IF('For lab assistants'!H65>0,'For lab assistants'!H65,"") | K65: =IF('For lab assistants'!I65>0,'For lab assistants'!I65,"") -> FM | L65: =IF('For lab assistants'!J65>0,'For lab assistants'!J65,"") -> VSS | M65: =IF('For lab assistants'!K65>0,'For lab assistants'!K65,"") -> 45241 | N65: =IF('For lab assistants'!D65>0,'For lab assistants'!M65,"") -> NKL | O65: =IF('For lab assistants'!D65>0,'For lab assistants'!N65,"") -> 45226 | P65: =IF(Output4SubSamplingSubmiss.!F65>0,Output4SubSamplingSubmiss.!F65,"")
A66: =IF('For lab assistants'!D66>0,'For lab assistants'!D66,"") -> LV3006009475 | B66: =IF('For lab assistants'!D66>0,'For lab assistants'!A66,"") -> B02 | C66: =IF('For lab assistants'!B66>0,'For lab assistants'!B66,"") -> ARack0477 | D66: =IF('For lab assistants'!C66>0,'For lab assistants'!C66,"") -> LVL600052414 | E66: =IF('For lab assistants'!O66>0,'For lab assistants'!O66,"") -> Frederiksborg_Slotssø_kerne_3 | F66: =IF('For lab assistants'!E66>0,'For lab assistants'!E66,"") -> 101 | G66: =IF('For lab assistants'!P66>0,'For lab assistants'!P66,"") | H66: =IF('For lab assistants'!F66>0,'For lab assistants'!F66,"low") -> low | I66: =IF('For lab assistants'!G66>0,'For lab assistants'!G66,"no") -> no | J66: =IF('For lab assistants'!H66>0,'For lab assistants'!H66,"") | K66: =IF('For lab assistants'!I66>0,'For lab assistants'!I66,"") -> FM | L66: =IF('For lab assistants'!J66>0,'For lab assistants'!J66,"") -> VSS | M66: =IF('For lab assistants'!K66>0,'For lab assistants'!K66,"") -> 45241 | N66: =IF('For lab assistants'!D66>0,'For lab assistants'!M66,"") -> NKL | O66: =IF('For lab assistants'!D66>0,'For lab assistants'!N66,"") -> 45226 | P66: =IF(Output4SubSamplingSubmiss.!F66>0,Output4SubSamplingSubmiss.!F66,"")
A67: =IF('For lab assistants'!D67>0,'For lab assistants'!D67,"") -> LV3006009488 | B67: =IF('For lab assistants'!D67>0,'For lab assistants'!A67,"") -> C02 | C67: =IF('For lab assistants'!B67>0,'For lab assistants'!B67,"") -> ARack0477 | D67: =IF('For lab assistants'!C67>0,'For lab assistants'!C67,"") -> LVL600052414 | E67: =IF('For lab assistants'!O67>0,'For lab assistants'!O67,"") -> Frederiksborg_Slotssø_kerne_3 | F67: =IF('For lab assistants'!E67>0,'For lab assistants'!E67,"") -> 102.5 | G67: =IF('For lab assistants'!P67>0,'For lab assistants'!P67,"") | H67: =IF('For lab assistants'!F67>0,'For lab assistants'!F67,"low") -> low | I67: =IF('For lab assistants'!G67>0,'For lab assistants'!G67,"no") -> no | J67: =IF('For lab assistants'!H67>0,'For lab assistants'!H67,"") | K67: =IF('For lab assistants'!I67>0,'For lab assistants'!I67,"") -> FM | L67: =IF('For lab assistants'!J67>0,'For lab assistants'!J67,"") -> VSS | M67: =IF('For lab assistants'!K67>0,'For lab assistants'!K67,"") -> 45241 | N67: =IF('For lab assistants'!D67>0,'For lab assistants'!M67,"") -> NKL | O67: =IF('For lab assistants'!D67>0,'For lab assistants'!N67,"") -> 45226 | P67: =IF(Output4SubSamplingSubmiss.!F67>0,Output4SubSamplingSubmiss.!F67,"")
A68: =IF('For lab assistants'!D68>0,'For lab assistants'!D68,"") -> LV3006009495 | B68: =IF('For lab assistants'!D68>0,'For lab assistants'!A68,"") -> D02 | C68: =IF('For lab assistants'!B68>0,'For lab assistants'!B68,"") -> ARack0477 | D68: =IF('For lab assistants'!C68>0,'For lab assistants'!C68,"") -> LVL600052414 | E68: =IF('For lab assistants'!O68>0,'For lab assistants'!O68,"") -> Frederiksborg_Slotssø_kerne_3 | F68: =IF('For lab assistants'!E68>0,'For lab assistants'!E68,"") -> 104 | G68: =IF('For lab assistants'!P68>0,'For lab assistants'!P68,"") | H68: =IF('For lab assistants'!F68>0,'For lab assistants'!F68,"low") -> low | I68: =IF('For lab assistants'!G68>0,'For lab assistants'!G68,"no") -> no | J68: =IF('For lab assistants'!H68>0,'For lab assistants'!H68,"") | K68: =IF('For lab assistants'!I68>0,'For lab assistants'!I68,"") -> FM | L68: =IF('For lab assistants'!J68>0,'For lab assistants'!J68,"") -> VSS | M68: =IF('For lab assistants'!K68>0,'For lab assistants'!K68,"") -> 45241 | N68: =IF('For lab assistants'!D68>0,'For lab assistants'!M68,"") -> NKL | O68: =IF('For lab assistants'!D68>0,'For lab assistants'!N68,"") -> 45226 | P68: =IF(Output4SubSamplingSubmiss.!F68>0,Output4SubSamplingSubmiss.!F68,"")
A69: =IF('For lab assistants'!D69>0,'For lab assistants'!D69,"") -> LV3006009480 | B69: =IF('For lab assistants'!D69>0,'For lab assistants'!A69,"") -> A03 | C69: =IF('For lab assistants'!B69>0,'For lab assistants'!B69,"") -> ARack0477 | D69: =IF('For lab assistants'!C69>0,'For lab assistants'!C69,"") -> LVL600052414 | E69: =IF('For lab assistants'!O69>0,'For lab assistants'!O69,"") -> Frederiksborg_Slotssø_kerne_3 | F69: =IF('For lab assistants'!E69>0,'For lab assistants'!E69,"") -> 105.5 | G69: =IF('For lab assistants'!P69>0,'For lab assistants'!P69,"") | H69: =IF('For lab assistants'!F69>0,'For lab assistants'!F69,"low") -> low | I69: =IF('For lab assistants'!G69>0,'For lab assistants'!G69,"no") -> no | J69: =IF('For lab assistants'!H69>0,'For lab assistants'!H69,"") | K69: =IF('For lab assistants'!I69>0,'For lab assistants'!I69,"") -> FM | L69: =IF('For lab assistants'!J69>0,'For lab assistants'!J69,"") -> VSS | M69: =IF('For lab assistants'!K69>0,'For lab assistants'!K69,"") -> 45241 | N69: =IF('For lab assistants'!D69>0,'For lab assistants'!M69,"") -> NKL | O69: =IF('For lab assistants'!D69>0,'For lab assistants'!N69,"") -> 45226 | P69: =IF(Output4SubSamplingSubmiss.!F69>0,Output4SubSamplingSubmiss.!F69,"")
A70: =IF('For lab assistants'!D70>0,'For lab assistants'!D70,"") -> LV3006009487 | B70: =IF('For lab assistants'!D70>0,'For lab assistants'!A70,"") -> B03 | C70: =IF('For lab assistants'!B70>0,'For lab assistants'!B70,"") -> ARack0477 | D70: =IF('For lab assistants'!C70>0,'For lab assistants'!C70,"") -> LVL600052414 | E70: =IF('For lab assistants'!O70>0,'For lab assistants'!O70,"") -> Frederiksborg_Slotssø_kerne_3 | F70: =IF('For lab assistants'!E70>0,'For lab assistants'!E70,"") -> 107 | G70: =IF('For lab assistants'!P70>0,'For lab assistants'!P70,"") | H70: =IF('For lab assistants'!F70>0,'For lab assistants'!F70,"low") -> low | I70: =IF('For lab assistants'!G70>0,'For lab assistants'!G70,"no") -> no | J70: =IF('For lab assistants'!H70>0,'For lab assistants'!H70,"") | K70: =IF('For lab assistants'!I70>0,'For lab assistants'!I70,"") -> FM | L70: =IF('For lab assistants'!J70>0,'For lab assistants'!J70,"") -> VSS | M70: =IF('For lab assistants'!K70>0,'For lab assistants'!K70,"") -> 45241 | N70: =IF('For lab assistants'!D70>0,'For lab assistants'!M70,"") -> NKL | O70: =IF('For lab assistants'!D70>0,'For lab assistants'!N70,"") -> 45226 | P70: =IF(Output4SubSamplingSubmiss.!F70>0,Output4SubSamplingSubmiss.!F70,"")
A71: =IF('For lab assistants'!D71>0,'For lab assistants'!D71,"") -> LV3006009494 | B71: =IF('For lab assistants'!D71>0,'For lab assistants'!A71,"") -> C03 | C71: =IF('For lab assistants'!B71>0,'For lab assistants'!B71,"") -> ARack0477 | D71: =IF('For lab assistants'!C71>0,'For lab assistants'!C71,"") -> LVL600052414 | E71: =IF('For lab assistants'!O71>0,'For lab assistants'!O71,"") -> Frederiksborg_Slotssø_kerne_3 | F71: =IF('For lab assistants'!E71>0,'For lab assistants'!E71,"") -> 108.5 | G71: =IF('For lab assistants'!P71>0,'For lab assistants'!P71,"") | H71: =IF('For lab assistants'!F71>0,'For lab assistants'!F71,"low") -> low | I71: =IF('For lab assistants'!G71>0,'For lab assistants'!G71,"no") -> no | J71: =IF('For lab assistants'!H71>0,'For lab assistants'!H71,"") | K71: =IF('For lab assistants'!I71>0,'For lab assistants'!I71,"") -> FM | L71: =IF('For lab assistants'!J71>0,'For lab assistants'!J71,"") -> VSS | M71: =IF('For lab assistants'!K71>0,'For lab assistants'!K71,"") -> 45241 | N71: =IF('For lab assistants'!D71>0,'For lab assistants'!M71,"") -> NKL | O71: =IF('For lab assistants'!D71>0,'For lab assistants'!N71,"") -> 45226 | P71: =IF(Output4SubSamplingSubmiss.!F71>0,Output4SubSamplingSubmiss.!F71,"")
A72: =IF('For lab assistants'!D72>0,'For lab assistants'!D72,"") -> LV3006009473 | B72: =IF('For lab assistants'!D72>0,'For lab assistants'!A72,"") -> D03 | C72: =IF('For lab assistants'!B72>0,'For lab assistants'!B72,"") -> ARack0477 | D72: =IF('For lab assistants'!C72>0,'For lab assistants'!C72,"") -> LVL600052414 | E72: =IF('For lab assistants'!O72>0,'For lab assistants'!O72,"") -> Frederiksborg_Slotssø_kerne_3 | F72: =IF('For lab assistants'!E72>0,'For lab assistants'!E72,"") -> 110 | G72: =IF('For lab assistants'!P72>0,'For lab assistants'!P72,"") | H72: =IF('For lab assistants'!F72>0,'For lab assistants'!F72,"low") -> low | I72: =IF('For lab assistants'!G72>0,'For lab assistants'!G72,"no") -> no | J72: =IF('For lab assistants'!H72>0,'For lab assistants'!H72,"") | K72: =IF('For lab assistants'!I72>0,'For lab assistants'!I72,"") -> FM | L72: =IF('For lab assistants'!J72>0,'For lab assistants'!J72,"") -> VSS | M72: =IF('For lab assistants'!K72>0,'For lab assistants'!K72,"") -> 45241 | N72: =IF('For lab assistants'!D72>0,'For lab assistants'!M72,"") -> NKL | O72: =IF('For lab assistants'!D72>0,'For lab assistants'!N72,"") -> 45226 | P72: =IF(Output4SubSamplingSubmiss.!F72>0,Output4SubSamplingSubmiss.!F72,"")
A73: =IF('For lab assistants'!D73>0,'For lab assistants'!D73,"") -> LV3006009479 | B73: =IF('For lab assistants'!D73>0,'For lab assistants'!A73,"") -> A04 | C73: =IF('For lab assistants'!B73>0,'For lab assistants'!B73,"") -> ARack0477 | D73: =IF('For lab assistants'!C73>0,'For lab assistants'!C73,"") -> LVL600052414 | E73: =IF('For lab assistants'!O73>0,'For lab assistants'!O73,"") -> Frederiksborg_Slotssø_kerne_3 | F73: =IF('For lab assistants'!E73>0,'For lab assistants'!E73,"") -> 112 | G73: =IF('For lab assistants'!P73>0,'For lab assistants'!P73,"") | H73: =IF('For lab assistants'!F73>0,'For lab assistants'!F73,"low") -> low | I73: =IF('For lab assistants'!G73>0,'For lab assistants'!G73,"no") -> no | J73: =IF('For lab assistants'!H73>0,'For lab assistants'!H73,"") | K73: =IF('For lab assistants'!I73>0,'For lab assistants'!I73,"") -> FM | L73: =IF('For lab assistants'!J73>0,'For lab assistants'!J73,"") -> VSS | M73: =IF('For lab assistants'!K73>0,'For lab assistants'!K73,"") -> 45241 | N73: =IF('For lab assistants'!D73>0,'For lab assistants'!M73,"") -> NKL | O73: =IF('For lab assistants'!D73>0,'For lab assistants'!N73,"") -> 45226 | P73: =IF(Output4SubSamplingSubmiss.!F73>0,Output4SubSamplingSubmiss.!F73,"")
A74: =IF('For lab assistants'!D74>0,'For lab assistants'!D74,"") -> LV3006009492 | B74: =IF('For lab assistants'!D74>0,'For lab assistants'!A74,"") -> B04 | C74: =IF('For lab assistants'!B74>0,'For lab assistants'!B74,"") -> ARack0477 | D74: =IF('For lab assistants'!C74>0,'For lab assistants'!C74,"") -> LVL600052414 | E74: =IF('For lab assistants'!O74>0,'For lab assistants'!O74,"") -> Frederiksborg_Slotssø_kerne_3 | F74: =IF('For lab assistants'!E74>0,'For lab assistants'!E74,"") -> 113.5 | G74: =IF('For lab assistants'!P74>0,'For lab assistants'!P74,"") | H74: =IF('For lab assistants'!F74>0,'For lab assistants'!F74,"low") -> low | I74: =IF('For lab assistants'!G74>0,'For lab assistants'!G74,"no") -> no | J74: =IF('For lab assistants'!H74>0,'For lab assistants'!H74,"") | K74: =IF('For lab assistants'!I74>0,'For lab assistants'!I74,"") -> FM | L74: =IF('For lab assistants'!J74>0,'For lab assistants'!J74,"") -> VSS | M74: =IF('For lab assistants'!K74>0,'For lab assistants'!K74,"") -> 45241 | N74: =IF('For lab assistants'!D74>0,'For lab assistants'!M74,"") -> NKL | O74: =IF('For lab assistants'!D74>0,'For lab assistants'!N74,"") -> 45226 | P74: =IF(Output4SubSamplingSubmiss.!F74>0,Output4SubSamplingSubmiss.!F74,"")
A75: =IF('For lab assistants'!D75>0,'For lab assistants'!D75,"") -> LV3006009486 | B75: =IF('For lab assistants'!D75>0,'For lab assistants'!A75,"") -> C04 | C75: =IF('For lab assistants'!B75>0,'For lab assistants'!B75,"") -> ARack0477 | D75: =IF('For lab assistants'!C75>0,'For lab assistants'!C75,"") -> LVL600052414 | E75: =IF('For lab assistants'!O75>0,'For lab assistants'!O75,"") -> Frederiksborg_Slotssø_kerne_3 | F75: =IF('For lab assistants'!E75>0,'For lab assistants'!E75,"") -> 115 | G75: =IF('For lab assistants'!P75>0,'For lab assistants'!P75,"") | H75: =IF('For lab assistants'!F75>0,'For lab assistants'!F75,"low") -> low | I75: =IF('For lab assistants'!G75>0,'For lab assistants'!G75,"no") -> no | J75: =IF('For lab assistants'!H75>0,'For lab assistants'!H75,"") | K75: =IF('For lab assistants'!I75>0,'For lab assistants'!I75,"") -> FM | L75: =IF('For lab assistants'!J75>0,'For lab assistants'!J75,"") -> VSS | M75: =IF('For lab assistants'!K75>0,'For lab assistants'!K75,"") -> 45241 | N75: =IF('For lab assistants'!D75>0,'For lab assistants'!M75,"") -> NKL | O75: =IF('For lab assistants'!D75>0,'For lab assistants'!N75,"") -> 45226 | P75: =IF(Output4SubSamplingSubmiss.!F75>0,Output4SubSamplingSubmiss.!F75,"")
... A673: =IF('For lab assistants'!D673>0,'For lab assistants'!D673,"") | B673: =IF('For lab assistants'!D673>0,'For lab assistants'!A673,"") | C673: =IF('For lab assistants'!B673>0,'For lab assistants'!B673,"") | D673: =IF('For lab assistants'!C673>0,'For lab assistants'!C673,"") | E673: =IF('For lab assistants'!O673>0,'For lab assistants'!O673,"") | F673: =IF('For lab assistants'!E673>0,'For lab assistants'!E673,"") | G673: =IF('For lab assistants'!P673>0,'For lab assistants'!P673,"") | H673: =IF('For lab assistants'!F673>0,'For lab assistants'!F673,"low") -> low | I673: =IF('For lab assistants'!G673>0,'For lab assistants'!G673,"no") -> no | J673: =IF('For lab assistants'!H673>0,'For lab assistants'!H673,"") | K673: =IF('For lab assistants'!I673>0,'For lab assistants'!I673,"") -> FM | L673: =IF('For lab assistants'!J673>0,'For lab assistants'!J673,"") -> VSS | M673: =IF('For lab assistants'!K673>0,'For lab assistants'!K673,"") -> 45241 | N673: =IF('For lab assistants'!D673>0,'For lab assistants'!M673,"") | O673: =IF('For lab assistants'!D673>0,'For lab assistants'!N673,"") | P673: =IF(Output4SubSamplingSubmiss.!F673>0,Output4SubSamplingSubmiss.!F673,"")

Sheet BackroundCalculations
B3: high
B4: low
