Workbook
Name piinfo: #REF!

Sheet ReadMe
B1: For submitter (i.e, PI or project leader):
A2: 1: | B2: Download this file and RENAME: | C2: "Ordering_eDNA_Archive_sampling_(YYMMDD_Initials_ProjectID).xlsx"
C3: eg. Ordering_eDNA_Archive_sampling_(230715_LVI_NileValley).xlsx
A4: 2: | B4: Fill out the [Submit here] tab column B,C,D (and optionally E).
A5: 3: | B5: Mail the renamed and completed ordering form (this file) to Jesper Stenderup; eDNA_orders@sund.ku.dk.
A6: 4: | B6: Make sure the core is clearly labelled and easily available for the lab assistants.

Sheet Submit here
A1: No | B1: Submitter (initials) | C1: Submission date (yyyy-mm-dd) | D1: Bulk or Core segment ID (eg. ISL23_019_02A or CGG3_xxxxxx) | E1: Calibration tape depth (cm) | F1: Notes from submitter (optional)
A2: 1 | B2: NKL | C2: 45226 | D2: Tåruplund_2 | E2: Continuous
A3: 2 | B3: =B2 -> NKL | C3: =C2 -> 45226
A4: 3 | B4: =B3 -> NKL | C4: =C3 -> 45226
A5: 4 | B5: =B4 -> NKL | C5: =C4 -> 45226
A6: 5 | B6: =B5 -> NKL | C6: =C5 -> 45226
A7: 6 | B7: =B6 -> NKL | C7: =C6 -> 45226
A8: 7 | B8: =B7 -> NKL | C8: =C7 -> 45226
A9: 8 | B9: =B8 -> NKL | C9: =C8 -> 45226
A10: 9 | B10: =B9 -> NKL | C10: =C9 -> 45226
A11: 10 | B11: =B10 -> NKL | C11: =C10 -> 45226
A12: 11 | B12: =B11 -> NKL | C12: =C11 -> 45226
A13: 12 | B13: =B12 -> NKL | C13: =C12 -> 45226
A14: 13 | B14: =B13 -> NKL | C14: =C13 -> 45226
... A673: 672 | B673: =B672 -> NKL | C673: =C672 -> 45226

Sheet Output4SubSamplingSubmiss.
A1: ='For lab assistants'!O1 -> Core segment ID (fx ISL23_019_02A) | B1: ='For lab assistants'!A1 -> Archive rack position | C1: ='For lab assistants'!B1 -> Archive RACK name (eg. ARack0052) | D1: ='For lab assistants'!C1 -> Archive RACK barcode | E1: ='For lab assistants'!D1 -> Archive TUBE barcode | F1: ='For lab assistants'!Q1 -> Notes from submitter (optional)
A2: =IF('For lab assistants'!O2>0,'For lab assistants'!O2,"") -> Tåruplund_2 | B2: =IF('For lab assistants'!C2>0,'For lab assistants'!A2,"") -> A01 | C2: =IF('For lab assistants'!B2>0,'For lab assistants'!B2,"") -> ARack0471 | D2: =IF('For lab assistants'!#REF!>0,'For lab assistants'!#REF!,"") -> #REF! | E2: =IF('For lab assistants'!C2>0,'For lab assistants'!C2,"") -> LVL600038050 | F2: =IF('For lab assistants'!Q2>0,'For lab assistants'!Q2,"")
A3: =IF('For lab assistants'!O3>0,'For lab assistants'!O3,"") -> Tåruplund_2 | B3: =IF('For lab assistants'!D3>0,'For lab assistants'!A3,"") -> B01 | C3: =IF('For lab assistants'!B3>0,'For lab assistants'!B3,"") -> ARack0471 | D3: =IF('For lab assistants'!C3>0,'For lab assistants'!C3,"") -> LVL600038050 | E3: =IF('For lab assistants'!D3>0,'For lab assistants'!D3,"") -> LV3005888696 | F3: =IF('For lab assistants'!Q3>0,'For lab assistants'!Q3,"")
A4: =IF('For lab assistants'!O4>0,'For lab assistants'!O4,"") -> Tåruplund_2 | B4: =IF('For lab assistants'!D4>0,'For lab assistants'!A4,"") -> C01 | C4: =IF('For lab assistants'!B4>0,'For lab assistants'!B4,"") -> ARack0471 | D4: =IF('For lab assistants'!C4>0,'For lab assistants'!C4,"") -> LVL600038050 | E4: =IF('For lab assistants'!D4>0,'For lab assistants'!D4,"") -> LV3005888690 | F4: =IF('For lab assistants'!Q4>0,'For lab assistants'!Q4,"")
A5: =IF('For lab assistants'!O5>0,'For lab assistants'!O5,"") -> Tåruplund_2 | B5: =IF('For lab assistants'!D5>0,'For lab assistants'!A5,"") -> D01 | C5: =IF('For lab assistants'!B5>0,'For lab assistants'!B5,"") -> ARack0471 | D5: =IF('For lab assistants'!C5>0,'For lab assistants'!C5,"") -> LVL600038050 | E5: =IF('For lab assistants'!D5>0,'For lab assistants'!D5,"") -> LV3005888684 | F5: =IF('For lab assistants'!Q5>0,'For lab assistants'!Q5,"")
A6: =IF('For lab assistants'!O6>0,'For lab assistants'!O6,"") -> Tåruplund_2 | B6: =IF('For lab assistants'!D6>0,'For lab assistants'!A6,"") -> A02 | C6: =IF('For lab assistants'!B6>0,'For lab assistants'!B6,"") -> ARack0471 | D6: =IF('For lab assistants'!C6>0,'For lab assistants'!C6,"") -> LVL600038050 | E6: =IF('For lab assistants'!D6>0,'For lab assistants'!D6,"") -> LV3005888701 | F6: =IF('For lab assistants'!Q6>0,'For lab assistants'!Q6,"")
A7: =IF('For lab assistants'!O7>0,'For lab assistants'!O7,"") -> Tåruplund_2 | B7: =IF('For lab assistants'!D7>0,'For lab assistants'!A7,"") -> B02 | C7: =IF('For lab assistants'!B7>0,'For lab assistants'!B7,"") -> ARack0471 | D7: =IF('For lab assistants'!C7>0,'For lab assistants'!C7,"") -> LVL600038050 | E7: =IF('For lab assistants'!D7>0,'For lab assistants'!D7,"") -> LV3005888695 | F7: =IF('For lab assistants'!Q7>0,'For lab assistants'!Q7,"")
A8: =IF('For lab assistants'!O8>0,'For lab assistants'!O8,"") -> Tåruplund_2 | B8: =IF('For lab assistants'!D8>0,'For lab assistants'!A8,"") -> C02 | C8: =IF('For lab assistants'!B8>0,'For lab assistants'!B8,"") -> ARack0471 | D8: =IF('For lab assistants'!C8>0,'For lab assistants'!C8,"") -> LVL600038050 | E8: =IF('For lab assistants'!D8>0,'For lab assistants'!D8,"") -> LV3005888689 | F8: =IF('For lab assistants'!Q8>0,'For lab assistants'!Q8,"")
A9: =IF('For lab assistants'!O9>0,'For lab assistants'!O9,"") -> Tåruplund_2 | B9: =IF('For lab assistants'!D9>0,'For lab assistants'!A9,"") -> D02 | C9: =IF('For lab assistants'!B9>0,'For lab assistants'!B9,"") -> ARack0471 | D9: =IF('For lab assistants'!C9>0,'For lab assistants'!C9,"") -> LVL600038050 | E9: =IF('For lab assistants'!D9>0,'For lab assistants'!D9,"") -> LV3005888683 | F9: =IF('For lab assistants'!Q9>0,'For lab assistants'!Q9,"")
A10: =IF('For lab assistants'!O10>0,'For lab assistants'!O10,"") -> Tåruplund_2 | B10: =IF('For lab assistants'!D10>0,'For lab assistants'!A10,"") -> A03 | C10: =IF('For lab assistants'!B10>0,'For lab assistants'!B10,"") -> ARack0471 | D10: =IF('For lab assistants'!C10>0,'For lab assistants'!C10,"") -> LVL600038050 | E10: =IF('For lab assistants'!D10>0,'For lab assistants'!D10,"") -> LV3005888700 | F10: =IF('For lab assistants'!Q10>0,'For lab assistants'!Q10,"")
A11: =IF('For lab assistants'!O11>0,'For lab assistants'!O11,"") -> Tåruplund_2 | B11: =IF('For lab assistants'!D11>0,'For lab assistants'!A11,"") -> B03 | C11: =IF('For lab assistants'!B11>0,'For lab assistants'!B11,"") -> ARack0471 | D11: =IF('For lab assistants'!C11>0,'For lab assistants'!C11,"") -> LVL600038050 | E11: =IF('For lab assistants'!D11>0,'For lab assistants'!D11,"") -> LV3005888694 | F11: =IF('For lab assistants'!Q11>0,'For lab assistants'!Q11,"")
A12: =IF('For lab assistants'!O12>0,'For lab assistants'!O12,"") -> Tåruplund_2 | B12: =IF('For lab assistants'!D12>0,'For lab assistants'!A12,"") -> C03 | C12: =IF('For lab assistants'!B12>0,'For lab assistants'!B12,"") -> ARack0471 | D12: =IF('For lab assistants'!C12>0,'For lab assistants'!C12,"") -> LVL600038050 | E12: =IF('For lab assistants'!D12>0,'For lab assistants'!D12,"") -> LV3005888688 | F12: =IF('For lab assistants'!Q12>0,'For lab assistants'!Q12,"")
A13: =IF('For lab assistants'!O13>0,'For lab assistants'!O13,"") -> Tåruplund_2 | B13: =IF('For lab assistants'!D13>0,'For lab assistants'!A13,"") -> D03 | C13: =IF('For lab assistants'!B13>0,'For lab assistants'!B13,"") -> ARack0471 | D13: =IF('For lab assistants'!C13>0,'For lab assistants'!C13,"") -> LVL600038050 | E13: =IF('For lab assistants'!D13>0,'For lab assistants'!D13,"") -> LV3005888682 | F13: =IF('For lab assistants'!Q13>0,'For lab assistants'!Q13,"")
A14: =IF('For lab assistants'!O14>0,'For lab assistants'!O14,"") -> Tåruplund_2 | B14: =IF('For lab assistants'!D14>0,'For lab assistants'!A14,"") -> A04 | C14: =IF('For lab assistants'!B14>0,'For lab assistants'!B14,"") -> ARack0471 | D14: =IF('For lab assistants'!C14>0,'For lab assistants'!C14,"") -> LVL600038050 | E14: =IF('For lab assistants'!D14>0,'For lab assistants'!D14,"") -> LV3005888699 | F14: =IF('For lab assistants'!Q14>0,'For lab assistants'!Q14,"")
... A672: =IF('For lab assistants'!O672>0,'For lab assistants'!O672,"") | B672: =IF('For lab assistants'!D672>0,'For lab assistants'!A672,"") | C672: =IF('For lab assistants'!B672>0,'For lab assistants'!B672,"") | D672: =IF('For lab assistants'!C672>0,'For lab assistants'!C672,"") | E672: =IF('For lab assistants'!D672>0,'For lab assistants'!D672,"") | F672: =IF('For lab assistants'!Q672>0,'For lab assistants'!Q672,"")

Sheet For lab assistants
A1: Archive rack position | B1: Archive RACK name (eg. ARack0052) | C1: Archive RACK barcode | D1: Archive TUBE barcode | E1: Depth sampled (tape, cm) | F1: Organic content (High /Low) | G1: Surface exposed? (ie Back wall hit?) (Yes / No) | H1: Remarks from sampling (optional) | I1: Sampled by 1 (initials) | J1: Sampled by 2 (initials) | K1: Sampled date (yyyy-mm-dd) | L1: No | M1: Submitter (initials) | N1: Submission date (yyyy-mm-dd) | O1: Core segment ID (fx ISL23_019_02A) | P1: Ordered depth (Calibration tape, cm) | Q1: Notes from submitter (optional)
A2: A01 | B2: ARack0471 | C2: LVL600038050 | D2: LV3005888702 | E2: 0,5 | F2: High | G2: yes | I2: MH | K2: 45240 | L2: 1 | M2: =IF('Submit here'!B2>0,'Submit here'!B2,"") -> NKL | N2: =IF('Submit here'!C2>0,'Submit here'!C2,"") -> 45226 | O2: =IF('Submit here'!D2>0,'Submit here'!D2,"") -> Tåruplund_2 | P2: =IF('Submit here'!E2>0,'Submit here'!E2,"") -> Continuous | Q2: =IF('Submit here'!F2>0,'Submit here'!F2,"")
A3: B01 | B3: =B2 -> ARack0471 | C3: LVL600038050 | D3: LV3005888696 | E3: 1,5 | F3: High | G3: yes | I3: =I2 -> MH | J3: =J2 -> 0 | K3: =K2 -> 45240 | L3: 2 | M3: =IF('Submit here'!B3>0,'Submit here'!B3,"") -> NKL | N3: =IF('Submit here'!C3>0,'Submit here'!C3,"") -> 45226 | O3: Tåruplund_2 | P3: =IF('Submit here'!E3>0,'Submit here'!E3,"") | Q3: =IF('Submit here'!F3>0,'Submit here'!F3,"")
A4: C01 | B4: =B3 -> ARack0471 | C4: =C3 -> LVL600038050 | D4: LV3005888690 | E4: 3 | F4: High | G4: yes | I4: =I3 -> MH | J4: =J3 -> 0 | K4: =K3 -> 45240 | L4: 3 | M4: =IF('Submit here'!B4>0,'Submit here'!B4,"") -> NKL | N4: =IF('Submit here'!C4>0,'Submit here'!C4,"") -> 45226 | O4: Tåruplund_2 | P4: =IF('Submit here'!E4>0,'Submit here'!E4,"") | Q4: =IF('Submit here'!F4>0,'Submit here'!F4,"")
A5: D01 | B5: =B4 -> ARack0471 | C5: =C4 -> LVL600038050 | D5: LV3005888684 | E5: 5 | F5: High | G5: yes | I5: =I4 -> MH | J5: =J4 -> 0 | K5: =K4 -> 45240 | L5: 4 | M5: =IF('Submit here'!B5>0,'Submit here'!B5,"") -> NKL | N5: =IF('Submit here'!C5>0,'Submit here'!C5,"") -> 45226 | O5: Tåruplund_2 | P5: =IF('Submit here'!E5>0,'Submit here'!E5,"") | Q5: =IF('Submit here'!F5>0,'Submit here'!F5,"")
A6: A02 | B6: =B5 -> ARack0471 | C6: =C5 -> LVL600038050 | D6: LV3005888701 | E6: 6,5 | F6: High | G6: no | I6: =I5 -> MH | J6: =J5 -> 0 | K6: =K5 -> 45240 | L6: 5 | M6: =IF('Submit here'!B6>0,'Submit here'!B6,"") -> NKL | N6: =IF('Submit here'!C6>0,'Submit here'!C6,"") -> 45226 | O6: Tåruplund_2 | P6: =IF('Submit here'!E6>0,'Submit here'!E6,"") | Q6: =IF('Submit here'!F6>0,'Submit here'!F6,"")
A7: B02 | B7: =B6 -> ARack0471 | C7: =C6 -> LVL600038050 | D7: LV3005888695 | E7: 8 | F7: High | G7: no | I7: =I6 -> MH | J7: =J6 -> 0 | K7: =K6 -> 45240 | L7: 6 | M7: =IF('Submit here'!B7>0,'Submit here'!B7,"") -> NKL | N7: =IF('Submit here'!C7>0,'Submit here'!C7,"") -> 45226 | O7: Tåruplund_2 | P7: =IF('Submit here'!E7>0,'Submit here'!E7,"") | Q7: =IF('Submit here'!F7>0,'Submit here'!F7,"")
A8: C02 | B8: =B7 -> ARack0471 | C8: =C7 -> LVL600038050 | D8: LV3005888689 | E8: 9,5 | F8: High | G8: no | I8: =I7 -> MH | J8: =J7 -> 0 | K8: =K7 -> 45240 | L8: 7 | M8: =IF('Submit here'!B8>0,'Submit here'!B8,"") -> NKL | N8: =IF('Submit here'!C8>0,'Submit here'!C8,"") -> 45226 | O8: Tåruplund_2 | P8: =IF('Submit here'!E8>0,'Submit here'!E8,"") | Q8: =IF('Submit here'!F8>0,'Submit here'!F8,"")
A9: D02 | B9: =B8 -> ARack0471 | C9: =C8 -> LVL600038050 | D9: LV3005888683 | E9: 11 | F9: High | G9: no | I9: =I8 -> MH | J9: =J8 -> 0 | K9: =K8 -> 45240 | L9: 8 | M9: =IF('Submit here'!B9>0,'Submit here'!B9,"") -> NKL | N9: =IF('Submit here'!C9>0,'Submit here'!C9,"") -> 45226 | O9: Tåruplund_2 | P9: =IF('Submit here'!E9>0,'Submit here'!E9,"") | Q9: =IF('Submit here'!F9>0,'Submit here'!F9,"")
A10: A03 | B10: =B9 -> ARack0471 | C10: =C9 -> LVL600038050 | D10: LV3005888700 | E10: 13 | F10: High | G10: no | I10: =I9 -> MH | J10: =J9 -> 0 | K10: =K9 -> 45240 | L10: 9 | M10: =IF('Submit here'!B10>0,'Submit here'!B10,"") -> NKL | N10: =IF('Submit here'!C10>0,'Submit here'!C10,"") -> 45226 | O10: Tåruplund_2 | P10: =IF('Submit here'!E10>0,'Submit here'!E10,"") | Q10: =IF('Submit here'!F10>0,'Submit here'!F10,"")
A11: B03 | B11: =B10 -> ARack0471 | C11: =C10 -> LVL600038050 | D11: LV3005888694 | E11: 14,5 | F11: High | G11: yes | I11: =I10 -> MH | J11: =J10 -> 0 | K11: =K10 -> 45240 | L11: 10 | M11: =IF('Submit here'!B11>0,'Submit here'!B11,"") -> NKL | N11: =IF('Submit here'!C11>0,'Submit here'!C11,"") -> 45226 | O11: Tåruplund_2 | P11: =IF('Submit here'!E11>0,'Submit here'!E11,"") | Q11: =IF('Submit here'!F11>0,'Submit here'!F11,"")
A12: C03 | B12: =B11 -> ARack0471 | C12: =C11 -> LVL600038050 | D12: LV3005888688 | E12: 16 | F12: High | G12: yes | I12: =I11 -> MH | J12: =J11 -> 0 | K12: =K11 -> 45240 | L12: 11 | M12: =IF('Submit here'!B12>0,'Submit here'!B12,"") -> NKL | N12: =IF('Submit here'!C12>0,'Submit here'!C12,"") -> 45226 | O12: Tåruplund_2 | P12: =IF('Submit here'!E12>0,'Submit here'!E12,"") | Q12: =IF('Submit here'!F12>0,'Submit here'!F12,"")
A13: D03 | B13: =B12 -> ARack0471 | C13: =C12 -> LVL600038050 | D13: LV3005888682 | E13: 17,5 | F13: High | G13: yes | I13: =I12 -> MH | J13: =J12 -> 0 | K13: =K12 -> 45240 | L13: 12 | M13: =IF('Submit here'!B13>0,'Submit here'!B13,"") -> NKL | N13: =IF('Submit here'!C13>0,'Submit here'!C13,"") -> 45226 | O13: Tåruplund_2 | P13: =IF('Submit here'!E13>0,'Submit here'!E13,"") | Q13: =IF('Submit here'!F13>0,'Submit here'!F13,"")
A14: A04 | B14: =B13 -> ARack0471 | C14: =C13 -> LVL600038050 | D14: LV3005888699 | E14: 19 | F14: High | G14: yes | I14: =I13 -> MH | J14: =J13 -> 0 | K14: =K13 -> 45240 | L14: 13 | M14: =IF('Submit here'!B14>0,'Submit here'!B14,"") -> NKL | N14: =IF('Submit here'!C14>0,'Submit here'!C14,"") -> 45226 | O14: Tåruplund_2 | P14: =IF('Submit here'!E14>0,'Submit here'!E14,"") | Q14: =IF('Submit here'!F14>0,'Submit here'!F14,"")
A15: B04 | B15: =B14 -> ARack0471 | C15: =C14 -> LVL600038050 | D15: LV3005888693 | E15: 20,5 | F15: High | G15: yes | I15: =I14 -> MH | J15: =J14 -> 0 | K15: =K14 -> 45240 | L15: 14 | M15: =IF('Submit here'!B15>0,'Submit here'!B15,"") -> NKL | N15: =IF('Submit here'!C15>0,'Submit here'!C15,"") -> 45226 | O15: Tåruplund_2 | P15: =IF('Submit here'!E15>0,'Submit here'!E15,"") | Q15: =IF('Submit here'!F15>0,'Submit here'!F15,"")
A16: C04 | B16: =B15 -> ARack0471 | C16: =C15 -> LVL600038050 | D16: LV3005888687 | E16: 22 | F16: High | G16: no | I16: =I15 -> MH | J16: =J15 -> 0 | K16: =K15 -> 45240 | L16: 15 | M16: =IF('Submit here'!B16>0,'Submit here'!B16,"") -> NKL | N16: =IF('Submit here'!C16>0,'Submit here'!C16,"") -> 45226 | O16: Tåruplund_2 | P16: =IF('Submit here'!E16>0,'Submit here'!E16,"") | Q16: =IF('Submit here'!F16>0,'Submit here'!F16,"")
A17: D04 | B17: =B16 -> ARack0471 | C17: =C16 -> LVL600038050 | D17: LV3005888681 | E17: 24 | F17: High | G17: no | I17: =I16 -> MH | J17: =J16 -> 0 | K17: =K16 -> 45240 | L17: 16 | M17: =IF('Submit here'!B17>0,'Submit here'!B17,"") -> NKL | N17: =IF('Submit here'!C17>0,'Submit here'!C17,"") -> 45226 | O17: Tåruplund_2 | P17: =IF('Submit here'!E17>0,'Submit here'!E17,"") | Q17: =IF('Submit here'!F17>0,'Submit here'!F17,"")
A18: A05 | B18: =B17 -> ARack0471 | C18: =C17 -> LVL600038050 | D18: LV3005888698 | E18: 25,5 | F18: High | G18: no | I18: =I17 -> MH | J18: =J17 -> 0 | K18: =K17 -> 45240 | L18: 17 | M18: =IF('Submit here'!B18>0,'Submit here'!B18,"") -> NKL | N18: =IF('Submit here'!C18>0,'Submit here'!C18,"") -> 45226 | O18: Tåruplund_2 | P18: =IF('Submit here'!E18>0,'Submit here'!E18,"") | Q18: =IF('Submit here'!F18>0,'Submit here'!F18,"")
A19: B05 | B19: =B18 -> ARack0471 | C19: =C18 -> LVL600038050 | D19: LV3005888692 | E19: 27 | F19: High | G19: no | I19: =I18 -> MH | J19: =J18 -> 0 | K19: =K18 -> 45240 | L19: 18 | M19: =IF('Submit here'!B19>0,'Submit here'!B19,"") -> NKL | N19: =IF('Submit here'!C19>0,'Submit here'!C19,"") -> 45226 | O19: Tåruplund_2 | P19: =IF('Submit here'!E19>0,'Submit here'!E19,"") | Q19: =IF('Submit here'!F19>0,'Submit here'!F19,"")
A20: C05 | B20: =B19 -> ARack0471 | C20: =C19 -> LVL600038050 | D20: LV3005888686 | E20: 29 | F20: High | G20: no | I20: =I19 -> MH | J20: =J19 -> 0 | K20: =K19 -> 45240 | L20: 19 | M20: =IF('Submit here'!B20>0,'Submit here'!B20,"") -> NKL | N20: =IF('Submit here'!C20>0,'Submit here'!C20,"") -> 45226 | O20: Tåruplund_2 | P20: =IF('Submit here'!E20>0,'Submit here'!E20,"") | Q20: =IF('Submit here'!F20>0,'Submit here'!F20,"")
A21: D05 | B21: =B20 -> ARack0471 | C21: =C20 -> LVL600038050 | D21: LV3005888680 | E21: 30,5 | F21: High | G21: no | I21: =I20 -> MH | J21: =J20 -> 0 | K21: =K20 -> 45240 | L21: 20 | M21: =IF('Submit here'!B21>0,'Submit here'!B21,"") -> NKL | N21: =IF('Submit here'!C21>0,'Submit here'!C21,"") -> 45226 | O21: Tåruplund_2 | P21: =IF('Submit here'!E21>0,'Submit here'!E21,"") | Q21: =IF('Submit here'!F21>0,'Submit here'!F21,"")
A22: A06 | B22: =B21 -> ARack0471 | C22: =C21 -> LVL600038050 | D22: LV3005888697 | E22: 32 | F22: High | G22: no | I22: =I21 -> MH | J22: =J21 -> 0 | K22: =K21 -> 45240 | L22: 21 | M22: =IF('Submit here'!B22>0,'Submit here'!B22,"") -> NKL | N22: =IF('Submit here'!C22>0,'Submit here'!C22,"") -> 45226 | O22: Tåruplund_2 | P22: =IF('Submit here'!E22>0,'Submit here'!E22,"") | Q22: =IF('Submit here'!F22>0,'Submit here'!F22,"")
A23: B06 | B23: =B22 -> ARack0471 | C23: =C22 -> LVL600038050 | D23: LV3005888691 | E23: 33,5 | F23: High | G23: no | I23: =I22 -> MH | J23: =J22 -> 0 | K23: =K22 -> 45240 | L23: 22 | M23: =IF('Submit here'!B23>0,'Submit here'!B23,"") -> NKL | N23: =IF('Submit here'!C23>0,'Submit here'!C23,"") -> 45226 | O23: Tåruplund_2 | P23: =IF('Submit here'!E23>0,'Submit here'!E23,"") | Q23: =IF('Submit here'!F23>0,'Submit here'!F23,"")
A24: C06 | B24: =B23 -> ARack0471 | C24: =C23 -> LVL600038050 | D24: LV3005888685 | E24: 35 | F24: Low | G24: no | I24: =I23 -> MH | J24: =J23 -> 0 | K24: =K23 -> 45240 | L24: 23 | M24: =IF('Submit here'!B24>0,'Submit here'!B24,"") -> NKL | N24: =IF('Submit here'!C24>0,'Submit here'!C24,"") -> 45226 | O24: Tåruplund_2 | P24: =IF('Submit here'!E24>0,'Submit here'!E24,"") | Q24: =IF('Submit here'!F24>0,'Submit here'!F24,"")
A25: D06 | B25: =B24 -> ARack0471 | C25: =C24 -> LVL600038050 | D25: LV3005888679 | E25: 37 | F25: Low | G25: no | I25: =I24 -> MH | J25: =J24 -> 0 | K25: =K24 -> 45240 | L25: 24 | M25: =IF('Submit here'!B25>0,'Submit here'!B25,"") -> NKL | N25: =IF('Submit here'!C25>0,'Submit here'!C25,"") -> 45226 | O25: Tåruplund_2 | P25: =IF('Submit here'!E25>0,'Submit here'!E25,"") | Q25: =IF('Submit here'!F25>0,'Submit here'!F25,"")
A26: A01 | B26: ARack0472 | C26: LVL600038049 | D26: LV3005888654 | E26: 38,5 | F26: Low | G26: no | I26: =I25 -> MH | J26: =J25 -> 0 | K26: =K25 -> 45240 | L26: 25 | M26: =IF('Submit here'!B26>0,'Submit here'!B26,"") -> NKL | N26: =IF('Submit here'!C26>0,'Submit here'!C26,"") -> 45226 | O26: Tåruplund_2 | P26: =IF('Submit here'!E26>0,'Submit here'!E26,"") | Q26: =IF('Submit here'!F26>0,'Submit here'!F26,"")
A27: B01 | B27: =B26 -> ARack0472 | C27: =C26 -> LVL600038049 | D27: LV3005888660 | E27: 40 | F27: Low | G27: no | I27: =I26 -> MH | J27: =J26 -> 0 | K27: =K26 -> 45240 | L27: 26 | M27: =IF('Submit here'!B27>0,'Submit here'!B27,"") -> NKL | N27: =IF('Submit here'!C27>0,'Submit here'!C27,"") -> 45226 | O27: Tåruplund_2 | P27: =IF('Submit here'!E27>0,'Submit here'!E27,"") | Q27: =IF('Submit here'!F27>0,'Submit here'!F27,"")
A28: C01 | B28: =B27 -> ARack0472 | C28: =C27 -> LVL600038049 | D28: LV3005888666 | E28: 41,5 | F28: Low | G28: no | I28: =I27 -> MH | J28: =J27 -> 0 | K28: =K27 -> 45240 | L28: 27 | M28: =IF('Submit here'!B28>0,'Submit here'!B28,"") -> NKL | N28: =IF('Submit here'!C28>0,'Submit here'!C28,"") -> 45226 | O28: Tåruplund_2 | P28: =IF('Submit here'!E28>0,'Submit here'!E28,"") | Q28: =IF('Submit here'!F28>0,'Submit here'!F28,"")
A29: D01 | B29: =B28 -> ARack0472 | C29: =C28 -> LVL600038049 | D29: LV3005888672 | E29: 43 | F29: Low | G29: no | I29: =I28 -> MH | J29: =J28 -> 0 | K29: =K28 -> 45240 | L29: 28 | M29: =IF('Submit here'!B29>0,'Submit here'!B29,"") -> NKL | N29: =IF('Submit here'!C29>0,'Submit here'!C29,"") -> 45226 | O29: Tåruplund_2 | P29: =IF('Submit here'!E29>0,'Submit here'!E29,"") | Q29: =IF('Submit here'!F29>0,'Submit here'!F29,"")
A30: A02 | B30: =B29 -> ARack0472 | C30: =C29 -> LVL600038049 | D30: LV3005888655 | E30: 44,5 | F30: Low | G30: no | I30: =I29 -> MH | J30: =J29 -> 0 | K30: =K29 -> 45240 | L30: 29 | M30: =IF('Submit here'!B30>0,'Submit here'!B30,"") -> NKL | N30: =IF('Submit here'!C30>0,'Submit here'!C30,"") -> 45226 | O30: Tåruplund_2 | P30: =IF('Submit here'!E30>0,'Submit here'!E30,"") | Q30: =IF('Submit here'!F30>0,'Submit here'!F30,"")
A31: B02 | B31: =B30 -> ARack0472 | C31: =C30 -> LVL600038049 | D31: LV3005888661 | E31: 46,5 | F31: Low | G31: no | I31: =I30 -> MH | J31: =J30 -> 0 | K31: =K30 -> 45240 | L31: 30 | M31: =IF('Submit here'!B31>0,'Submit here'!B31,"") -> NKL | N31: =IF('Submit here'!C31>0,'Submit here'!C31,"") -> 45226 | O31: Tåruplund_2 | P31: =IF('Submit here'!E31>0,'Submit here'!E31,"") | Q31: =IF('Submit here'!F31>0,'Submit here'!F31,"")
A32: C02 | B32: =B31 -> ARack0472 | C32: =C31 -> LVL600038049 | D32: LV3005888667 | E32: 48 | F32: Low | G32: no | I32: =I31 -> MH | J32: =J31 -> 0 | K32: =K31 -> 45240 | L32: 31 | M32: =IF('Submit here'!B32>0,'Submit here'!B32,"") -> NKL | N32: =IF('Submit here'!C32>0,'Submit here'!C32,"") -> 45226 | O32: Tåruplund_2 | P32: =IF('Submit here'!E32>0,'Submit here'!E32,"") | Q32: =IF('Submit here'!F32>0,'Submit here'!F32,"")
A33: D02 | B33: =B32 -> ARack0472 | C33: =C32 -> LVL600038049 | D33: LV3005888673 | E33: 49,5 | F33: Low | G33: no | I33: =I32 -> MH | J33: =J32 -> 0 | K33: =K32 -> 45240 | L33: 32 | M33: =IF('Submit here'!B33>0,'Submit here'!B33,"") -> NKL | N33: =IF('Submit here'!C33>0,'Submit here'!C33,"") -> 45226 | O33: Tåruplund_2 | P33: =IF('Submit here'!E33>0,'Submit here'!E33,"") | Q33: =IF('Submit here'!F33>0,'Submit here'!F33,"")
A34: A03 | B34: =B33 -> ARack0472 | C34: =C33 -> LVL600038049 | D34: LV3005888656 | E34: 51 | F34: Low | G34: no | I34: =I33 -> MH | J34: =J33 -> 0 | K34: =K33 -> 45240 | L34: 33 | M34: =IF('Submit here'!B34>0,'Submit here'!B34,"") -> NKL | N34: =IF('Submit here'!C34>0,'Submit here'!C34,"") -> 45226 | O34: Tåruplund_2 | P34: =IF('Submit here'!E34>0,'Submit here'!E34,"") | Q34: =IF('Submit here'!F34>0,'Submit here'!F34,"")
A35: B03 | B35: =B34 -> ARack0472 | C35: =C34 -> LVL600038049 | D35: LV3005888662 | E35: 53 | F35: Low | G35: no | I35: =I34 -> MH | J35: =J34 -> 0 | K35: =K34 -> 45240 | L35: 34 | M35: =IF('Submit here'!B35>0,'Submit here'!B35,"") -> NKL | N35: =IF('Submit here'!C35>0,'Submit here'!C35,"") -> 45226 | O35: Tåruplund_2 | P35: =IF('Submit here'!E35>0,'Submit here'!E35,"") | Q35: =IF('Submit here'!F35>0,'Submit here'!F35,"")
A36: C03 | B36: =B35 -> ARack0472 | C36: =C35 -> LVL600038049 | D36: LV3005888668 | E36: 54,5 | F36: Low | G36: no | I36: =I35 -> MH | J36: =J35 -> 0 | K36: =K35 -> 45240 | L36: 35 | M36: =IF('Submit here'!B36>0,'Submit here'!B36,"") -> NKL | N36: =IF('Submit here'!C36>0,'Submit here'!C36,"") -> 45226 | O36: Tåruplund_2 | P36: =IF('Submit here'!E36>0,'Submit here'!E36,"") | Q36: =IF('Submit here'!F36>0,'Submit here'!F36,"")
A37: D03 | B37: =B36 -> ARack0472 | C37: =C36 -> LVL600038049 | D37: LV3005888674 | E37: 56,5 | F37: Low | G37: no | I37: =I36 -> MH | J37: =J36 -> 0 | K37: =K36 -> 45240 | L37: 36 | M37: =IF('Submit here'!B37>0,'Submit here'!B37,"") -> NKL | N37: =IF('Submit here'!C37>0,'Submit here'!C37,"") -> 45226 | O37: Tåruplund_2 | P37: =IF('Submit here'!E37>0,'Submit here'!E37,"") | Q37: =IF('Submit here'!F37>0,'Submit here'!F37,"")
A38: A04 | B38: =B37 -> ARack0472 | C38: =C37 -> LVL600038049 | D38: LV3005888657 | E38: 58 | F38: Low | G38: no | I38: =I37 -> MH | J38: =J37 -> 0 | K38: =K37 -> 45240 | L38: 37 | M38: =IF('Submit here'!B38>0,'Submit here'!B38,"") -> NKL | N38: =IF('Submit here'!C38>0,'Submit here'!C38,"") -> 45226 | O38: Tåruplund_2 | P38: =IF('Submit here'!E38>0,'Submit here'!E38,"") | Q38: =IF('Submit here'!F38>0,'Submit here'!F38,"")
A39: B04 | B39: =B38 -> ARack0472 | C39: =C38 -> LVL600038049 | D39: LV3005888663 | E39: 60 | F39: Low | G39: no | I39: =I38 -> MH | J39: =J38 -> 0 | K39: =K38 -> 45240 | L39: 38 | M39: =IF('Submit here'!B39>0,'Submit here'!B39,"") -> NKL | N39: =IF('Submit here'!C39>0,'Submit here'!C39,"") -> 45226 | O39: Tåruplund_2 | P39: =IF('Submit here'!E39>0,'Submit here'!E39,"") | Q39: =IF('Submit here'!F39>0,'Submit here'!F39,"")
A40: C04 | B40: =B39 -> ARack0472 | C40: =C39 -> LVL600038049 | D40: LV3005888669 | E40: 61,5 | F40: Low | G40: no | I40: =I39 -> MH | J40: =J39 -> 0 | K40: =K39 -> 45240 | L40: 39 | M40: =IF('Submit here'!B40>0,'Submit here'!B40,"") -> NKL | N40: =IF('Submit here'!C40>0,'Submit here'!C40,"") -> 45226 | O40: Tåruplund_2 | P40: =IF('Submit here'!E40>0,'Submit here'!E40,"") | Q40: =IF('Submit here'!F40>0,'Submit here'!F40,"")
A41: D04 | B41: =B40 -> ARack0472 | C41: =C40 -> LVL600038049 | D41: LV3005888675 | E41: 63,5 | F41: Low | G41: no | I41: =I40 -> MH | J41: =J40 -> 0 | K41: =K40 -> 45240 | L41: 40 | M41: =IF('Submit here'!B41>0,'Submit here'!B41,"") -> NKL | N41: =IF('Submit here'!C41>0,'Submit here'!C41,"") -> 45226 | O41: Tåruplund_2 | P41: =IF('Submit here'!E41>0,'Submit here'!E41,"") | Q41: =IF('Submit here'!F41>0,'Submit here'!F41,"")
A42: A05 | B42: =B41 -> ARack0472 | C42: =C41 -> LVL600038049 | D42: LV3005888658 | E42: 65 | F42: Low | G42: no | I42: =I41 -> MH | J42: =J41 -> 0 | K42: =K41 -> 45240 | L42: 41 | M42: =IF('Submit here'!B42>0,'Submit here'!B42,"") -> NKL | N42: =IF('Submit here'!C42>0,'Submit here'!C42,"") -> 45226 | O42: Tåruplund_2 | P42: =IF('Submit here'!E42>0,'Submit here'!E42,"") | Q42: =IF('Submit here'!F42>0,'Submit here'!F42,"")
A43: B05 | B43: =B42 -> ARack0472 | C43: =C42 -> LVL600038049 | D43: LV3005888664 | E43: 66,5 | F43: Low | G43: no | I43: =I42 -> MH | J43: =J42 -> 0 | K43: =K42 -> 45240 | L43: 42 | M43: =IF('Submit here'!B43>0,'Submit here'!B43,"") -> NKL | N43: =IF('Submit here'!C43>0,'Submit here'!C43,"") -> 45226 | O43: Tåruplund_2 | P43: =IF('Submit here'!E43>0,'Submit here'!E43,"") | Q43: =IF('Submit here'!F43>0,'Submit here'!F43,"")
A44: C05 | B44: =B43 -> ARack0472 | C44: =C43 -> LVL600038049 | D44: LV3005888670 | E44: 68,5 | F44: Low | G44: no | I44: =I43 -> MH | J44: =J43 -> 0 | K44: =K43 -> 45240 | L44: 43 | M44: =IF('Submit here'!B44>0,'Submit here'!B44,"") -> NKL | N44: =IF('Submit here'!C44>0,'Submit here'!C44,"") -> 45226 | O44: Tåruplund_2 | P44: =IF('Submit here'!E44>0,'Submit here'!E44,"") | Q44: =IF('Submit here'!F44>0,'Submit here'!F44,"")
A45: D05 | B45: =B44 -> ARack0472 | C45: =C44 -> LVL600038049 | D45: LV3005888676 | E45: 70 | F45: Low | G45: no | I45: =I44 -> MH | J45: =J44 -> 0 | K45: =K44 -> 45240 | L45: 44 | M45: =IF('Submit here'!B45>0,'Submit here'!B45,"") -> NKL | N45: =IF('Submit here'!C45>0,'Submit here'!C45,"") -> 45226 | O45: Tåruplund_2 | P45: =IF('Submit here'!E45>0,'Submit here'!E45,"") | Q45: =IF('Submit here'!F45>0,'Submit here'!F45,"")
A46: A06 | B46: =B45 -> ARack0472 | C46: =C45 -> LVL600038049 | D46: LV3005888659 | E46: 72 | F46: Low | G46: no | I46: =I45 -> MH | J46: =J45 -> 0 | K46: =K45 -> 45240 | L46: 45 | M46: =IF('Submit here'!B46>0,'Submit here'!B46,"") -> NKL | N46: =IF('Submit here'!C46>0,'Submit here'!C46,"") -> 45226 | O46: Tåruplund_2 | P46: =IF('Submit here'!E46>0,'Submit here'!E46,"") | Q46: =IF('Submit here'!F46>0,'Submit here'!F46,"")
A47: B06 | B47: =B46 -> ARack0472 | C47: =C46 -> LVL600038049 | D47: LV3005888665 | E47: 73,5 | F47: Low | G47: no | I47: =I46 -> MH | J47: =J46 -> 0 | K47: =K46 -> 45240 | L47: 46 | M47: =IF('Submit here'!B47>0,'Submit here'!B47,"") -> NKL | N47: =IF('Submit here'!C47>0,'Submit here'!C47,"") -> 45226 | O47: Tåruplund_2 | P47: =IF('Submit here'!E47>0,'Submit here'!E47,"") | Q47: =IF('Submit here'!F47>0,'Submit here'!F47,"")
A48: C06 | B48: =B47 -> ARack0472 | C48: =C47 -> LVL600038049 | D48: LV3005888671 | E48: 75 | F48: Low | G48: no | I48: =I47 -> MH | J48: =J47 -> 0 | K48: =K47 -> 45240 | L48: 47 | M48: =IF('Submit here'!B48>0,'Submit here'!B48,"") -> NKL | N48: =IF('Submit here'!C48>0,'Submit here'!C48,"") -> 45226 | O48: Tåruplund_2 | P48: =IF('Submit here'!E48>0,'Submit here'!E48,"") | Q48: =IF('Submit here'!F48>0,'Submit here'!F48,"")
A49: D06 | B49: =B48 -> ARack0472 | C49: =C48 -> LVL600038049 | D49: LV3005888677 | E49: 76,5 | F49: Low | G49: no | I49: =I48 -> MH | J49: =J48 -> 0 | K49: =K48 -> 45240 | L49: 48 | M49: =IF('Submit here'!B49>0,'Submit here'!B49,"") -> NKL | N49: =IF('Submit here'!C49>0,'Submit here'!C49,"") -> 45226 | O49: Tåruplund_2 | P49: =IF('Submit here'!E49>0,'Submit here'!E49,"") | Q49: =IF('Submit here'!F49>0,'Submit here'!F49,"")
A50: A01 | B50: ARack0473 | C50: LVL600038053 | D50: LV3005888752 | E50: 78 | F50: Low | G50: no | I50: =I49 -> MH | J50: =J49 -> 0 | K50: =K49 -> 45240 | L50: 49 | M50: =IF('Submit here'!B50>0,'Submit here'!B50,"") -> NKL | N50: =IF('Submit here'!C50>0,'Submit here'!C50,"") -> 45226 | O50: Tåruplund_2 | P50: =IF('Submit here'!E50>0,'Submit here'!E50,"") | Q50: =IF('Submit here'!F50>0,'Submit here'!F50,"")
A51: B01 | B51: =B50 -> ARack0473 | C51: =C50 -> LVL600038053 | D51: LV3005888758 | E51: 80 | F51: Low | G51: no | I51: =I50 -> MH | J51: =J50 -> 0 | K51: =K50 -> 45240 | L51: 50 | M51: =IF('Submit here'!B51>0,'Submit here'!B51,"") -> NKL | N51: =IF('Submit here'!C51>0,'Submit here'!C51,"") -> 45226 | O51: Tåruplund_2 | P51: =IF('Submit here'!E51>0,'Submit here'!E51,"") | Q51: =IF('Submit here'!F51>0,'Submit here'!F51,"")
A52: C01 | B52: =B51 -> ARack0473 | C52: =C51 -> LVL600038053 | D52: LV3005888764 | E52: 81,5 | F52: Low | G52: no | I52: =I51 -> MH | J52: =J51 -> 0 | K52: =K51 -> 45240 | L52: 51 | M52: =IF('Submit here'!B52>0,'Submit here'!B52,"") -> NKL | N52: =IF('Submit here'!C52>0,'Submit here'!C52,"") -> 45226 | O52: Tåruplund_2 | P52: =IF('Submit here'!E52>0,'Submit here'!E52,"") | Q52: =IF('Submit here'!F52>0,'Submit here'!F52,"")
A53: D01 | B53: =B52 -> ARack0473 | C53: =C52 -> LVL600038053 | D53: LV3005888771 | E53: 83 | F53: Low | G53: no | I53: =I52 -> MH | J53: =J52 -> 0 | K53: =K52 -> 45240 | L53: 52 | M53: =IF('Submit here'!B53>0,'Submit here'!B53,"") -> NKL | N53: =IF('Submit here'!C53>0,'Submit here'!C53,"") -> 45226 | O53: Tåruplund_2 | P53: =IF('Submit here'!E53>0,'Submit here'!E53,"") | Q53: =IF('Submit here'!F53>0,'Submit here'!F53,"")
A54: A02 | B54: =B53 -> ARack0473 | C54: =C53 -> LVL600038053 | D54: LV3005888753 | E54: 84,5 | F54: Low | G54: no | I54: =I53 -> MH | J54: =J53 -> 0 | K54: =K53 -> 45240 | L54: 53 | M54: =IF('Submit here'!B54>0,'Submit here'!B54,"") -> NKL | N54: =IF('Submit here'!C54>0,'Submit here'!C54,"") -> 45226 | O54: Tåruplund_2 | P54: =IF('Submit here'!E54>0,'Submit here'!E54,"") | Q54: =IF('Submit here'!F54>0,'Submit here'!F54,"")
A55: B02 | B55: =B54 -> ARack0473 | C55: =C54 -> LVL600038053 | D55: LV3005888759 | E55: 86 | F55: Low | G55: no | I55: =I54 -> MH | J55: =J54 -> 0 | K55: =K54 -> 45240 | L55: 54 | M55: =IF('Submit here'!B55>0,'Submit here'!B55,"") -> NKL | N55: =IF('Submit here'!C55>0,'Submit here'!C55,"") -> 45226 | O55: Tåruplund_2 | P55: =IF('Submit here'!E55>0,'Submit here'!E55,"") | Q55: =IF('Submit here'!F55>0,'Submit here'!F55,"")
A56: C02 | B56: =B55 -> ARack0473 | C56: =C55 -> LVL600038053 | D56: LV3005888765 | E56: 88 | F56: Low | G56: no | I56: =I55 -> MH | J56: =J55 -> 0 | K56: =K55 -> 45240 | L56: 55 | M56: =IF('Submit here'!B56>0,'Submit here'!B56,"") -> NKL | N56: =IF('Submit here'!C56>0,'Submit here'!C56,"") -> 45226 | O56: Tåruplund_2 | P56: =IF('Submit here'!E56>0,'Submit here'!E56,"") | Q56: =IF('Submit here'!F56>0,'Submit here'!F56,"")
A57: D02 | B57: =B56 -> ARack0473 | C57: =C56 -> LVL600038053 | D57: LV3005888772 | E57: 89,5 | F57: Low | G57: no | I57: =I56 -> MH | J57: =J56 -> 0 | K57: =K56 -> 45240 | L57: 56 | M57: =IF('Submit here'!B57>0,'Submit here'!B57,"") -> NKL | N57: =IF('Submit here'!C57>0,'Submit here'!C57,"") -> 45226 | O57: Tåruplund_2 | P57: =IF('Submit here'!E57>0,'Submit here'!E57,"") | Q57: =IF('Submit here'!F57>0,'Submit here'!F57,"")
A58: A03 | B58: =B57 -> ARack0473 | C58: =C57 -> LVL600038053 | D58: LV3005888754 | E58: 91 | F58: Low | G58: no | I58: =I57 -> MH | J58: =J57 -> 0 | K58: =K57 -> 45240 | L58: 57 | M58: =IF('Submit here'!B58>0,'Submit here'!B58,"") -> NKL | N58: =IF('Submit here'!C58>0,'Submit here'!C58,"") -> 45226 | O58: Tåruplund_2 | P58: =IF('Submit here'!E58>0,'Submit here'!E58,"") | Q58: =IF('Submit here'!F58>0,'Submit here'!F58,"")
A59: B03 | B59: =B58 -> ARack0473 | C59: =C58 -> LVL600038053 | D59: LV3005888760 | E59: 92,5 | F59: Low | G59: no | I59: =I58 -> MH | J59: =J58 -> 0 | K59: =K58 -> 45240 | L59: 58 | M59: =IF('Submit here'!B59>0,'Submit here'!B59,"") -> NKL | N59: =IF('Submit here'!C59>0,'Submit here'!C59,"") -> 45226 | O59: Tåruplund_2 | P59: =IF('Submit here'!E59>0,'Submit here'!E59,"") | Q59: =IF('Submit here'!F59>0,'Submit here'!F59,"")
A60: C03 | B60: =B59 -> ARack0473 | C60: =C59 -> LVL600038053 | D60: LV3005888766 | E60: 94 | F60: Low | G60: no | I60: =I59 -> MH | J60: =J59 -> 0 | K60: =K59 -> 45240 | L60: 59 | M60: =IF('Submit here'!B60>0,'Submit here'!B60,"") -> NKL | N60: =IF('Submit here'!C60>0,'Submit here'!C60,"") -> 45226 | O60: Tåruplund_2 | P60: =IF('Submit here'!E60>0,'Submit here'!E60,"") | Q60: =IF('Submit here'!F60>0,'Submit here'!F60,"")
A61: D03 | B61: =B60 -> ARack0473 | C61: =C60 -> LVL600038053 | D61: LV3005888773 | E61: 95,5 | F61: Low | G61: no | I61: =I60 -> MH | J61: =J60 -> 0 | K61: =K60 -> 45240 | L61: 60 | M61: =IF('Submit here'!B61>0,'Submit here'!B61,"") -> NKL | N61: =IF('Submit here'!C61>0,'Submit here'!C61,"") -> 45226 | O61: Tåruplund_2 | P61: =IF('Submit here'!E61>0,'Submit here'!E61,"") | Q61: =IF('Submit here'!F61>0,'Submit here'!F61,"")
A62: A04 | B62: =B61 -> ARack0473 | C62: =C61 -> LVL600038053 | D62: LV3005888755 | E62: 97 | F62: Low | G62: no | I62: =I61 -> MH | J62: =J61 -> 0 | K62: =K61 -> 45240 | L62: 61 | M62: =IF('Submit here'!B62>0,'Submit here'!B62,"") -> NKL | N62: =IF('Submit here'!C62>0,'Submit here'!C62,"") -> 45226 | O62: Tåruplund_2 | P62: =IF('Submit here'!E62>0,'Submit here'!E62,"") | Q62: =IF('Submit here'!F62>0,'Submit here'!F62,"")
A63: B04 | B63: =B62 -> ARack0473 | C63: =C62 -> LVL600038053 | D63: LV3005888761 | E63: 98,5 | F63: Low | G63: no | I63: =I62 -> MH | J63: =J62 -> 0 | K63: =K62 -> 45240 | L63: 62 | M63: =IF('Submit here'!B63>0,'Submit here'!B63,"") -> NKL | N63: =IF('Submit here'!C63>0,'Submit here'!C63,"") -> 45226 | O63: Tåruplund_2 | P63: =IF('Submit here'!E63>0,'Submit here'!E63,"") | Q63: =IF('Submit here'!F63>0,'Submit here'!F63,"")
A64: C04 | B64: =B63 -> ARack0473 | C64: =C63 -> LVL600038053 | D64: LV3005888768 | E64: 100 | F64: Low | G64: no | I64: =I63 -> MH | J64: =J63 -> 0 | K64: =K63 -> 45240 | L64: 63 | M64: =IF('Submit here'!B64>0,'Submit here'!B64,"") -> NKL | N64: =IF('Submit here'!C64>0,'Submit here'!C64,"") -> 45226 | O64: Tåruplund_2 | P64: =IF('Submit here'!E64>0,'Submit here'!E64,"") | Q64: =IF('Submit here'!F64>0,'Submit here'!F64,"")
A65: D04 | B65: =B64 -> ARack0473 | C65: =C64 -> LVL600038053 | D65: LV3005888774 | E65: 101,5 | F65: Low | G65: no | I65: =I64 -> MH | J65: =J64 -> 0 | K65: =K64 -> 45240 | L65: 64 | M65: =IF('Submit here'!B65>0,'Submit here'!B65,"") -> NKL | N65: =IF('Submit here'!C65>0,'Submit here'!C65,"") -> 45226 | O65: Tåruplund_2 | P65: =IF('Submit here'!E65>0,'Submit here'!E65,"") | Q65: =IF('Submit here'!F65>0,'Submit here'!F65,"")
A66: A05 | B66: =B65 -> ARack0473 | C66: =C65 -> LVL600038053 | D66: LV3005888756 | E66: 103 | F66: Low | G66: no | I66: =I65 -> MH | J66: =J65 -> 0 | K66: =K65 -> 45240 | L66: 65 | M66: =IF('Submit here'!B66>0,'Submit here'!B66,"") -> NKL | N66: =IF('Submit here'!C66>0,'Submit here'!C66,"") -> 45226 | O66: Tåruplund_2 | P66: =IF('Submit here'!E66>0,'Submit here'!E66,"") | Q66: =IF('Submit here'!F66>0,'Submit here'!F66,"")
A67: B05 | B67: =B66 -> ARack0473 | C67: =C66 -> LVL600038053 | D67: LV3005888762 | E67: 105 | F67: Low | G67: no | I67: =I66 -> MH | J67: =J66 -> 0 | K67: =K66 -> 45240 | L67: 66 | M67: =IF('Submit here'!B67>0,'Submit here'!B67,"") -> NKL | N67: =IF('Submit here'!C67>0,'Submit here'!C67,"") -> 45226 | O67: Tåruplund_2 | P67: =IF('Submit here'!E67>0,'Submit here'!E67,"") | Q67: =IF('Submit here'!F67>0,'Submit here'!F67,"")
A68: C05 | B68: =B67 -> ARack0473 | C68: =C67 -> LVL600038053 | D68: LV3005888769 | E68: 106,5 | F68: Low | G68: no | I68: =I67 -> MH | J68: =J67 -> 0 | K68: =K67 -> 45240 | L68: 67 | M68: =IF('Submit here'!B68>0,'Submit here'!B68,"") -> NKL | N68: =IF('Submit here'!C68>0,'Submit here'!C68,"") -> 45226 | O68: Tåruplund_2 | P68: =IF('Submit here'!E68>0,'Submit here'!E68,"") | Q68: =IF('Submit here'!F68>0,'Submit here'!F68,"")
A69: D05 | B69: =B68 -> ARack0473 | C69: =C68 -> LVL600038053 | D69: LV3005888775 | E69: 108 | F69: Low | G69: no | I69: =I68 -> MH | J69: =J68 -> 0 | K69: =K68 -> 45240 | L69: 68 | M69: =IF('Submit here'!B69>0,'Submit here'!B69,"") -> NKL | N69: =IF('Submit here'!C69>0,'Submit here'!C69,"") -> 45226 | O69: Tåruplund_2 | P69: =IF('Submit here'!E69>0,'Submit here'!E69,"") | Q69: =IF('Submit here'!F69>0,'Submit here'!F69,"")
A70: A06 | B70: =B69 -> ARack0473 | C70: =C69 -> LVL600038053 | D70: LV3005888757 | E70: 110 | F70: Low | G70: no | I70: =I69 -> MH | J70: =J69 -> 0 | K70: =K69 -> 45240 | L70: 69 | M70: =IF('Submit here'!B70>0,'Submit here'!B70,"") -> NKL | N70: =IF('Submit here'!C70>0,'Submit here'!C70,"") -> 45226 | O70: Tåruplund_2 | P70: =IF('Submit here'!E70>0,'Submit here'!E70,"") | Q70: =IF('Submit here'!F70>0,'Submit here'!F70,"")
A71: B06 | B71: =B70 -> ARack0473 | C71: =C70 -> LVL600038053 | D71: LV3005888763 | E71: 111,5 | F71: Low | G71: no | I71: =I70 -> MH | J71: =J70 -> 0 | K71: =K70 -> 45240 | L71: 70 | M71: =IF('Submit here'!B71>0,'Submit here'!B71,"") -> NKL | N71: =IF('Submit here'!C71>0,'Submit here'!C71,"") -> 45226 | O71: Tåruplund_2 | P71: =IF('Submit here'!E71>0,'Submit here'!E71,"") | Q71: =IF('Submit here'!F71>0,'Submit here'!F71,"")
A72: C06 | B72: =B71 -> ARack0473 | C72: =C71 -> LVL600038053 | D72: LV3005888770 | E72: 113 | F72: Low | G72: no | I72: =I71 -> MH | J72: =J71 -> 0 | K72: =K71 -> 45240 | L72: 71 | M72: =IF('Submit here'!B72>0,'Submit here'!B72,"") -> NKL | N72: =IF('Submit here'!C72>0,'Submit here'!C72,"") -> 45226 | O72: Tåruplund_2 | P72: =IF('Submit here'!E72>0,'Submit here'!E72,"") | Q72: =IF('Submit here'!F72>0,'Submit here'!F72,"")
A73: D06 | B73: =B72 -> ARack0473 | C73: =C72 -> LVL600038053 | D73: LV3005888776 | E73: 114,5 | F73: Low | G73: no | I73: =I72 -> MH | J73: =J72 -> 0 | K73: =K72 -> 45240 | L73: 72 | M73: =IF('Submit here'!B73>0,'Submit here'!B73,"") -> NKL | N73: =IF('Submit here'!C73>0,'Submit here'!C73,"") -> 45226 | O73: Tåruplund_2 | P73: =IF('Submit here'!E73>0,'Submit here'!E73,"") | Q73: =IF('Submit here'!F73>0,'Submit here'!F73,"")
A74: A01 | B74: ARack0474 | C74: LVL600038052 | D74: LV3005888728 | E74: 116 | F74: Low | G74: no | I74: =I73 -> MH | J74: =J73 -> 0 | K74: =K73 -> 45240 | L74: 73 | M74: =IF('Submit here'!B74>0,'Submit here'!B74,"") -> NKL | N74: =IF('Submit here'!C74>0,'Submit here'!C74,"") -> 45226 | O74: Tåruplund_2 | P74: =IF('Submit here'!E74>0,'Submit here'!E74,"") | Q74: =IF('Submit here'!F74>0,'Submit here'!F74,"")
A75: B01 | B75: =B74 -> ARack0474 | C75: =C74 -> LVL600038052 | D75: LV3005888734 | E75: 117,5 | F75: Low | G75: no | I75: =I74 -> MH | J75: =J74 -> 0 | K75: =K74 -> 45240 | L75: 74 | M75: =IF('Submit here'!B75>0,'Submit here'!B75,"") -> NKL | N75: =IF('Submit here'!C75>0,'Submit here'!C75,"") -> 45226 | O75: Tåruplund_2 | P75: =IF('Submit here'!E75>0,'Submit here'!E75,"") | Q75: =IF('Submit here'!F75>0,'Submit here'!F75,"")
A76: C01 | B76: =B75 -> ARack0474 | C76: =C75 -> LVL600038052 | D76: LV3005888740 | E76: 119 | F76: Low | G76: no | I76: =I75 -> MH | J76: =J75 -> 0 | K76: =K75 -> 45240 | L76: 75 | M76: =IF('Submit here'!B76>0,'Submit here'!B76,"") -> NKL | N76: =IF('Submit here'!C76>0,'Submit here'!C76,"") -> 45226 | O76: Tåruplund_2 | P76: =IF('Submit here'!E76>0,'Submit here'!E76,"") | Q76: =IF('Submit here'!F76>0,'Submit here'!F76,"")
A77: D01 | B77: =B76 -> ARack0474 | C77: =C76 -> LVL600038052 | D77: LV3005888746 | E77: 120,5 | F77: Low | G77: no | I77: =I76 -> MH | J77: =J76 -> 0 | K77: =K76 -> 45240 | L77: 76 | M77: =IF('Submit here'!B77>0,'Submit here'!B77,"") -> NKL | N77: =IF('Submit here'!C77>0,'Submit here'!C77,"") -> 45226 | O77: Tåruplund_2 | P77: =IF('Submit here'!E77>0,'Submit here'!E77,"") | Q77: =IF('Submit here'!F77>0,'Submit here'!F77,"")
A78: A02 | B78: =B77 -> ARack0474 | C78: =C77 -> LVL600038052 | D78: LV3005888729 | E78: 122 | F78: Low | G78: no | I78: =I77 -> MH | J78: =J77 -> 0 | K78: =K77 -> 45240 | L78: 77 | M78: =IF('Submit here'!B78>0,'Submit here'!B78,"") -> NKL | N78: =IF('Submit here'!C78>0,'Submit here'!C78,"") -> 45226 | O78: Tåruplund_2 | P78: =IF('Submit here'!E78>0,'Submit here'!E78,"") | Q78: =IF('Submit here'!F78>0,'Submit here'!F78,"")
A79: B02 | B79: =B78 -> ARack0474 | C79: =C78 -> LVL600038052 | D79: LV3005888735 | E79: 123,5 | F79: Low | G79: no | I79: =I78 -> MH | J79: =J78 -> 0 | K79: =K78 -> 45240 | L79: 78 | M79: =IF('Submit here'!B79>0,'Submit here'!B79,"") -> NKL | N79: =IF('Submit here'!C79>0,'Submit here'!C79,"") -> 45226 | O79: Tåruplund_2 | P79: =IF('Submit here'!E79>0,'Submit here'!E79,"") | Q79: =IF('Submit here'!F79>0,'Submit here'!F79,"")
A80: C02 | B80: =B79 -> ARack0474 | C80: =C79 -> LVL600038052 | D80: LV3005888741 | E80: 125 | F80: Low | G80: no | I80: =I79 -> MH | J80: =J79 -> 0 | K80: =K79 -> 45240 | L80: 79 | M80: =IF('Submit here'!B80>0,'Submit here'!B80,"") -> NKL | N80: =IF('Submit here'!C80>0,'Submit here'!C80,"") -> 45226 | O80: Tåruplund_2 | P80: =IF('Submit here'!E80>0,'Submit here'!E80,"") | Q80: =IF('Submit here'!F80>0,'Submit here'!F80,"")
A81: D02 | B81: =B80 -> ARack0474 | C81: =C80 -> LVL600038052 | D81: LV3005888747 | E81: 127 | F81: Low | G81: no | I81: =I80 -> MH | J81: =J80 -> 0 | K81: =K80 -> 45240 | L81: 80 | M81: =IF('Submit here'!B81>0,'Submit here'!B81,"") -> NKL | N81: =IF('Submit here'!C81>0,'Submit here'!C81,"") -> 45226 | O81: Tåruplund_2 | P81: =IF('Submit here'!E81>0,'Submit here'!E81,"") | Q81: =IF('Submit here'!F81>0,'Submit here'!F81,"")
A82: A03 | B82: =B81 -> ARack0474 | C82: =C81 -> LVL600038052 | D82: LV3005888730 | E82: 128,5 | F82: Low | G82: no | I82: =I81 -> MH | J82: =J81 -> 0 | K82: =K81 -> 45240 | L82: 81 | M82: =IF('Submit here'!B82>0,'Submit here'!B82,"") -> NKL | N82: =IF('Submit here'!C82>0,'Submit here'!C82,"") -> 45226 | O82: Tåruplund_2 | P82: =IF('Submit here'!E82>0,'Submit here'!E82,"") | Q82: =IF('Submit here'!F82>0,'Submit here'!F82,"")
A83: B03 | B83: =B82 -> ARack0474 | C83: =C82 -> LVL600038052 | D83: LV3005888736 | E83: 130 | F83: Low | G83: no | I83: =I82 -> MH | J83: =J82 -> 0 | K83: =K82 -> 45240 | L83: 82 | M83: =IF('Submit here'!B83>0,'Submit here'!B83,"") -> NKL | N83: =IF('Submit here'!C83>0,'Submit here'!C83,"") -> 45226 | O83: Tåruplund_2 | P83: =IF('Submit here'!E83>0,'Submit here'!E83,"") | Q83: =IF('Submit here'!F83>0,'Submit here'!F83,"")
A84: C03 | B84: =B83 -> ARack0474 | C84: =C83 -> LVL600038052 | D84: LV3005888742 | E84: 131,5 | F84: Low | G84: no | I84: =I83 -> MH | J84: =J83 -> 0 | K84: =K83 -> 45240 | L84: 83 | M84: =IF('Submit here'!B84>0,'Submit here'!B84,"") -> NKL | N84: =IF('Submit here'!C84>0,'Submit here'!C84,"") -> 45226 | O84: Tåruplund_2 | P84: =IF('Submit here'!E84>0,'Submit here'!E84,"") | Q84: =IF('Submit here'!F84>0,'Submit here'!F84,"")
A85: D03 | B85: =B84 -> ARack0474 | C85: =C84 -> LVL600038052 | D85: LV3005888748 | E85: 134 | F85: Low | G85: no | I85: =I84 -> MH | J85: =J84 -> 0 | K85: =K84 -> 45240 | L85: 84 | M85: =IF('Submit here'!B85>0,'Submit here'!B85,"") -> NKL | N85: =IF('Submit here'!C85>0,'Submit here'!C85,"") -> 45226 | O85: Tåruplund_2 | P85: =IF('Submit here'!E85>0,'Submit here'!E85,"") | Q85: =IF('Submit here'!F85>0,'Submit here'!F85,"")
A86: A04 | B86: =B85 -> ARack0474 | C86: =C85 -> LVL600038052 | D86: LV3005888731 | E86: 136 | F86: Low | G86: no | I86: =I85 -> MH | J86: =J85 -> 0 | K86: =K85 -> 45240 | L86: 85 | M86: =IF('Submit here'!B86>0,'Submit here'!B86,"") -> NKL | N86: =IF('Submit here'!C86>0,'Submit here'!C86,"") -> 45226 | O86: Tåruplund_2 | P86: =IF('Submit here'!E86>0,'Submit here'!E86,"") | Q86: =IF('Submit here'!F86>0,'Submit here'!F86,"")
A87: B04 | B87: =B86 -> ARack0474 | C87: =C86 -> LVL600038052 | I87: =I86 -> MH | J87: =J86 -> 0 | K87: =K86 -> 45240 | L87: 86 | M87: =IF('Submit here'!B87>0,'Submit here'!B87,"") -> NKL | N87: =IF('Submit here'!C87>0,'Submit here'!C87,"") -> 45226 | O87: =IF('Submit here'!D87>0,'Submit here'!D87,"") | P87: =IF('Submit here'!E87>0,'Submit here'!E87,"") | Q87: =IF('Submit here'!F87>0,'Submit here'!F87,"")
A88: C04 | B88: =B87 -> ARack0474 | C88: =C87 -> LVL600038052 | I88: =I87 -> MH | J88: =J87 -> 0 | K88: =K87 -> 45240 | L88: 87 | M88: =IF('Submit here'!B88>0,'Submit here'!B88,"") -> NKL | N88: =IF('Submit here'!C88>0,'Submit here'!C88,"") -> 45226 | O88: =IF('Submit here'!D88>0,'Submit here'!D88,"") | P88: =IF('Submit here'!E88>0,'Submit here'!E88,"") | Q88: =IF('Submit here'!F88>0,'Submit here'!F88,"")
A89: D04 | B89: =B88 -> ARack0474 | C89: =C88 -> LVL600038052 | I89: =I88 -> MH | J89: =J88 -> 0 | K89: =K88 -> 45240 | L89: 88 | M89: =IF('Submit here'!B89>0,'Submit here'!B89,"") -> NKL | N89: =IF('Submit here'!C89>0,'Submit here'!C89,"") -> 45226 | O89: =IF('Submit here'!D89>0,'Submit here'!D89,"") | P89: =IF('Submit here'!E89>0,'Submit here'!E89,"") | Q89: =IF('Submit here'!F89>0,'Submit here'!F89,"")
A90: A05 | B90: =B89 -> ARack0474 | C90: =C89 -> LVL600038052 | I90: =I89 -> MH | J90: =J89 -> 0 | K90: =K89 -> 45240 | L90: 89 | M90: =IF('Submit here'!B90>0,'Submit here'!B90,"") -> NKL | N90: =IF('Submit here'!C90>0,'Submit here'!C90,"") -> 45226 | O90: =IF('Submit here'!D90>0,'Submit here'!D90,"") | P90: =IF('Submit here'!E90>0,'Submit here'!E90,"") | Q90: =IF('Submit here'!F90>0,'Submit here'!F90,"")
A91: B05 | B91: =B90 -> ARack0474 | C91: =C90 -> LVL600038052 | I91: =I90 -> MH | J91: =J90 -> 0 | K91: =K90 -> 45240 | L91: 90 | M91: =IF('Submit here'!B91>0,'Submit here'!B91,"") -> NKL | N91: =IF('Submit here'!C91>0,'Submit here'!C91,"") -> 45226 | O91: =IF('Submit here'!D91>0,'Submit here'!D91,"") | P91: =IF('Submit here'!E91>0,'Submit here'!E91,"") | Q91: =IF('Submit here'!F91>0,'Submit here'!F91,"")
A92: C05 | B92: =B91 -> ARack0474 | C92: =C91 -> LVL600038052 | I92: =I91 -> MH | J92: =J91 -> 0 | K92: =K91 -> 45240 | L92: 91 | M92: =IF('Submit here'!B92>0,'Submit here'!B92,"") -> NKL | N92: =IF('Submit here'!C92>0,'Submit here'!C92,"") -> 45226 | O92: =IF('Submit here'!D92>0,'Submit here'!D92,"") | P92: =IF('Submit here'!E92>0,'Submit here'!E92,"") | Q92: =IF('Submit here'!F92>0,'Submit here'!F92,"")
A93: D05 | B93: =B92 -> ARack0474 | C93: =C92 -> LVL600038052 | I93: =I92 -> MH | J93: =J92 -> 0 | K93: =K92 -> 45240 | L93: 92 | M93: =IF('Submit here'!B93>0,'Submit here'!B93,"") -> NKL | N93: =IF('Submit here'!C93>0,'Submit here'!C93,"") -> 45226 | O93: =IF('Submit here'!D93>0,'Submit here'!D93,"") | P93: =IF('Submit here'!E93>0,'Submit here'!E93,"") | Q93: =IF('Submit here'!F93>0,'Submit here'!F93,"")
A94: A06 | B94: =B93 -> ARack0474 | C94: =C93 -> LVL600038052 | I94: =I93 -> MH | J94: =J93 -> 0 | K94: =K93 -> 45240 | L94: 93 | M94: =IF('Submit here'!B94>0,'Submit here'!B94,"") -> NKL | N94: =IF('Submit here'!C94>0,'Submit here'!C94,"") -> 45226 | O94: =IF('Submit here'!D94>0,'Submit here'!D94,"") | P94: =IF('Submit here'!E94>0,'Submit here'!E94,"") | Q94: =IF('Submit here'!F94>0,'Submit here'!F94,"")
A95: B06 | B95: =B94 -> ARack0474 | C95: =C94 -> LVL600038052 | I95: =I94 -> MH | J95: =J94 -> 0 | K95: =K94 -> 45240 | L95: 94 | M95: =IF('Submit here'!B95>0,'Submit here'!B95,"") -> NKL | N95: =IF('Submit here'!C95>0,'Submit here'!C95,"") -> 45226 | O95: =IF('Submit here'!D95>0,'Submit here'!D95,"") | P95: =IF('Submit here'!E95>0,'Submit here'!E95,"") | Q95: =IF('Submit here'!F95>0,'Submit here'!F95,"")
A96: C06 | B96: =B95 -> ARack0474 | C96: =C95 -> LVL600038052 | I96: =I95 -> MH | J96: =J95 -> 0 | K96: =K95 -> 45240 | L96: 95 | M96: =IF('Submit here'!B96>0,'Submit here'!B96,"") -> NKL | N96: =IF('Submit here'!C96>0,'Submit here'!C96,"") -> 45226 | O96: =IF('Submit here'!D96>0,'Submit here'!D96,"") | P96: =IF('Submit here'!E96>0,'Submit here'!E96,"") | Q96: =IF('Submit here'!F96>0,'Submit here'!F96,"")
A97: D06 | B97: =B96 -> ARack0474 | C97: =C96 -> LVL600038052 | I97: =I96 -> MH | J97: =J96 -> 0 | K97: =K96 -> 45240 | L97: 96 | M97: =IF('Submit here'!B97>0,'Submit here'!B97,"") -> NKL | N97: =IF('Submit here'!C97>0,'Submit here'!C97,"") -> 45226 | O97: =IF('Submit here'!D97>0,'Submit here'!D97,"") | P97: =IF('Submit here'!E97>0,'Submit here'!E97,"") | Q97: =IF('Submit here'!F97>0,'Submit here'!F97,"")
A98: A01 | I98: =I97 -> MH | J98: =J97 -> 0 | K98: =K97 -> 45240 | L98: 97 | M98: =IF('Submit here'!B98>0,'Submit here'!B98,"") -> NKL | N98: =IF('Submit here'!C98>0,'Submit here'!C98,"") -> 45226 | O98: =IF('Submit here'!D98>0,'Submit here'!D98,"") | P98: =IF('Submit here'!E98>0,'Submit here'!E98,"") | Q98: =IF('Submit here'!F98>0,'Submit here'!F98,"")
A99: B01 | B99: =B98 -> 0 | C99: =C98 -> 0 | I99: =I98 -> MH | J99: =J98 -> 0 | K99: =K98 -> 45240 | L99: 98 | M99: =IF('Submit here'!B99>0,'Submit here'!B99,"") -> NKL | N99: =IF('Submit here'!C99>0,'Submit here'!C99,"") -> 45226 | O99: =IF('Submit here'!D99>0,'Submit here'!D99,"") | P99: =IF('Submit here'!E99>0,'Submit here'!E99,"") | Q99: =IF('Submit here'!F99>0,'Submit here'!F99,"")
A100: C01 | B100: =B99 -> 0 | C100: =C99 -> 0 | I100: =I99 -> MH | J100: =J99 -> 0 | K100: =K99 -> 45240 | L100: 99 | M100: =IF('Submit here'!B100>0,'Submit here'!B100,"") -> NKL | N100: =IF('Submit here'!C100>0,'Submit here'!C100,"") -> 45226 | O100: =IF('Submit here'!D100>0,'Submit here'!D100,"") | P100: =IF('Submit here'!E100>0,'Submit here'!E100,"") | Q100: =IF('Submit here'!F100>0,'Submit here'!F100,"")
...

Sheet OutputForDB
A1: ArchiveSampleID | B1: PositionInRack | C1: RackName | D1: RackID | E1: BulkSampleID | F1: DepthSampledCalTape | G1: DepthOrderedCalTape | H1: OrganicContent | I1: SurfaceExposed | J1: RemarksArchiveSampling | K1: SampledBy1 | L1: SampledBy2 | M1: SamplingDate | N1: Submitter | O1: SubmissionDate | P1: NotesSubmitter
A2: =IF('For lab assistants'!C2>0,'For lab assistants'!C2,"") -> LVL600038050 | B2: =IF('For lab assistants'!C2>0,'For lab assistants'!A2,"") -> A01 | C2: =IF('For lab assistants'!B2>0,'For lab assistants'!B2,"") -> ARack0471 | D2: =IF('For lab assistants'!#REF!>0,'For lab assistants'!#REF!,"") -> #REF! | E2: =IF('For lab assistants'!O2>0,'For lab assistants'!O2,"") -> Tåruplund_2 | F2: =IF('For lab assistants'!E2>0,'For lab assistants'!E2,"") -> 0,5 | G2: =IF('For lab assistants'!P2>0,'For lab assistants'!P2,"") -> Continuous | H2: =IF('For lab assistants'!F2>0,'For lab assistants'!F2,"low") -> High | I2: =IF('For lab assistants'!G2>0,'For lab assistants'!G2,"no") -> yes | J2: =IF('For lab assistants'!H2>0,'For lab assistants'!H2,"") | K2: =IF('For lab assistants'!I2>0,'For lab assistants'!I2,"") -> MH | L2: =IF('For lab assistants'!J2>0,'For lab assistants'!J2,"") | M2: =IF('For lab assistants'!K2>0,'For lab assistants'!K2,"") -> 45240 | N2: =IF('For lab assistants'!C2>0,'For lab assistants'!M2,"") -> NKL | O2: =IF('For lab assistants'!C2>0,'For lab assistants'!N2,"") -> 45226 | P2: =IF(Output4SubSamplingSubmiss.!F2>0,Output4SubSamplingSubmiss.!F2,"")
A3: =IF('For lab assistants'!D3>0,'For lab assistants'!D3,"") -> LV3005888696 | B3: =IF('For lab assistants'!D3>0,'For lab assistants'!A3,"") -> B01 | C3: =IF('For lab assistants'!B3>0,'For lab assistants'!B3,"") -> ARack0471 | D3: =IF('For lab assistants'!C3>0,'For lab assistants'!C3,"") -> LVL600038050 | E3: =IF('For lab assistants'!O3>0,'For lab assistants'!O3,"") -> Tåruplund_2 | F3: =IF('For lab assistants'!E3>0,'For lab assistants'!E3,"") -> 1,5 | G3: =IF('For lab assistants'!P3>0,'For lab assistants'!P3,"") | H3: =IF('For lab assistants'!F3>0,'For lab assistants'!F3,"low") -> High | I3: =IF('For lab assistants'!G3>0,'For lab assistants'!G3,"no") -> yes | J3: =IF('For lab assistants'!H3>0,'For lab assistants'!H3,"") | K3: =IF('For lab assistants'!I3>0,'For lab assistants'!I3,"") -> MH | L3: =IF('For lab assistants'!J3>0,'For lab assistants'!J3,"") | M3: =IF('For lab assistants'!K3>0,'For lab assistants'!K3,"") -> 45240 | N3: =IF('For lab assistants'!D3>0,'For lab assistants'!M3,"") -> NKL | O3: =IF('For lab assistants'!D3>0,'For lab assistants'!N3,"") -> 45226 | P3: =IF(Output4SubSamplingSubmiss.!F3>0,Output4SubSamplingSubmiss.!F3,"")
A4: =IF('For lab assistants'!D4>0,'For lab assistants'!D4,"") -> LV3005888690 | B4: =IF('For lab assistants'!D4>0,'For lab assistants'!A4,"") -> C01 | C4: =IF('For lab assistants'!B4>0,'For lab assistants'!B4,"") -> ARack0471 | D4: =IF('For lab assistants'!C4>0,'For lab assistants'!C4,"") -> LVL600038050 | E4: =IF('For lab assistants'!O4>0,'For lab assistants'!O4,"") -> Tåruplund_2 | F4: =IF('For lab assistants'!E4>0,'For lab assistants'!E4,"") -> 3 | G4: =IF('For lab assistants'!P4>0,'For lab assistants'!P4,"") | H4: =IF('For lab assistants'!F4>0,'For lab assistants'!F4,"low") -> High | I4: =IF('For lab assistants'!G4>0,'For lab assistants'!G4,"no") -> yes | J4: =IF('For lab assistants'!H4>0,'For lab assistants'!H4,"") | K4: =IF('For lab assistants'!I4>0,'For lab assistants'!I4,"") -> MH | L4: =IF('For lab assistants'!J4>0,'For lab assistants'!J4,"") | M4: =IF('For lab assistants'!K4>0,'For lab assistants'!K4,"") -> 45240 | N4: =IF('For lab assistants'!D4>0,'For lab assistants'!M4,"") -> NKL | O4: =IF('For lab assistants'!D4>0,'For lab assistants'!N4,"") -> 45226 | P4: =IF(Output4SubSamplingSubmiss.!F4>0,Output4SubSamplingSubmiss.!F4,"")
A5: =IF('For lab assistants'!D5>0,'For lab assistants'!D5,"") -> LV3005888684 | B5: =IF('For lab assistants'!D5>0,'For lab assistants'!A5,"") -> D01 | C5: =IF('For lab assistants'!B5>0,'For lab assistants'!B5,"") -> ARack0471 | D5: =IF('For lab assistants'!C5>0,'For lab assistants'!C5,"") -> LVL600038050 | E5: =IF('For lab assistants'!O5>0,'For lab assistants'!O5,"") -> Tåruplund_2 | F5: =IF('For lab assistants'!E5>0,'For lab assistants'!E5,"") -> 5 | G5: =IF('For lab assistants'!P5>0,'For lab assistants'!P5,"") | H5: =IF('For lab assistants'!F5>0,'For lab assistants'!F5,"low") -> High | I5: =IF('For lab assistants'!G5>0,'For lab assistants'!G5,"no") -> yes | J5: =IF('For lab assistants'!H5>0,'For lab assistants'!H5,"") | K5: =IF('For lab assistants'!I5>0,'For lab assistants'!I5,"") -> MH | L5: =IF('For lab assistants'!J5>0,'For lab assistants'!J5,"") | M5: =IF('For lab assistants'!K5>0,'For lab assistants'!K5,"") -> 45240 | N5: =IF('For lab assistants'!D5>0,'For lab assistants'!M5,"") -> NKL | O5: =IF('For lab assistants'!D5>0,'For lab assistants'!N5,"") -> 45226 | P5: =IF(Output4SubSamplingSubmiss.!F5>0,Output4SubSamplingSubmiss.!F5,"")
A6: =IF('For lab assistants'!D6>0,'For lab assistants'!D6,"") -> LV3005888701 | B6: =IF('For lab assistants'!D6>0,'For lab assistants'!A6,"") -> A02 | C6: =IF('For lab assistants'!B6>0,'For lab assistants'!B6,"") -> ARack0471 | D6: =IF('For lab assistants'!C6>0,'For lab assistants'!C6,"") -> LVL600038050 | E6: =IF('For lab assistants'!O6>0,'For lab assistants'!O6,"") -> Tåruplund_2 | F6: =IF('For lab assistants'!E6>0,'For lab assistants'!E6,"") -> 6,5 | G6: =IF('For lab assistants'!P6>0,'For lab assistants'!P6,"") | H6: =IF('For lab assistants'!F6>0,'For lab assistants'!F6,"low") -> High | I6: =IF('For lab assistants'!G6>0,'For lab assistants'!G6,"no") -> no | J6: =IF('For lab assistants'!H6>0,'For lab assistants'!H6,"") | K6: =IF('For lab assistants'!I6>0,'For lab assistants'!I6,"") -> MH | L6: =IF('For lab assistants'!J6>0,'For lab assistants'!J6,"") | M6: =IF('For lab assistants'!K6>0,'For lab assistants'!K6,"") -> 45240 | N6: =IF('For lab assistants'!D6>0,'For lab assistants'!M6,"") -> NKL | O6: =IF('For lab assistants'!D6>0,'For lab assistants'!N6,"") -> 45226 | P6: =IF(Output4SubSamplingSubmiss.!F6>0,Output4SubSamplingSubmiss.!F6,"")
A7: =IF('For lab assistants'!D7>0,'For lab assistants'!D7,"") -> LV3005888695 | B7: =IF('For lab assistants'!D7>0,'For lab assistants'!A7,"") -> B02 | C7: =IF('For lab assistants'!B7>0,'For lab assistants'!B7,"") -> ARack0471 | D7: =IF('For lab assistants'!C7>0,'For lab assistants'!C7,"") -> LVL600038050 | E7: =IF('For lab assistants'!O7>0,'For lab assistants'!O7,"") -> Tåruplund_2 | F7: =IF('For lab assistants'!E7>0,'For lab assistants'!E7,"") -> 8 | G7: =IF('For lab assistants'!P7>0,'For lab assistants'!P7,"") | H7: =IF('For lab assistants'!F7>0,'For lab assistants'!F7,"low") -> High | I7: =IF('For lab assistants'!G7>0,'For lab assistants'!G7,"no") -> no | J7: =IF('For lab assistants'!H7>0,'For lab assistants'!H7,"") | K7: =IF('For lab assistants'!I7>0,'For lab assistants'!I7,"") -> MH | L7: =IF('For lab assistants'!J7>0,'For lab assistants'!J7,"") | M7: =IF('For lab assistants'!K7>0,'For lab assistants'!K7,"") -> 45240 | N7: =IF('For lab assistants'!D7>0,'For lab assistants'!M7,"") -> NKL | O7: =IF('For lab assistants'!D7>0,'For lab assistants'!N7,"") -> 45226 | P7: =IF(Output4SubSamplingSubmiss.!F7>0,Output4SubSamplingSubmiss.!F7,"")
A8: =IF('For lab assistants'!D8>0,'For lab assistants'!D8,"") -> LV3005888689 | B8: =IF('For lab assistants'!D8>0,'For lab assistants'!A8,"") -> C02 | C8: =IF('For lab assistants'!B8>0,'For lab assistants'!B8,"") -> ARack0471 | D8: =IF('For lab assistants'!C8>0,'For lab assistants'!C8,"") -> LVL600038050 | E8: =IF('For lab assistants'!O8>0,'For lab assistants'!O8,"") -> Tåruplund_2 | F8: =IF('For lab assistants'!E8>0,'For lab assistants'!E8,"") -> 9,5 | G8: =IF('For lab assistants'!P8>0,'For lab assistants'!P8,"") | H8: =IF('For lab assistants'!F8>0,'For lab assistants'!F8,"low") -> High | I8: =IF('For lab assistants'!G8>0,'For lab assistants'!G8,"no") -> no | J8: =IF('For lab assistants'!H8>0,'For lab assistants'!H8,"") | K8: =IF('For lab assistants'!I8>0,'For lab assistants'!I8,"") -> MH | L8: =IF('For lab assistants'!J8>0,'For lab assistants'!J8,"") | M8: =IF('For lab assistants'!K8>0,'For lab assistants'!K8,"") -> 45240 | N8: =IF('For lab assistants'!D8>0,'For lab assistants'!M8,"") -> NKL | O8: =IF('For lab assistants'!D8>0,'For lab assistants'!N8,"") -> 45226 | P8: =IF(Output4SubSamplingSubmiss.!F8>0,Output4SubSamplingSubmiss.!F8,"")
A9: =IF('For lab assistants'!D9>0,'For lab assistants'!D9,"") -> LV3005888683 | B9: =IF('For lab assistants'!D9>0,'For lab assistants'!A9,"") -> D02 | C9: =IF('For lab assistants'!B9>0,'For lab assistants'!B9,"") -> ARack0471 | D9: =IF('For lab assistants'!C9>0,'For lab assistants'!C9,"") -> LVL600038050 | E9: =IF('For lab assistants'!O9>0,'For lab assistants'!O9,"") -> Tåruplund_2 | F9: =IF('For lab assistants'!E9>0,'For lab assistants'!E9,"") -> 11 | G9: =IF('For lab assistants'!P9>0,'For lab assistants'!P9,"") | H9: =IF('For lab assistants'!F9>0,'For lab assistants'!F9,"low") -> High | I9: =IF('For lab assistants'!G9>0,'For lab assistants'!G9,"no") -> no | J9: =IF('For lab assistants'!H9>0,'For lab assistants'!H9,"") | K9: =IF('For lab assistants'!I9>0,'For lab assistants'!I9,"") -> MH | L9: =IF('For lab assistants'!J9>0,'For lab assistants'!J9,"") | M9: =IF('For lab assistants'!K9>0,'For lab assistants'!K9,"") -> 45240 | N9: =IF('For lab assistants'!D9>0,'For lab assistants'!M9,"") -> NKL | O9: =IF('For lab assistants'!D9>0,'For lab assistants'!N9,"") -> 45226 | P9: =IF(Output4SubSamplingSubmiss.!F9>0,Output4SubSamplingSubmiss.!F9,"")
A10: =IF('For lab assistants'!D10>0,'For lab assistants'!D10,"") -> LV3005888700 | B10: =IF('For lab assistants'!D10>0,'For lab assistants'!A10,"") -> A03 | C10: =IF('For lab assistants'!B10>0,'For lab assistants'!B10,"") -> ARack0471 | D10: =IF('For lab assistants'!C10>0,'For lab assistants'!C10,"") -> LVL600038050 | E10: =IF('For lab assistants'!O10>0,'For lab assistants'!O10,"") -> Tåruplund_2 | F10: =IF('For lab assistants'!E10>0,'For lab assistants'!E10,"") -> 13 | G10: =IF('For lab assistants'!P10>0,'For lab assistants'!P10,"") | H10: =IF('For lab assistants'!F10>0,'For lab assistants'!F10,"low") -> High | I10: =IF('For lab assistants'!G10>0,'For lab assistants'!G10,"no") -> no | J10: =IF('For lab assistants'!H10>0,'For lab assistants'!H10,"") | K10: =IF('For lab assistants'!I10>0,'For lab assistants'!I10,"") -> MH | L10: =IF('For lab assistants'!J10>0,'For lab assistants'!J10,"") | M10: =IF('For lab assistants'!K10>0,'For lab assistants'!K10,"") -> 45240 | N10: =IF('For lab assistants'!D10>0,'For lab assistants'!M10,"") -> NKL | O10: =IF('For lab assistants'!D10>0,'For lab assistants'!N10,"") -> 45226 | P10: =IF(Output4SubSamplingSubmiss.!F10>0,Output4SubSamplingSubmiss.!F10,"")
A11: =IF('For lab assistants'!D11>0,'For lab assistants'!D11,"") -> LV3005888694 | B11: =IF('For lab assistants'!D11>0,'For lab assistants'!A11,"") -> B03 | C11: =IF('For lab assistants'!B11>0,'For lab assistants'!B11,"") -> ARack0471 | D11: =IF('For lab assistants'!C11>0,'For lab assistants'!C11,"") -> LVL600038050 | E11: =IF('For lab assistants'!O11>0,'For lab assistants'!O11,"") -> Tåruplund_2 | F11: =IF('For lab assistants'!E11>0,'For lab assistants'!E11,"") -> 14,5 | G11: =IF('For lab assistants'!P11>0,'For lab assistants'!P11,"") | H11: =IF('For lab assistants'!F11>0,'For lab assistants'!F11,"low") -> High | I11: =IF('For lab assistants'!G11>0,'For lab assistants'!G11,"no") -> yes | J11: =IF('For lab assistants'!H11>0,'For lab assistants'!H11,"") | K11: =IF('For lab assistants'!I11>0,'For lab assistants'!I11,"") -> MH | L11: =IF('For lab assistants'!J11>0,'For lab assistants'!J11,"") | M11: =IF('For lab assistants'!K11>0,'For lab assistants'!K11,"") -> 45240 | N11: =IF('For lab assistants'!D11>0,'For lab assistants'!M11,"") -> NKL | O11: =IF('For lab assistants'!D11>0,'For lab assistants'!N11,"") -> 45226 | P11: =IF(Output4SubSamplingSubmiss.!F11>0,Output4SubSamplingSubmiss.!F11,"")
A12: =IF('For lab assistants'!D12>0,'For lab assistants'!D12,"") -> LV3005888688 | B12: =IF('For lab assistants'!D12>0,'For lab assistants'!A12,"") -> C03 | C12: =IF('For lab assistants'!B12>0,'For lab assistants'!B12,"") -> ARack0471 | D12: =IF('For lab assistants'!C12>0,'For lab assistants'!C12,"") -> LVL600038050 | E12: =IF('For lab assistants'!O12>0,'For lab assistants'!O12,"") -> Tåruplund_2 | F12: =IF('For lab assistants'!E12>0,'For lab assistants'!E12,"") -> 16 | G12: =IF('For lab assistants'!P12>0,'For lab assistants'!P12,"") | H12: =IF('For lab assistants'!F12>0,'For lab assistants'!F12,"low") -> High | I12: =IF('For lab assistants'!G12>0,'For lab assistants'!G12,"no") -> yes | J12: =IF('For lab assistants'!H12>0,'For lab assistants'!H12,"") | K12: =IF('For lab assistants'!I12>0,'For lab assistants'!I12,"") -> MH | L12: =IF('For lab assistants'!J12>0,'For lab assistants'!J12,"") | M12: =IF('For lab assistants'!K12>0,'For lab assistants'!K12,"") -> 45240 | N12: =IF('For lab assistants'!D12>0,'For lab assistants'!M12,"") -> NKL | O12: =IF('For lab assistants'!D12>0,'For lab assistants'!N12,"") -> 45226 | P12: =IF(Output4SubSamplingSubmiss.!F12>0,Output4SubSamplingSubmiss.!F12,"")
A13: =IF('For lab assistants'!D13>0,'For lab assistants'!D13,"") -> LV3005888682 | B13: =IF('For lab assistants'!D13>0,'For lab assistants'!A13,"") -> D03 | C13: =IF('For lab assistants'!B13>0,'For lab assistants'!B13,"") -> ARack0471 | D13: =IF('For lab assistants'!C13>0,'For lab assistants'!C13,"") -> LVL600038050 | E13: =IF('For lab assistants'!O13>0,'For lab assistants'!O13,"") -> Tåruplund_2 | F13: =IF('For lab assistants'!E13>0,'For lab assistants'!E13,"") -> 17,5 | G13: =IF('For lab assistants'!P13>0,'For lab assistants'!P13,"") | H13: =IF('For lab assistants'!F13>0,'For lab assistants'!F13,"low") -> High | I13: =IF('For lab assistants'!G13>0,'For lab assistants'!G13,"no") -> yes | J13: =IF('For lab assistants'!H13>0,'For lab assistants'!H13,"") | K13: =IF('For lab assistants'!I13>0,'For lab assistants'!I13,"") -> MH | L13: =IF('For lab assistants'!J13>0,'For lab assistants'!J13,"") | M13: =IF('For lab assistants'!K13>0,'For lab assistants'!K13,"") -> 45240 | N13: =IF('For lab assistants'!D13>0,'For lab assistants'!M13,"") -> NKL | O13: =IF('For lab assistants'!D13>0,'For lab assistants'!N13,"") -> 45226 | P13: =IF(Output4SubSamplingSubmiss.!F13>0,Output4SubSamplingSubmiss.!F13,"")
A14: =IF('For lab assistants'!D14>0,'For lab assistants'!D14,"") -> LV3005888699 | B14: =IF('For lab assistants'!D14>0,'For lab assistants'!A14,"") -> A04 | C14: =IF('For lab assistants'!B14>0,'For lab assistants'!B14,"") -> ARack0471 | D14: =IF('For lab assistants'!C14>0,'For lab assistants'!C14,"") -> LVL600038050 | E14: =IF('For lab assistants'!O14>0,'For lab assistants'!O14,"") -> Tåruplund_2 | F14: =IF('For lab assistants'!E14>0,'For lab assistants'!E14,"") -> 19 | G14: =IF('For lab assistants'!P14>0,'For lab assistants'!P14,"") | H14: =IF('For lab assistants'!F14>0,'For lab assistants'!F14,"low") -> High | I14: =IF('For lab assistants'!G14>0,'For lab assistants'!G14,"no") -> yes | J14: =IF('For lab assistants'!H14>0,'For lab assistants'!H14,"") | K14: =IF('For lab assistants'!I14>0,'For lab assistants'!I14,"") -> MH | L14: =IF('For lab assistants'!J14>0,'For lab assistants'!J14,"") | M14: =IF('For lab assistants'!K14>0,'For lab assistants'!K14,"") -> 45240 | N14: =IF('For lab assistants'!D14>0,'For lab assistants'!M14,"") -> NKL | O14: =IF('For lab assistants'!D14>0,'For lab assistants'!N14,"") -> 45226 | P14: =IF(Output4SubSamplingSubmiss.!F14>0,Output4SubSamplingSubmiss.!F14,"")
... A673: =IF('For lab assistants'!D673>0,'For lab assistants'!D673,"") | B673: =IF('For lab assistants'!D673>0,'For lab assistants'!A673,"") | C673: =IF('For lab assistants'!B673>0,'For lab assistants'!B673,"") | D673: =IF('For lab assistants'!C673>0,'For lab assistants'!C673,"") | E673: =IF('For lab assistants'!O673>0,'For lab assistants'!O673,"") | F673: =IF('For lab assistants'!E673>0,'For lab assistants'!E673,"") | G673: =IF('For lab assistants'!P673>0,'For lab assistants'!P673,"") | H673: =IF('For lab assistants'!F673>0,'For lab assistants'!F673,"low") -> low | I673: =IF('For lab assistants'!G673>0,'For lab assistants'!G673,"no") -> no | J673: =IF('For lab assistants'!H673>0,'For lab assistants'!H673,"") | K673: =IF('For lab assistants'!I673>0,'For lab assistants'!I673,"") -> MH | L673: =IF('For lab assistants'!J673>0,'For lab assistants'!J673,"") | M673: =IF('For lab assistants'!K673>0,'For lab assistants'!K673,"") -> 45240 | N673: =IF('For lab assistants'!D673>0,'For lab assistants'!M673,"") | O673: =IF('For lab assistants'!D673>0,'For lab assistants'!N673,"") | P673: =IF(Output4SubSamplingSubmiss.!F673>0,Output4SubSamplingSubmiss.!F673,"")

Sheet BackroundCalculations
B3: high
B4: low
