Workbook
Name piinfo: #REF!
Name piinfo: #REF!

Sheet ReadMe
B2: For Submitter (PI or project leader):
A3: 1: | B3: Download and rename file: | C3: "Ordering_eDNA_Subsampling_for_robot_pipeline(YYMMDD_Initials_ProjectID).xlsx"
C4: e.g. Ordering_eDNA_subsampling_for_robot_pipeline(230715_LVI_Langeland02).xlsx
A5: 2: | B5: Fill out the [Submit here] tab column B,C,D,E,F,G,H (and I).
B6: Info for column D, E, F, G can be copied from the relevant "Archive sampling sheet(s)".
B7: Consider the number of negative controls (default is 1 NTC per 24 samples).
B8: Leave the last two postions per rack empty for production controls.
A9: 3: | B9: Mail the renamed and completed ordering form (this file) to Jesper Stenderup; eDNA_orders@sund.ku.dk.
A10: 4: | B10: Make sure the samples are clearly labelled and easily available for the lab assistants.

Sheet For submitter
A1: No | B1: Submitter (initials) | C1: Submission Date (yyyy-mm-dd) | D1: Core- or Bulk sample ID (Optional) | E1: Archive rack position | F1: Archive RACK no. (eg. ARack0052) | G1: Archive RACK barcode | H1: Archive TUBE barcode | I1: Remarks (eg. personal project ID)
A2: 1 | B2: BdS_YW | C2: 45009 | D2: GOR22SS | E2: A01 | F2: ARack0431 | G2: LVL600038023 | H2: LV3005888014 | I2: A01
A3: 2 | B3: =B2 -> BdS_YW | C3: =C2 -> 45009 | D3: GOR22SS | E3: B01 | F3: ARack0431 | G3: LVL600038023 | H3: LV3005888008 | I3: B01
A4: 3 | B4: =B3 -> BdS_YW | C4: =C3 -> 45009 | D4: GOR22SS | E4: C01 | F4: ARack0431 | G4: LVL600038023 | H4: LV3005888020 | I4: C01
A5: 4 | B5: =B4 -> BdS_YW | C5: =C4 -> 45009 | D5: GOR22SS | E5: D01 | F5: ARack0431 | G5: LVL600038023 | H5: LV3005888019 | I5: D01
A6: 5 | B6: =B5 -> BdS_YW | C6: =C5 -> 45009 | D6: GOR22SS | E6: A02 | F6: ARack0431 | G6: LVL600038023 | H6: LV3005888013 | I6: E01
A7: 6 | B7: =B6 -> BdS_YW | C7: =C6 -> 45009 | D7: GOR22SS | E7: B02 | F7: ARack0431 | G7: LVL600038023 | H7: LV3005888007 | I7: F01
A8: 7 | B8: =B7 -> BdS_YW | C8: =C7 -> 45009 | D8: GOR22SS | E8: C02 | F8: ARack0431 | G8: LVL600038023 | H8: LV3005888001 | I8: A02
A9: 8 | B9: =B8 -> BdS_YW | C9: =C8 -> 45009 | D9: GOR22SS | E9: D02 | F9: ARack0431 | G9: LVL600038023 | H9: LV3005888018 | I9: B02
A10: 9 | B10: =B9 -> BdS_YW | C10: =C9 -> 45009 | D10: GOR22SS | E10: A03 | F10: ARack0431 | G10: LVL600038023 | H10: LV3005888016 | I10: C02
A11: 10 | B11: =B10 -> BdS_YW | C11: =C10 -> 45009 | D11: GOR22SS | E11: B03 | F11: ARack0431 | G11: LVL600038023 | H11: LV3005888012 | I11: D02
A12: 11 | B12: =B11 -> BdS_YW | C12: =C11 -> 45009 | D12: GOR22SS | E12: C03 | F12: ARack0431 | G12: LVL600038023 | H12: LV3005888006 | I12: E02
A13: 12 | B13: =B12 -> BdS_YW | C13: =C12 -> 45009 | D13: GOR22SS | E13: D03 | F13: ARack0431 | G13: LVL600038023 | H13: LV3005888000 | I13: F02
A14: 13 | B14: =B13 -> BdS_YW | C14: =C13 -> 45009 | D14: GOR22SS | E14: A04 | F14: ARack0431 | G14: LVL600038023 | H14: LV3005888017 | I14: A03
A15: 14 | B15: =B14 -> BdS_YW | C15: =C14 -> 45009 | D15: GOR22A_1 | E15: B04 | F15: ARack0431 | G15: LVL600038023 | H15: LV3005888015 | I15: B03
A16: 15 | B16: =B15 -> BdS_YW | C16: =C15 -> 45009 | I16: C03
A17: 16 | B17: =B16 -> BdS_YW | C17: =C16 -> 45009 | D17: GOR22A_1 | E17: C04 | F17: ARack0431 | G17: LVL600038023 | H17: LV3005888009 | I17: D03
A18: 17 | B18: =B17 -> BdS_YW | C18: =C17 -> 45009 | D18: GOR22A_1 | E18: D04 | F18: ARack0431 | G18: LVL600038023 | H18: LV3005888010 | I18: E03
A19: 18 | B19: =B18 -> BdS_YW | C19: =C18 -> 45009 | D19: GOR22A_1 | E19: A05 | F19: ARack0431 | G19: LVL600038023 | H19: LV3005888011 | I19: F03
A20: 19 | B20: =B19 -> BdS_YW | C20: =C19 -> 45009 | D20: GOR22A_1 | E20: B05 | F20: ARack0431 | G20: LVL600038023 | H20: LV3005888003 | I20: A04
A21: 20 | B21: =B20 -> BdS_YW | C21: =C20 -> 45009 | D21: GOR22A_1 | E21: C05 | F21: ARack0431 | G21: LVL600038023 | H21: LV3005888004 | I21: B04
A22: 21 | B22: =B21 -> BdS_YW | C22: =C21 -> 45009 | D22: GOR22A_1 | E22: D05 | F22: ARack0431 | G22: LVL600038023 | H22: LV3005888005 | I22: C04
A23: 22 | B23: =B22 -> BdS_YW | C23: =C22 -> 45009 | D23: GOR22A_1 | E23: A06 | F23: ARack0431 | G23: LVL600038023 | H23: LV3005887997 | I23: D04
A24: 23 | B24: =B23 -> BdS_YW | C24: =C23 -> 45009 | D24: GOR22A_1 | E24: B06 | F24: ARack0431 | G24: LVL600038023 | H24: LV3005887998 | I24: E04
A25: 24 | B25: =B24 -> BdS_YW | C25: =C24 -> 45009 | D25: GOR22A_1 | E25: C06 | F25: ARack0431 | G25: LVL600038023 | H25: LV3005887773 | I25: F04
A26: 25 | B26: =B25 -> BdS_YW | C26: =C25 -> 45009 | D26: GOR22A_1 | E26: D06 | F26: ARack0431 | G26: LVL600038023 | H26: LV3005887999 | I26: A05
A27: 26 | B27: =B26 -> BdS_YW | C27: =C26 -> 45009 | D27: GOR22A_1 | E27: A01 | F27: ARack0432 | G27: LVL600038022 | H27: LV3005887991 | I27: B05
A28: 27 | B28: =B27 -> BdS_YW | C28: =C27 -> 45009 | D28: GOR22A_1 | E28: B01 | F28: ARack0432 | G28: LVL600038022 | H28: LV3005887985 | I28: C05
... A34: 33 | B34: =B33 -> BdS_YW | C34: =C33 -> 45009 | D34: GOR22A_1 | E34: D02 | F34: ARack0432 | G34: LVL600038022 | H34: LV3005887996 | I34: C06
A35: 34 | B35: =B34 -> BdS_YW | C35: =C34 -> 45009 | I35: D06
A36: 35 | B36: =B35 -> BdS_YW | C36: =C35 -> 45009 | D36: GOR22A_1 | E36: A03 | F36: ARack0432 | G36: LVL600038022 | H36: LV3005887989 | I36: E06
A37: 36 | B37: =B36 -> BdS_YW | C37: =C36 -> 45009 | D37: GOR22A_1 | E37: B03 | F37: ARack0432 | G37: LVL600038022 | H37: LV3005887987 | I37: F06
A38: 37 | B38: =B37 -> BdS_YW | C38: =C37 -> 45009 | D38: GOR22A_1 | E38: C03 | F38: ARack0432 | G38: LVL600038022 | H38: LV3005887978 | I38: A07
A39: 38 | B39: =B38 -> BdS_YW | C39: =C38 -> 45009 | D39: GOR22A_1 | E39: D03 | F39: ARack0432 | G39: LVL600038022 | H39: LV3005887979 | I39: B07
A40: 39 | B40: =B39 -> BdS_YW | C40: =C39 -> 45009 | D40: GOR22A_1 | E40: A04 | F40: ARack0432 | G40: LVL600038022 | H40: LV3005887988 | I40: C07
A41: 40 | B41: =B40 -> BdS_YW | C41: =C40 -> 45009 | D41: GOR22A_1 | E41: B04 | F41: ARack0432 | G41: LVL600038022 | H41: LV3005887990 | I41: D07
A42: 41 | B42: =B41 -> BdS_YW | C42: =C41 -> 45009 | D42: GOR22A_1 | E42: C04 | F42: ARack0432 | G42: LVL600038022 | H42: LV3005887980 | I42: E07
A43: 42 | B43: =B42 -> BdS_YW | C43: =C42 -> 45009 | D43: GOR22A_1 | E43: D04 | F43: ARack0432 | G43: LVL600038022 | H43: LV3005887983 | I43: F07
A44: 43 | B44: =B43 -> BdS_YW | C44: =C43 -> 45009 | D44: GOR22A_2 | E44: A05 | F44: ARack0432 | G44: LVL600038022 | H44: LV3005887982 | I44: A08
A45: 44 | B45: =B44 -> BdS_YW | C45: =C44 -> 45009 | D45: GOR22A_2 | E45: B05 | F45: ARack0432 | G45: LVL600038022 | H45: LV3005887984 | I45: B08
A46: 45 | B46: =B45 -> BdS_YW | C46: =C45 -> 45009 | D46: GOR22A_3 | E46: C05 | F46: ARack0432 | G46: LVL600038022 | H46: LV3005887973 | I46: C08
A47: 46 | B47: =B46 -> BdS_YW | C47: =C46 -> 45009 | D47: GOR22A_3 | E47: D05 | F47: ARack0432 | G47: LVL600038022 | H47: LV3005887972 | I47: D08
A48: 47 | B48: =B47 -> BdS_YW | C48: =C47 -> 45009 | I48: E08
A49: 48 | B49: =B48 -> BdS_YW | C49: =C48 -> 45009 | I49: F08
A50: 49 | B50: =B49 -> BdS_YW | C50: =C49 -> 45009 | D50: GOR22A_4 | E50: A06 | F50: ARack0432 | G50: LVL600038022 | H50: LV3005887977 | I50: A01
A51: 50 | B51: =B50 -> BdS_YW | C51: =C50 -> 45009 | D51: GOR22A_4 | E51: B06 | F51: ARack0432 | G51: LVL600038022 | H51: LV3005887974 | I51: B01
A52: 51 | B52: =B51 -> BdS_YW | C52: =C51 -> 45009 | D52: GOR22A_5 | E52: C06 | F52: ARack0432 | G52: LVL600038022 | H52: LV3005887975 | I52: C01
A53: 52 | B53: =B52 -> BdS_YW | C53: =C52 -> 45009 | D53: GOR22A_6 | E53: D06 | F53: ARack0432 | G53: LVL600038022 | H53: LV3005887948 | I53: D01
A54: 53 | B54: =B53 -> BdS_YW | C54: =C53 -> 45009 | D54: GOR22A_6 | E54: A01 | F54: ARack0433 | G54: LVL600038021 | H54: LV3005887976 | I54: E01
A55: 54 | B55: =B54 -> BdS_YW | C55: =C54 -> 45009 | D55: GOR22A_7 | E55: B01 | F55: ARack0433 | G55: LVL600038021 | H55: LV3005887966 | I55: F01
A56: 55 | B56: =B55 -> BdS_YW | C56: =C55 -> 45009 | D56: GOR22A_8 | E56: C01 | F56: ARack0433 | G56: LVL600038021 | H56: LV3005887967 | I56: A02
A57: 56 | B57: =B56 -> BdS_YW | C57: =C56 -> 45009 | D57: GOR22A_8 | E57: D01 | F57: ARack0433 | G57: LVL600038021 | H57: LV3005887968 | I57: B02
A58: 57 | B58: =B57 -> BdS_YW | C58: =C57 -> 45009 | D58: GOR22A_9 | E58: A01 | F58: ARack0437 | G58: LVL600038042 | H58: LV3005888474 | I58: C02
A59: 58 | B59: =B58 -> BdS_YW | C59: =C58 -> 45009 | D59: GOR22A_9 | E59: B01 | F59: ARack0437 | G59: LVL600038042 | H59: LV3005888480 | I59: D02
A60: 59 | B60: =B59 -> BdS_YW | C60: =C59 -> 45009 | D60: GOR22A_9 | E60: C01 | F60: ARack0437 | G60: LVL600038042 | H60: LV3005888486 | I60: E02
A61: 60 | B61: =B60 -> BdS_YW | C61: =C60 -> 45009 | D61: GOR22A_9 | E61: D01 | F61: ARack0437 | G61: LVL600038042 | H61: LV3005888492 | I61: F02
... A63: 62 | B63: =B62 -> BdS_YW | C63: =C62 -> 45009 | D63: GOR22A_9 | E63: B02 | F63: ARack0437 | G63: LVL600038042 | H63: LV3005888481 | I63: B03
A64: 63 | B64: =B63 -> BdS_YW | C64: =C63 -> 45009 | I64: C03
A65: 64 | B65: =B64 -> BdS_YW | C65: =C64 -> 45009 | D65: GOR22A_9 | E65: C02 | F65: ARack0437 | G65: LVL600038042 | H65: LV3005888487 | I65: D03
A66: 65 | B66: =B65 -> BdS_YW | C66: =C65 -> 45009 | D66: GOR22A_9 | E66: D02 | F66: ARack0437 | G66: LVL600038042 | H66: LV3005888493 | I66: E03
A67: 66 | B67: =B66 -> BdS_YW | C67: =C66 -> 45009 | D67: GOR22A_9 | E67: A03 | F67: ARack0437 | G67: LVL600038042 | H67: LV3005888494 | I67: F03
A68: 67 | B68: =B67 -> BdS_YW | C68: =C67 -> 45009 | D68: GOR22A_9 | E68: B03 | F68: ARack0437 | G68: LVL600038042 | H68: LV3005888488 | I68: A04
A69: 68 | B69: =B68 -> BdS_YW | C69: =C68 -> 45009 | D69: GOR22A_9 | E69: C03 | F69: ARack0437 | G69: LVL600038042 | H69: LV3005888482 | I69: B04
A70: 69 | B70: =B69 -> BdS_YW | C70: =C69 -> 45009 | D70: GOR22A_9 | E70: D03 | F70: ARack0437 | G70: LVL600038042 | H70: LV3005888476 | I70: C04
A71: 70 | B71: =B70 -> BdS_YW | C71: =C70 -> 45009 | D71: GOR22A_9 | E71: A04 | F71: ARack0437 | G71: LVL600038042 | H71: LV3005888495 | I71: D04
A72: 71 | B72: =B71 -> BdS_YW | C72: =C71 -> 45009 | D72: GOR22A_10 | E72: B05 | F72: ARack0433 | G72: LVL600038021 | H72: LV3005887950 | I72: E04
A73: 72 | B73: =B72 -> BdS_YW | C73: =C72 -> 45009 | D73: GOR22A_10 | E73: C05 | F73: ARack0433 | G73: LVL600038021 | H73: LV3005887957 | I73: F04
A74: 73 | B74: =B73 -> BdS_YW | C74: =C73 -> 45009 | D74: GOR22A_11 | E74: D05 | F74: ARack0433 | G74: LVL600038021 | H74: LV3005887952 | I74: A05
A75: 74 | B75: =B74 -> BdS_YW | C75: =C74 -> 45009 | D75: GOR22A_11 | E75: A06 | F75: ARack0433 | G75: LVL600038021 | H75: LV3005887958 | I75: B05
A76: 75 | B76: =B75 -> BdS_YW | C76: =C75 -> 45009 | D76: GOR22A_12 | E76: B06 | F76: ARack0433 | G76: LVL600038021 | H76: LV3005887959 | I76: C05
... A82: 81 | B82: =B81 -> BdS_YW | C82: =C81 -> 45009 | D82: GOR22A_13 | E82: C04 | F82: ARack0437 | G82: LVL600038042 | H82: LV3005889299 | I82: C06
A83: 82 | B83: =B82 -> BdS_YW | C83: =C82 -> 45009 | I83: D06
A84: 83 | B84: =B83 -> BdS_YW | C84: =C83 -> 45009 | D84: GOR22A_13 | E84: D04 | F84: ARack0437 | G84: LVL600038042 | H84: LV3005888479 | I84: E06
A85: 84 | B85: =B84 -> BdS_YW | C85: =C84 -> 45009 | D85: GOR22A_13 | E85: A05 | F85: ARack0437 | G85: LVL600038042 | H85: LV3005889418 | I85: F06
A86: 85 | B86: =B85 -> BdS_YW | C86: =C85 -> 45009 | D86: GOR22A_13 | E86: B05 | F86: ARack0437 | G86: LVL600038042 | H86: LV3005888484 | I86: A07
A87: 86 | B87: =B86 -> BdS_YW | C87: =C86 -> 45009 | D87: GOR22A_13 | E87: C05 | F87: ARack0437 | G87: LVL600038042 | H87: LV3005888485 | I87: B07
A88: 87 | B88: =B87 -> BdS_YW | C88: =C87 -> 45009 | D88: GOR22A_13 | E88: D05 | F88: ARack0437 | G88: LVL600038042 | H88: LV3005888500 | I88: C07
A89: 88 | B89: =B88 -> BdS_YW | C89: =C88 -> 45009 | D89: GOR22A_13 | E89: A06 | F89: ARack0437 | G89: LVL600038042 | H89: LV3005888510 | I89: D07
A90: 89 | B90: =B89 -> BdS_YW | C90: =C89 -> 45009 | D90: GOR22A_13 | E90: B06 | F90: ARack0437 | G90: LVL600038042 | H90: LV3005889305 | I90: E07
A91: 90 | B91: =B90 -> BdS_YW | C91: =C90 -> 45009 | D91: GOR22A_13 | E91: C06 | F91: ARack0437 | G91: LVL600038042 | H91: LV3005888501 | I91: F07
A92: 91 | B92: =B91 -> BdS_YW | C92: =C91 -> 45009 | D92: GOR22A_13 | E92: D06 | F92: ARack0437 | G92: LVL600038042 | H92: LV3005888491 | I92: A08
A93: 92 | B93: =B92 -> BdS_YW | C93: =C92 -> 45009 | D93: GOR22A_13 | E93: A01 | F93: ARack0438 | G93: LVL600038041 | H93: LV3005888455 | I93: B08
A94: 93 | B94: =B93 -> BdS_YW | C94: =C93 -> 45009 | D94: GOR22A_13 | E94: B01 | F94: ARack0438 | G94: LVL600038041 | H94: LV3005888461 | I94: C08
A95: 94 | B95: =B94 -> BdS_YW | C95: =C94 -> 45009 | D95: GOR22A_13 | E95: C01 | F95: ARack0438 | G95: LVL600038041 | H95: LV3005888454 | I95: D08
A96: 95 | B96: =B95 -> BdS_YW | C96: =C95 -> 45009 | I96: E08
A97: 96 | B97: =B96 -> BdS_YW | C97: =C96 -> 45009 | I97: F08
A98: 97 | B98: =B97 -> BdS_YW | C98: =C97 -> 45009 | D98: GOR22A_13 | E98: D01 | F98: ARack0438 | G98: LVL600038041 | H98: LV3005888467 | I98: A01
A99: 98 | B99: =B98 -> BdS_YW | C99: =C98 -> 45009 | D99: GOR22A_13 | E99: A02 | F99: ARack0438 | G99: LVL600038041 | H99: LV3005888473 | I99: B01
A100: 99 | B100: =B99 -> BdS_YW | C100: =C99 -> 45009 | D100: GOR22A_14 | E100: B02 | F100: ARack0438 | G100: LVL600038041 | H100: LV3005888460 | I100: C01
A101: 100 | B101: =B100 -> BdS_YW | C101: =C100 -> 45009 | D101: GOR22A_14 | E101: C02 | F101: ARack0438 | G101: LVL600038041 | H101: LV3005888466 | I101: D01
A102: 101 | B102: =B101 -> BdS_YW | C102: =C101 -> 45009 | D102: GOR22A_15 | E102: A06 | F102: ARack0434 | G102: LVL600038020 | H102: LV3005887923 | I102: E01
A103: 102 | B103: =B102 -> BdS_YW | C103: =C102 -> 45009 | D103: GOR22A_15 | E103: B06 | F103: ARack0434 | G103: LVL600038020 | H103: LV3005887922 | I103: F01
A104: 103 | B104: =B103 -> BdS_YW | C104: =C103 -> 45009 | D104: UGL22_A_2 | E104: C06 | F104: ARack0434 | G104: LVL600038020 | H104: LV3005889428 | I104: A02
A105: 104 | B105: =B104 -> BdS_YW | C105: =C104 -> 45009 | D105: UGL22_A_2 | E105: D06 | F105: ARack0434 | G105: LVL600038020 | H105: LV3005889426 | I105: B02
A106: 105 | B106: =B105 -> BdS_YW | C106: =C105 -> 45009 | D106: UGL22_A_2 | E106: A01 | F106: ARack0435 | G106: LVL600038019 | H106: LV3005887916 | I106: C02
A107: 106 | B107: =B106 -> BdS_YW | C107: =C106 -> 45009 | D107: UGL22_A_2 | E107: B01 | F107: ARack0435 | G107: LVL600038019 | H107: LV3005887910 | I107: D02
A108: 107 | B108: =B107 -> BdS_YW | C108: =C107 -> 45009 | D108: UGL22_A_2 | E108: C01 | F108: ARack0435 | G108: LVL600038019 | H108: LV3005887904 | I108: E02
A109: 108 | B109: =B108 -> BdS_YW | C109: =C108 -> 45009 | D109: UGL22_A_2 | E109: D01 | F109: ARack0435 | G109: LVL600038019 | H109: LV3005887897 | I109: F02
... A111: 110 | B111: =B110 -> BdS_YW | C111: =C110 -> 45009 | D111: UGL22_B_1 | E111: B02 | F111: ARack0435 | G111: LVL600038019 | H111: LV3005887911 | I111: B03
A112: 111 | B112: =B111 -> BdS_YW | C112: =C111 -> 45009 | I112: C03
...

Sheet Output4LibrarySubmiss.
A1: No | B1: Position in Rack | C1: Robot RACK name | D1: Robot RACK barcode | E1: Robot TUBE barcode | F1: Core(bulk)SampleID | G1: ='For Lab assistants ONLY'!F1 -> Sample mass (mg) | H1: RemarksSubmission
A2: 1 | B2: =IF('For Lab assistants ONLY'!B2>0,'For Lab assistants ONLY'!A2,"") -> A01 | C2: =IF('For Lab assistants ONLY'!B2>0,'For Lab assistants ONLY'!B2,"") -> Rack52 | D2: =IF('For Lab assistants ONLY'!C2>0,'For Lab assistants ONLY'!C2,"") -> LVL900114395 | E2: =IF('For Lab assistants ONLY'!E2>0,'For Lab assistants ONLY'!E2,"") -> LV7005367348 | F2: =IF('For Lab assistants ONLY'!M2>0,'For Lab assistants ONLY'!M2,"") -> GOR22SS | G2: =IF('For Lab assistants ONLY'!F2>0,'For Lab assistants ONLY'!F2,"") -> 192 | H2: =IF('For Lab assistants ONLY'!R2>0,'For Lab assistants ONLY'!R2,"") -> A01
A3: 2 | B3: =IF('For Lab assistants ONLY'!B3>0,'For Lab assistants ONLY'!A3,"") -> B01 | C3: =IF('For Lab assistants ONLY'!B3>0,'For Lab assistants ONLY'!B3,"") -> Rack52 | D3: =IF('For Lab assistants ONLY'!C3>0,'For Lab assistants ONLY'!C3,"") -> LVL900114395 | E3: =IF('For Lab assistants ONLY'!E3>0,'For Lab assistants ONLY'!E3,"") -> LV7005227800 | F3: =IF('For Lab assistants ONLY'!M3>0,'For Lab assistants ONLY'!M3,"") -> GOR22SS | G3: =IF('For Lab assistants ONLY'!F3>0,'For Lab assistants ONLY'!F3,"") -> 140 | H3: =IF('For Lab assistants ONLY'!R3>0,'For Lab assistants ONLY'!R3,"") -> B01
A4: 3 | B4: =IF('For Lab assistants ONLY'!B4>0,'For Lab assistants ONLY'!A4,"") -> C01 | C4: =IF('For Lab assistants ONLY'!B4>0,'For Lab assistants ONLY'!B4,"") -> Rack52 | D4: =IF('For Lab assistants ONLY'!C4>0,'For Lab assistants ONLY'!C4,"") -> LVL900114395 | E4: =IF('For Lab assistants ONLY'!E4>0,'For Lab assistants ONLY'!E4,"") -> LV7005224976 | F4: =IF('For Lab assistants ONLY'!M4>0,'For Lab assistants ONLY'!M4,"") -> GOR22SS | G4: =IF('For Lab assistants ONLY'!F4>0,'For Lab assistants ONLY'!F4,"") -> 172 | H4: =IF('For Lab assistants ONLY'!R4>0,'For Lab assistants ONLY'!R4,"") -> C01
A5: 4 | B5: =IF('For Lab assistants ONLY'!B5>0,'For Lab assistants ONLY'!A5,"") -> D01 | C5: =IF('For Lab assistants ONLY'!B5>0,'For Lab assistants ONLY'!B5,"") -> Rack52 | D5: =IF('For Lab assistants ONLY'!C5>0,'For Lab assistants ONLY'!C5,"") -> LVL900114395 | E5: =IF('For Lab assistants ONLY'!E5>0,'For Lab assistants ONLY'!E5,"") -> LV7005224920 | F5: =IF('For Lab assistants ONLY'!M5>0,'For Lab assistants ONLY'!M5,"") -> GOR22SS | G5: =IF('For Lab assistants ONLY'!F5>0,'For Lab assistants ONLY'!F5,"") -> 181 | H5: =IF('For Lab assistants ONLY'!R5>0,'For Lab assistants ONLY'!R5,"") -> D01
A6: 5 | B6: =IF('For Lab assistants ONLY'!B6>0,'For Lab assistants ONLY'!A6,"") -> E01 | C6: =IF('For Lab assistants ONLY'!B6>0,'For Lab assistants ONLY'!B6,"") -> Rack52 | D6: =IF('For Lab assistants ONLY'!C6>0,'For Lab assistants ONLY'!C6,"") -> LVL900114395 | E6: =IF('For Lab assistants ONLY'!E6>0,'For Lab assistants ONLY'!E6,"") -> LV7005225024 | F6: =IF('For Lab assistants ONLY'!M6>0,'For Lab assistants ONLY'!M6,"") -> GOR22SS | G6: =IF('For Lab assistants ONLY'!F6>0,'For Lab assistants ONLY'!F6,"") -> 162 | H6: =IF('For Lab assistants ONLY'!R6>0,'For Lab assistants ONLY'!R6,"") -> E01
A7: 6 | B7: =IF('For Lab assistants ONLY'!B7>0,'For Lab assistants ONLY'!A7,"") -> F01 | C7: =IF('For Lab assistants ONLY'!B7>0,'For Lab assistants ONLY'!B7,"") -> Rack52 | D7: =IF('For Lab assistants ONLY'!C7>0,'For Lab assistants ONLY'!C7,"") -> LVL900114395 | E7: =IF('For Lab assistants ONLY'!E7>0,'For Lab assistants ONLY'!E7,"") -> LV7005225032 | F7: =IF('For Lab assistants ONLY'!M7>0,'For Lab assistants ONLY'!M7,"") -> GOR22SS | G7: =IF('For Lab assistants ONLY'!F7>0,'For Lab assistants ONLY'!F7,"") -> 163 | H7: =IF('For Lab assistants ONLY'!R7>0,'For Lab assistants ONLY'!R7,"") -> F01
A8: 7 | B8: =IF('For Lab assistants ONLY'!B8>0,'For Lab assistants ONLY'!A8,"") -> A02 | C8: =IF('For Lab assistants ONLY'!B8>0,'For Lab assistants ONLY'!B8,"") -> Rack52 | D8: =IF('For Lab assistants ONLY'!C8>0,'For Lab assistants ONLY'!C8,"") -> LVL900114395 | E8: =IF('For Lab assistants ONLY'!E8>0,'For Lab assistants ONLY'!E8,"") -> LV7005225594 | F8: =IF('For Lab assistants ONLY'!M8>0,'For Lab assistants ONLY'!M8,"") -> GOR22SS | G8: =IF('For Lab assistants ONLY'!F8>0,'For Lab assistants ONLY'!F8,"") -> 179 | H8: =IF('For Lab assistants ONLY'!R8>0,'For Lab assistants ONLY'!R8,"") -> A02
A9: 8 | B9: =IF('For Lab assistants ONLY'!B9>0,'For Lab assistants ONLY'!A9,"") -> B02 | C9: =IF('For Lab assistants ONLY'!B9>0,'For Lab assistants ONLY'!B9,"") -> Rack52 | D9: =IF('For Lab assistants ONLY'!C9>0,'For Lab assistants ONLY'!C9,"") -> LVL900114395 | E9: =IF('For Lab assistants ONLY'!E9>0,'For Lab assistants ONLY'!E9,"") -> LV7005225602 | F9: =IF('For Lab assistants ONLY'!M9>0,'For Lab assistants ONLY'!M9,"") -> GOR22SS | G9: =IF('For Lab assistants ONLY'!F9>0,'For Lab assistants ONLY'!F9,"") -> 168 | H9: =IF('For Lab assistants ONLY'!R9>0,'For Lab assistants ONLY'!R9,"") -> B02
A10: 9 | B10: =IF('For Lab assistants ONLY'!B10>0,'For Lab assistants ONLY'!A10,"") -> C02 | C10: =IF('For Lab assistants ONLY'!B10>0,'For Lab assistants ONLY'!B10,"") -> Rack52 | D10: =IF('For Lab assistants ONLY'!C10>0,'For Lab assistants ONLY'!C10,"") -> LVL900114395 | E10: =IF('For Lab assistants ONLY'!E10>0,'For Lab assistants ONLY'!E10,"") -> LV7005225610 | F10: =IF('For Lab assistants ONLY'!M10>0,'For Lab assistants ONLY'!M10,"") -> GOR22SS | G10: =IF('For Lab assistants ONLY'!F10>0,'For Lab assistants ONLY'!F10,"") -> 171 | H10: =IF('For Lab assistants ONLY'!R10>0,'For Lab assistants ONLY'!R10,"") -> C02
A11: 10 | B11: =IF('For Lab assistants ONLY'!B11>0,'For Lab assistants ONLY'!A11,"") -> D02 | C11: =IF('For Lab assistants ONLY'!B11>0,'For Lab assistants ONLY'!B11,"") -> Rack52 | D11: =IF('For Lab assistants ONLY'!C11>0,'For Lab assistants ONLY'!C11,"") -> LVL900114395 | E11: =IF('For Lab assistants ONLY'!E11>0,'For Lab assistants ONLY'!E11,"") -> LV7005225618 | F11: =IF('For Lab assistants ONLY'!M11>0,'For Lab assistants ONLY'!M11,"") -> GOR22SS | G11: =IF('For Lab assistants ONLY'!F11>0,'For Lab assistants ONLY'!F11,"") -> 163 | H11: =IF('For Lab assistants ONLY'!R11>0,'For Lab assistants ONLY'!R11,"") -> D02
A12: 11 | B12: =IF('For Lab assistants ONLY'!B12>0,'For Lab assistants ONLY'!A12,"") -> E02 | C12: =IF('For Lab assistants ONLY'!B12>0,'For Lab assistants ONLY'!B12,"") -> Rack52 | D12: =IF('For Lab assistants ONLY'!C12>0,'For Lab assistants ONLY'!C12,"") -> LVL900114395 | E12: =IF('For Lab assistants ONLY'!E12>0,'For Lab assistants ONLY'!E12,"") -> LV7005225626 | F12: =IF('For Lab assistants ONLY'!M12>0,'For Lab assistants ONLY'!M12,"") -> GOR22SS | G12: =IF('For Lab assistants ONLY'!F12>0,'For Lab assistants ONLY'!F12,"") -> 167 | H12: =IF('For Lab assistants ONLY'!R12>0,'For Lab assistants ONLY'!R12,"") -> E02
A13: 12 | B13: =IF('For Lab assistants ONLY'!B13>0,'For Lab assistants ONLY'!A13,"") -> F02 | C13: =IF('For Lab assistants ONLY'!B13>0,'For Lab assistants ONLY'!B13,"") -> Rack52 | D13: =IF('For Lab assistants ONLY'!C13>0,'For Lab assistants ONLY'!C13,"") -> LVL900114395 | E13: =IF('For Lab assistants ONLY'!E13>0,'For Lab assistants ONLY'!E13,"") -> LV7005224363 | F13: =IF('For Lab assistants ONLY'!M13>0,'For Lab assistants ONLY'!M13,"") -> GOR22SS | G13: =IF('For Lab assistants ONLY'!F13>0,'For Lab assistants ONLY'!F13,"") -> 189 | H13: =IF('For Lab assistants ONLY'!R13>0,'For Lab assistants ONLY'!R13,"") -> F02
... A264: 263 | B264: =IF('For Lab assistants ONLY'!B264>0,'For Lab assistants ONLY'!A264,"") | C264: =IF('For Lab assistants ONLY'!B264>0,'For Lab assistants ONLY'!B264,"") | D264: =IF('For Lab assistants ONLY'!C264>0,'For Lab assistants ONLY'!C264,"") | E264: =IF('For Lab assistants ONLY'!E264>0,'For Lab assistants ONLY'!E264,"") | F264: =IF('For Lab assistants ONLY'!M264>0,'For Lab assistants ONLY'!M264,"") | G264: =IF('For Lab assistants ONLY'!F264>0,'For Lab assistants ONLY'!F264,"") | H264: =IF('For Lab assistants ONLY'!R264>0,'For Lab assistants ONLY'!R264,"")

Sheet For Lab assistants ONLY
A1: Robot RACK position | B1: Robot RACK name (e.g. Rack10) | C1: Robot RACK barcode | D1: Archive TUBE barcode (check) | E1: Robot TUBE barcode | F1: Sample mass (mg) | G1: SubSampling remarks | H1: Lab assistant (initials) | I1: Subsampling date (yyyy-mm-dd) | J1: No | K1: Submitter (initials) | L1: Submission Date (yyyy-mm-dd) | M1: Core- or Bulk sample ID (Optional) | N1: Archive rack position | O1: Archive RACK no. (eg. ARack0052) | P1: Archive RACK barcode | Q1: Archive TUBE barcode | R1: Remarks (eg. personal project ID)
A2: A01 | B2: Rack52 | C2: LVL900114395 | D2: LV3005888014 | E2: LV7005367348 | F2: 192 | H2: MH_FM_VSS | I2: 45203 | J2: 1 | K2: =IF('For submitter'!B2>0,'For submitter'!B2,"") -> BdS_YW | L2: =IF('For submitter'!C2>0,'For submitter'!C2,"") -> 45009 | M2: =IF('For submitter'!D2>0,'For submitter'!D2,"") -> GOR22SS | N2: =IF('For submitter'!E2>0,'For submitter'!E2,"") -> A01 | O2: =IF('For submitter'!F2>0,'For submitter'!F2,"") -> ARack0431 | P2: =IF('For submitter'!G2>0,'For submitter'!G2,"") -> LVL600038023 | Q2: =IF('For submitter'!H2>0,'For submitter'!H2,"") -> LV3005888014 | R2: =IF('For submitter'!I2>0,'For submitter'!I2,"") -> A01
A3: B01 | B3: Rack52 | C3: LVL900114395 | D3: LV3005888008 | E3: LV7005227800 | F3: 140 | H3: =H2 -> MH_FM_VSS | I3: =I2 -> 45203 | J3: 2 | K3: =IF('For submitter'!B3>0,'For submitter'!B3,"") -> BdS_YW | L3: =IF('For submitter'!C3>0,'For submitter'!C3,"") -> 45009 | M3: =IF('For submitter'!D3>0,'For submitter'!D3,"") -> GOR22SS | N3: =IF('For submitter'!E3>0,'For submitter'!E3,"") -> B01 | O3: =IF('For submitter'!F3>0,'For submitter'!F3,"") -> ARack0431 | P3: =IF('For submitter'!G3>0,'For submitter'!G3,"") -> LVL600038023 | Q3: =IF('For submitter'!H3>0,'For submitter'!H3,"") -> LV3005888008 | R3: =IF('For submitter'!I3>0,'For submitter'!I3,"") -> B01
A4: C01 | B4: Rack52 | C4: LVL900114395 | D4: LV3005888020 | E4: LV7005224976 | F4: 172 | H4: =H3 -> MH_FM_VSS | I4: =I3 -> 45203 | J4: 3 | K4: =IF('For submitter'!B4>0,'For submitter'!B4,"") -> BdS_YW | L4: =IF('For submitter'!C4>0,'For submitter'!C4,"") -> 45009 | M4: =IF('For submitter'!D4>0,'For submitter'!D4,"") -> GOR22SS | N4: =IF('For submitter'!E4>0,'For submitter'!E4,"") -> C01 | O4: =IF('For submitter'!F4>0,'For submitter'!F4,"") -> ARack0431 | P4: =IF('For submitter'!G4>0,'For submitter'!G4,"") -> LVL600038023 | Q4: =IF('For submitter'!H4>0,'For submitter'!H4,"") -> LV3005888020 | R4: =IF('For submitter'!I4>0,'For submitter'!I4,"") -> C01
A5: D01 | B5: Rack52 | C5: LVL900114395 | D5: LV3005888019 | E5: LV7005224920 | F5: 181 | H5: =H4 -> MH_FM_VSS | I5: =I4 -> 45203 | J5: 4 | K5: =IF('For submitter'!B5>0,'For submitter'!B5,"") -> BdS_YW | L5: =IF('For submitter'!C5>0,'For submitter'!C5,"") -> 45009 | M5: =IF('For submitter'!D5>0,'For submitter'!D5,"") -> GOR22SS | N5: =IF('For submitter'!E5>0,'For submitter'!E5,"") -> D01 | O5: =IF('For submitter'!F5>0,'For submitter'!F5,"") -> ARack0431 | P5: =IF('For submitter'!G5>0,'For submitter'!G5,"") -> LVL600038023 | Q5: =IF('For submitter'!H5>0,'For submitter'!H5,"") -> LV3005888019 | R5: =IF('For submitter'!I5>0,'For submitter'!I5,"") -> D01
A6: E01 | B6: Rack52 | C6: LVL900114395 | D6: LV3005888013 | E6: LV7005225024 | F6: 162 | H6: =H5 -> MH_FM_VSS | I6: =I5 -> 45203 | J6: 5 | K6: =IF('For submitter'!B6>0,'For submitter'!B6,"") -> BdS_YW | L6: =IF('For submitter'!C6>0,'For submitter'!C6,"") -> 45009 | M6: =IF('For submitter'!D6>0,'For submitter'!D6,"") -> GOR22SS | N6: =IF('For submitter'!E6>0,'For submitter'!E6,"") -> A02 | O6: =IF('For submitter'!F6>0,'For submitter'!F6,"") -> ARack0431 | P6: =IF('For submitter'!G6>0,'For submitter'!G6,"") -> LVL600038023 | Q6: =IF('For submitter'!H6>0,'For submitter'!H6,"") -> LV3005888013 | R6: =IF('For submitter'!I6>0,'For submitter'!I6,"") -> E01
A7: F01 | B7: Rack52 | C7: LVL900114395 | D7: LV3005888007 | E7: LV7005225032 | F7: 163 | H7: =H6 -> MH_FM_VSS | I7: =I6 -> 45203 | J7: 6 | K7: =IF('For submitter'!B7>0,'For submitter'!B7,"") -> BdS_YW | L7: =IF('For submitter'!C7>0,'For submitter'!C7,"") -> 45009 | M7: =IF('For submitter'!D7>0,'For submitter'!D7,"") -> GOR22SS | N7: =IF('For submitter'!E7>0,'For submitter'!E7,"") -> B02 | O7: =IF('For submitter'!F7>0,'For submitter'!F7,"") -> ARack0431 | P7: =IF('For submitter'!G7>0,'For submitter'!G7,"") -> LVL600038023 | Q7: =IF('For submitter'!H7>0,'For submitter'!H7,"") -> LV3005888007 | R7: =IF('For submitter'!I7>0,'For submitter'!I7,"") -> F01
A8: A02 | B8: Rack52 | C8: LVL900114395 | D8: LV3005888001 | E8: LV7005225594 | F8: 179 | H8: =H7 -> MH_FM_VSS | I8: =I7 -> 45203 | J8: 7 | K8: =IF('For submitter'!B8>0,'For submitter'!B8,"") -> BdS_YW | L8: =IF('For submitter'!C8>0,'For submitter'!C8,"") -> 45009 | M8: =IF('For submitter'!D8>0,'For submitter'!D8,"") -> GOR22SS | N8: =IF('For submitter'!E8>0,'For submitter'!E8,"") -> C02 | O8: =IF('For submitter'!F8>0,'For submitter'!F8,"") -> ARack0431 | P8: =IF('For submitter'!G8>0,'For submitter'!G8,"") -> LVL600038023 | Q8: =IF('For submitter'!H8>0,'For submitter'!H8,"") -> LV3005888001 | R8: =IF('For submitter'!I8>0,'For submitter'!I8,"") -> A02
A9: B02 | B9: Rack52 | C9: LVL900114395 | D9: LV3005888018 | E9: LV7005225602 | F9: 168 | H9: =H8 -> MH_FM_VSS | I9: =I8 -> 45203 | J9: 8 | K9: =IF('For submitter'!B9>0,'For submitter'!B9,"") -> BdS_YW | L9: =IF('For submitter'!C9>0,'For submitter'!C9,"") -> 45009 | M9: =IF('For submitter'!D9>0,'For submitter'!D9,"") -> GOR22SS | N9: =IF('For submitter'!E9>0,'For submitter'!E9,"") -> D02 | O9: =IF('For submitter'!F9>0,'For submitter'!F9,"") -> ARack0431 | P9: =IF('For submitter'!G9>0,'For submitter'!G9,"") -> LVL600038023 | Q9: =IF('For submitter'!H9>0,'For submitter'!H9,"") -> LV3005888018 | R9: =IF('For submitter'!I9>0,'For submitter'!I9,"") -> B02
A10: C02 | B10: Rack52 | C10: LVL900114395 | D10: LV3005888016 | E10: LV7005225610 | F10: 171 | H10: =H9 -> MH_FM_VSS | I10: =I9 -> 45203 | J10: 9 | K10: =IF('For submitter'!B10>0,'For submitter'!B10,"") -> BdS_YW | L10: =IF('For submitter'!C10>0,'For submitter'!C10,"") -> 45009 | M10: =IF('For submitter'!D10>0,'For submitter'!D10,"") -> GOR22SS | N10: =IF('For submitter'!E10>0,'For submitter'!E10,"") -> A03 | O10: =IF('For submitter'!F10>0,'For submitter'!F10,"") -> ARack0431 | P10: =IF('For submitter'!G10>0,'For submitter'!G10,"") -> LVL600038023 | Q10: =IF('For submitter'!H10>0,'For submitter'!H10,"") -> LV3005888016 | R10: =IF('For submitter'!I10>0,'For submitter'!I10,"") -> C02
A11: D02 | B11: Rack52 | C11: LVL900114395 | D11: LV3005888012 | E11: LV7005225618 | F11: 163 | H11: =H10 -> MH_FM_VSS | I11: =I10 -> 45203 | J11: 10 | K11: =IF('For submitter'!B11>0,'For submitter'!B11,"") -> BdS_YW | L11: =IF('For submitter'!C11>0,'For submitter'!C11,"") -> 45009 | M11: =IF('For submitter'!D11>0,'For submitter'!D11,"") -> GOR22SS | N11: =IF('For submitter'!E11>0,'For submitter'!E11,"") -> B03 | O11: =IF('For submitter'!F11>0,'For submitter'!F11,"") -> ARack0431 | P11: =IF('For submitter'!G11>0,'For submitter'!G11,"") -> LVL600038023 | Q11: =IF('For submitter'!H11>0,'For submitter'!H11,"") -> LV3005888012 | R11: =IF('For submitter'!I11>0,'For submitter'!I11,"") -> D02
A12: E02 | B12: Rack52 | C12: LVL900114395 | D12: LV3005888006 | E12: LV7005225626 | F12: 167 | H12: =H11 -> MH_FM_VSS | I12: =I11 -> 45203 | J12: 11 | K12: =IF('For submitter'!B12>0,'For submitter'!B12,"") -> BdS_YW | L12: =IF('For submitter'!C12>0,'For submitter'!C12,"") -> 45009 | M12: =IF('For submitter'!D12>0,'For submitter'!D12,"") -> GOR22SS | N12: =IF('For submitter'!E12>0,'For submitter'!E12,"") -> C03 | O12: =IF('For submitter'!F12>0,'For submitter'!F12,"") -> ARack0431 | P12: =IF('For submitter'!G12>0,'For submitter'!G12,"") -> LVL600038023 | Q12: =IF('For submitter'!H12>0,'For submitter'!H12,"") -> LV3005888006 | R12: =IF('For submitter'!I12>0,'For submitter'!I12,"") -> E02
A13: F02 | B13: Rack52 | C13: LVL900114395 | D13: LV3005888000 | E13: LV7005224363 | F13: 189 | H13: =H12 -> MH_FM_VSS | I13: =I12 -> 45203 | J13: 12 | K13: =IF('For submitter'!B13>0,'For submitter'!B13,"") -> BdS_YW | L13: =IF('For submitter'!C13>0,'For submitter'!C13,"") -> 45009 | M13: =IF('For submitter'!D13>0,'For submitter'!D13,"") -> GOR22SS | N13: =IF('For submitter'!E13>0,'For submitter'!E13,"") -> D03 | O13: =IF('For submitter'!F13>0,'For submitter'!F13,"") -> ARack0431 | P13: =IF('For submitter'!G13>0,'For submitter'!G13,"") -> LVL600038023 | Q13: =IF('For submitter'!H13>0,'For submitter'!H13,"") -> LV3005888000 | R13: =IF('For submitter'!I13>0,'For submitter'!I13,"") -> F02
A14: A03 | B14: Rack52 | C14: LVL900114395 | D14: LV3005888017 | E14: LV7005225595 | F14: 179 | H14: =H13 -> MH_FM_VSS | I14: =I13 -> 45203 | J14: 13 | K14: =IF('For submitter'!B14>0,'For submitter'!B14,"") -> BdS_YW | L14: =IF('For submitter'!C14>0,'For submitter'!C14,"") -> 45009 | M14: =IF('For submitter'!D14>0,'For submitter'!D14,"") -> GOR22SS | N14: =IF('For submitter'!E14>0,'For submitter'!E14,"") -> A04 | O14: =IF('For submitter'!F14>0,'For submitter'!F14,"") -> ARack0431 | P14: =IF('For submitter'!G14>0,'For submitter'!G14,"") -> LVL600038023 | Q14: =IF('For submitter'!H14>0,'For submitter'!H14,"") -> LV3005888017 | R14: =IF('For submitter'!I14>0,'For submitter'!I14,"") -> A03
A15: B03 | B15: Rack52 | C15: LVL900114395 | D15: LV3005888015 | E15: LV7005225603 | F15: 168 | H15: =H14 -> MH_FM_VSS | I15: =I14 -> 45203 | J15: 14 | K15: =IF('For submitter'!B15>0,'For submitter'!B15,"") -> BdS_YW | L15: =IF('For submitter'!C15>0,'For submitter'!C15,"") -> 45009 | M15: =IF('For submitter'!D15>0,'For submitter'!D15,"") -> GOR22A_1 | N15: =IF('For submitter'!E15>0,'For submitter'!E15,"") -> B04 | O15: =IF('For submitter'!F15>0,'For submitter'!F15,"") -> ARack0431 | P15: =IF('For submitter'!G15>0,'For submitter'!G15,"") -> LVL600038023 | Q15: =IF('For submitter'!H15>0,'For submitter'!H15,"") -> LV3005888015 | R15: =IF('For submitter'!I15>0,'For submitter'!I15,"") -> B03
A16: C03 | B16: Rack52 | C16: LVL900114395 | E16: LV7005225611 | H16: =H15 -> MH_FM_VSS | I16: =I15 -> 45203 | J16: 15 | K16: =IF('For submitter'!B16>0,'For submitter'!B16,"") -> BdS_YW | L16: =IF('For submitter'!C16>0,'For submitter'!C16,"") -> 45009 | M16: =IF('For submitter'!D16>0,'For submitter'!D16,"") | N16: =IF('For submitter'!E16>0,'For submitter'!E16,"") | O16: =IF('For submitter'!F16>0,'For submitter'!F16,"") | P16: =IF('For submitter'!G16>0,'For submitter'!G16,"") | Q16: =IF('For submitter'!H16>0,'For submitter'!H16,"") | R16: =IF('For submitter'!I16>0,'For submitter'!I16,"") -> C03
A17: D03 | B17: Rack52 | C17: LVL900114395 | D17: LV3005888009 | E17: LV7005225619 | F17: 180 | H17: =H16 -> MH_FM_VSS | I17: =I16 -> 45203 | J17: 16 | K17: =IF('For submitter'!B17>0,'For submitter'!B17,"") -> BdS_YW | L17: =IF('For submitter'!C17>0,'For submitter'!C17,"") -> 45009 | M17: =IF('For submitter'!D17>0,'For submitter'!D17,"") -> GOR22A_1 | N17: =IF('For submitter'!E17>0,'For submitter'!E17,"") -> C04 | O17: =IF('For submitter'!F17>0,'For submitter'!F17,"") -> ARack0431 | P17: =IF('For submitter'!G17>0,'For submitter'!G17,"") -> LVL600038023 | Q17: =IF('For submitter'!H17>0,'For submitter'!H17,"") -> LV3005888009 | R17: =IF('For submitter'!I17>0,'For submitter'!I17,"") -> D03
A18: E03 | B18: Rack52 | C18: LVL900114395 | D18: LV3005888010 | E18: LV7005225627 | F18: 178 | H18: =H17 -> MH_FM_VSS | I18: =I17 -> 45203 | J18: 17 | K18: =IF('For submitter'!B18>0,'For submitter'!B18,"") -> BdS_YW | L18: =IF('For submitter'!C18>0,'For submitter'!C18,"") -> 45009 | M18: =IF('For submitter'!D18>0,'For submitter'!D18,"") -> GOR22A_1 | N18: =IF('For submitter'!E18>0,'For submitter'!E18,"") -> D04 | O18: =IF('For submitter'!F18>0,'For submitter'!F18,"") -> ARack0431 | P18: =IF('For submitter'!G18>0,'For submitter'!G18,"") -> LVL600038023 | Q18: =IF('For submitter'!H18>0,'For submitter'!H18,"") -> LV3005888010 | R18: =IF('For submitter'!I18>0,'For submitter'!I18,"") -> E03
A19: F03 | B19: Rack52 | C19: LVL900114395 | D19: LV3005888011 | E19: LV7005225635 | F19: 178 | H19: =H18 -> MH_FM_VSS | I19: =I18 -> 45203 | J19: 18 | K19: =IF('For submitter'!B19>0,'For submitter'!B19,"") -> BdS_YW | L19: =IF('For submitter'!C19>0,'For submitter'!C19,"") -> 45009 | M19: =IF('For submitter'!D19>0,'For submitter'!D19,"") -> GOR22A_1 | N19: =IF('For submitter'!E19>0,'For submitter'!E19,"") -> A05 | O19: =IF('For submitter'!F19>0,'For submitter'!F19,"") -> ARack0431 | P19: =IF('For submitter'!G19>0,'For submitter'!G19,"") -> LVL600038023 | Q19: =IF('For submitter'!H19>0,'For submitter'!H19,"") -> LV3005888011 | R19: =IF('For submitter'!I19>0,'For submitter'!I19,"") -> F03
A20: A04 | B20: Rack52 | C20: LVL900114395 | D20: LV3005888003 | E20: LV7005225596 | F20: 183 | H20: =H19 -> MH_FM_VSS | I20: =I19 -> 45203 | J20: 19 | K20: =IF('For submitter'!B20>0,'For submitter'!B20,"") -> BdS_YW | L20: =IF('For submitter'!C20>0,'For submitter'!C20,"") -> 45009 | M20: =IF('For submitter'!D20>0,'For submitter'!D20,"") -> GOR22A_1 | N20: =IF('For submitter'!E20>0,'For submitter'!E20,"") -> B05 | O20: =IF('For submitter'!F20>0,'For submitter'!F20,"") -> ARack0431 | P20: =IF('For submitter'!G20>0,'For submitter'!G20,"") -> LVL600038023 | Q20: =IF('For submitter'!H20>0,'For submitter'!H20,"") -> LV3005888003 | R20: =IF('For submitter'!I20>0,'For submitter'!I20,"") -> A04
A21: B04 | B21: Rack52 | C21: LVL900114395 | D21: LV3005888004 | E21: LV7005225604 | F21: 165 | H21: =H20 -> MH_FM_VSS | I21: =I20 -> 45203 | J21: 20 | K21: =IF('For submitter'!B21>0,'For submitter'!B21,"") -> BdS_YW | L21: =IF('For submitter'!C21>0,'For submitter'!C21,"") -> 45009 | M21: =IF('For submitter'!D21>0,'For submitter'!D21,"") -> GOR22A_1 | N21: =IF('For submitter'!E21>0,'For submitter'!E21,"") -> C05 | O21: =IF('For submitter'!F21>0,'For submitter'!F21,"") -> ARack0431 | P21: =IF('For submitter'!G21>0,'For submitter'!G21,"") -> LVL600038023 | Q21: =IF('For submitter'!H21>0,'For submitter'!H21,"") -> LV3005888004 | R21: =IF('For submitter'!I21>0,'For submitter'!I21,"") -> B04
A22: C04 | B22: Rack52 | C22: LVL900114395 | D22: LV3005888005 | E22: LV7005225612 | F22: 164 | H22: =H21 -> MH_FM_VSS | I22: =I21 -> 45203 | J22: 21 | K22: =IF('For submitter'!B22>0,'For submitter'!B22,"") -> BdS_YW | L22: =IF('For submitter'!C22>0,'For submitter'!C22,"") -> 45009 | M22: =IF('For submitter'!D22>0,'For submitter'!D22,"") -> GOR22A_1 | N22: =IF('For submitter'!E22>0,'For submitter'!E22,"") -> D05 | O22: =IF('For submitter'!F22>0,'For submitter'!F22,"") -> ARack0431 | P22: =IF('For submitter'!G22>0,'For submitter'!G22,"") -> LVL600038023 | Q22: =IF('For submitter'!H22>0,'For submitter'!H22,"") -> LV3005888005 | R22: =IF('For submitter'!I22>0,'For submitter'!I22,"") -> C04
A23: D04 | B23: Rack52 | C23: LVL900114395 | D23: LV3005887997 | E23: LV7005224365 | F23: 167 | H23: =H22 -> MH_FM_VSS | I23: =I22 -> 45203 | J23: 22 | K23: =IF('For submitter'!B23>0,'For submitter'!B23,"") -> BdS_YW | L23: =IF('For submitter'!C23>0,'For submitter'!C23,"") -> 45009 | M23: =IF('For submitter'!D23>0,'For submitter'!D23,"") -> GOR22A_1 | N23: =IF('For submitter'!E23>0,'For submitter'!E23,"") -> A06 | O23: =IF('For submitter'!F23>0,'For submitter'!F23,"") -> ARack0431 | P23: =IF('For submitter'!G23>0,'For submitter'!G23,"") -> LVL600038023 | Q23: =IF('For submitter'!H23>0,'For submitter'!H23,"") -> LV3005887997 | R23: =IF('For submitter'!I23>0,'For submitter'!I23,"") -> D04
A24: E04 | B24: Rack52 | C24: LVL900114395 | D24: LV3005887998 | E24: LV7005225628 | F24: 166 | H24: =H23 -> MH_FM_VSS | I24: =I23 -> 45203 | J24: 23 | K24: =IF('For submitter'!B24>0,'For submitter'!B24,"") -> BdS_YW | L24: =IF('For submitter'!C24>0,'For submitter'!C24,"") -> 45009 | M24: =IF('For submitter'!D24>0,'For submitter'!D24,"") -> GOR22A_1 | N24: =IF('For submitter'!E24>0,'For submitter'!E24,"") -> B06 | O24: =IF('For submitter'!F24>0,'For submitter'!F24,"") -> ARack0431 | P24: =IF('For submitter'!G24>0,'For submitter'!G24,"") -> LVL600038023 | Q24: =IF('For submitter'!H24>0,'For submitter'!H24,"") -> LV3005887998 | R24: =IF('For submitter'!I24>0,'For submitter'!I24,"") -> E04
A25: F04 | B25: Rack52 | C25: LVL900114395 | D25: LV3005887773 | E25: LV7005225636 | F25: 170 | H25: =H24 -> MH_FM_VSS | I25: =I24 -> 45203 | J25: 24 | K25: =IF('For submitter'!B25>0,'For submitter'!B25,"") -> BdS_YW | L25: =IF('For submitter'!C25>0,'For submitter'!C25,"") -> 45009 | M25: =IF('For submitter'!D25>0,'For submitter'!D25,"") -> GOR22A_1 | N25: =IF('For submitter'!E25>0,'For submitter'!E25,"") -> C06 | O25: =IF('For submitter'!F25>0,'For submitter'!F25,"") -> ARack0431 | P25: =IF('For submitter'!G25>0,'For submitter'!G25,"") -> LVL600038023 | Q25: =IF('For submitter'!H25>0,'For submitter'!H25,"") -> LV3005887773 | R25: =IF('For submitter'!I25>0,'For submitter'!I25,"") -> F04
A26: A05 | B26: Rack52 | C26: LVL900114395 | D26: LV3005887999 | E26: LV7005225597 | F26: 158 | H26: =H25 -> MH_FM_VSS | I26: =I25 -> 45203 | J26: 25 | K26: =IF('For submitter'!B26>0,'For submitter'!B26,"") -> BdS_YW | L26: =IF('For submitter'!C26>0,'For submitter'!C26,"") -> 45009 | M26: =IF('For submitter'!D26>0,'For submitter'!D26,"") -> GOR22A_1 | N26: =IF('For submitter'!E26>0,'For submitter'!E26,"") -> D06 | O26: =IF('For submitter'!F26>0,'For submitter'!F26,"") -> ARack0431 | P26: =IF('For submitter'!G26>0,'For submitter'!G26,"") -> LVL600038023 | Q26: =IF('For submitter'!H26>0,'For submitter'!H26,"") -> LV3005887999 | R26: =IF('For submitter'!I26>0,'For submitter'!I26,"") -> A05
A27: B05 | B27: Rack52 | C27: LVL900114395 | D27: LV3005887991 | E27: LV7005225605 | F27: 161 | H27: =H26 -> MH_FM_VSS | I27: =I26 -> 45203 | J27: 26 | K27: =IF('For submitter'!B27>0,'For submitter'!B27,"") -> BdS_YW | L27: =IF('For submitter'!C27>0,'For submitter'!C27,"") -> 45009 | M27: =IF('For submitter'!D27>0,'For submitter'!D27,"") -> GOR22A_1 | N27: =IF('For submitter'!E27>0,'For submitter'!E27,"") -> A01 | O27: =IF('For submitter'!F27>0,'For submitter'!F27,"") -> ARack0432 | P27: =IF('For submitter'!G27>0,'For submitter'!G27,"") -> LVL600038022 | Q27: =IF('For submitter'!H27>0,'For submitter'!H27,"") -> LV3005887991 | R27: =IF('For submitter'!I27>0,'For submitter'!I27,"") -> B05
A28: C05 | B28: Rack52 | C28: LVL900114395 | D28: LV3005887985 | E28: LV7005225613 | F28: 177 | H28: =H27 -> MH_FM_VSS | I28: =I27 -> 45203 | J28: 27 | K28: =IF('For submitter'!B28>0,'For submitter'!B28,"") -> BdS_YW | L28: =IF('For submitter'!C28>0,'For submitter'!C28,"") -> 45009 | M28: =IF('For submitter'!D28>0,'For submitter'!D28,"") -> GOR22A_1 | N28: =IF('For submitter'!E28>0,'For submitter'!E28,"") -> B01 | O28: =IF('For submitter'!F28>0,'For submitter'!F28,"") -> ARack0432 | P28: =IF('For submitter'!G28>0,'For submitter'!G28,"") -> LVL600038022 | Q28: =IF('For submitter'!H28>0,'For submitter'!H28,"") -> LV3005887985 | R28: =IF('For submitter'!I28>0,'For submitter'!I28,"") -> C05
... A34: C06 | B34: Rack52 | C34: LVL900114395 | D34: LV3005887996 | E34: LV7005225614 | F34: 178 | H34: =H33 -> MH_FM_VSS | I34: =I33 -> 45203 | J34: 33 | K34: =IF('For submitter'!B34>0,'For submitter'!B34,"") -> BdS_YW | L34: =IF('For submitter'!C34>0,'For submitter'!C34,"") -> 45009 | M34: =IF('For submitter'!D34>0,'For submitter'!D34,"") -> GOR22A_1 | N34: =IF('For submitter'!E34>0,'For submitter'!E34,"") -> D02 | O34: =IF('For submitter'!F34>0,'For submitter'!F34,"") -> ARack0432 | P34: =IF('For submitter'!G34>0,'For submitter'!G34,"") -> LVL600038022 | Q34: =IF('For submitter'!H34>0,'For submitter'!H34,"") -> LV3005887996 | R34: =IF('For submitter'!I34>0,'For submitter'!I34,"") -> C06
A35: D06 | B35: Rack52 | C35: LVL900114395 | E35: LV7005225622 | H35: =H34 -> MH_FM_VSS | I35: =I34 -> 45203 | J35: 34 | K35: =IF('For submitter'!B35>0,'For submitter'!B35,"") -> BdS_YW | L35: =IF('For submitter'!C35>0,'For submitter'!C35,"") -> 45009 | M35: =IF('For submitter'!D35>0,'For submitter'!D35,"") | N35: =IF('For submitter'!E35>0,'For submitter'!E35,"") | O35: =IF('For submitter'!F35>0,'For submitter'!F35,"") | P35: =IF('For submitter'!G35>0,'For submitter'!G35,"") | Q35: =IF('For submitter'!H35>0,'For submitter'!H35,"") | R35: =IF('For submitter'!I35>0,'For submitter'!I35,"") -> D06
A36: E06 | B36: Rack52 | C36: LVL900114395 | D36: LV3005887989 | E36: LV7005225630 | F36: 180 | H36: =H35 -> MH_FM_VSS | I36: =I35 -> 45203 | J36: 35 | K36: =IF('For submitter'!B36>0,'For submitter'!B36,"") -> BdS_YW | L36: =IF('For submitter'!C36>0,'For submitter'!C36,"") -> 45009 | M36: =IF('For submitter'!D36>0,'For submitter'!D36,"") -> GOR22A_1 | N36: =IF('For submitter'!E36>0,'For submitter'!E36,"") -> A03 | O36: =IF('For submitter'!F36>0,'For submitter'!F36,"") -> ARack0432 | P36: =IF('For submitter'!G36>0,'For submitter'!G36,"") -> LVL600038022 | Q36: =IF('For submitter'!H36>0,'For submitter'!H36,"") -> LV3005887989 | R36: =IF('For submitter'!I36>0,'For submitter'!I36,"") -> E06
A37: F06 | B37: Rack52 | C37: LVL900114395 | D37: LV3005887987 | E37: LV7005225638 | F37: 160 | H37: =H36 -> MH_FM_VSS | I37: =I36 -> 45203 | J37: 36 | K37: =IF('For submitter'!B37>0,'For submitter'!B37,"") -> BdS_YW | L37: =IF('For submitter'!C37>0,'For submitter'!C37,"") -> 45009 | M37: =IF('For submitter'!D37>0,'For submitter'!D37,"") -> GOR22A_1 | N37: =IF('For submitter'!E37>0,'For submitter'!E37,"") -> B03 | O37: =IF('For submitter'!F37>0,'For submitter'!F37,"") -> ARack0432 | P37: =IF('For submitter'!G37>0,'For submitter'!G37,"") -> LVL600038022 | Q37: =IF('For submitter'!H37>0,'For submitter'!H37,"") -> LV3005887987 | R37: =IF('For submitter'!I37>0,'For submitter'!I37,"") -> F06
A38: A07 | B38: Rack52 | C38: LVL900114395 | D38: LV3005887978 | E38: LV7005224166 | F38: 167 | H38: =H37 -> MH_FM_VSS | I38: =I37 -> 45203 | J38: 37 | K38: =IF('For submitter'!B38>0,'For submitter'!B38,"") -> BdS_YW | L38: =IF('For submitter'!C38>0,'For submitter'!C38,"") -> 45009 | M38: =IF('For submitter'!D38>0,'For submitter'!D38,"") -> GOR22A_1 | N38: =IF('For submitter'!E38>0,'For submitter'!E38,"") -> C03 | O38: =IF('For submitter'!F38>0,'For submitter'!F38,"") -> ARack0432 | P38: =IF('For submitter'!G38>0,'For submitter'!G38,"") -> LVL600038022 | Q38: =IF('For submitter'!H38>0,'For submitter'!H38,"") -> LV3005887978 | R38: =IF('For submitter'!I38>0,'For submitter'!I38,"") -> A07
A39: B07 | B39: Rack52 | C39: LVL900114395 | D39: LV3005887979 | E39: LV7005225607 | F39: 172 | H39: =H38 -> MH_FM_VSS | I39: =I38 -> 45203 | J39: 38 | K39: =IF('For submitter'!B39>0,'For submitter'!B39,"") -> BdS_YW | L39: =IF('For submitter'!C39>0,'For submitter'!C39,"") -> 45009 | M39: =IF('For submitter'!D39>0,'For submitter'!D39,"") -> GOR22A_1 | N39: =IF('For submitter'!E39>0,'For submitter'!E39,"") -> D03 | O39: =IF('For submitter'!F39>0,'For submitter'!F39,"") -> ARack0432 | P39: =IF('For submitter'!G39>0,'For submitter'!G39,"") -> LVL600038022 | Q39: =IF('For submitter'!H39>0,'For submitter'!H39,"") -> LV3005887979 | R39: =IF('For submitter'!I39>0,'For submitter'!I39,"") -> B07
A40: C07 | B40: Rack52 | C40: LVL900114395 | D40: LV3005887988 | E40: LV7005225615 | F40: 161 | H40: =H39 -> MH_FM_VSS | I40: =I39 -> 45203 | J40: 39 | K40: =IF('For submitter'!B40>0,'For submitter'!B40,"") -> BdS_YW | L40: =IF('For submitter'!C40>0,'For submitter'!C40,"") -> 45009 | M40: =IF('For submitter'!D40>0,'For submitter'!D40,"") -> GOR22A_1 | N40: =IF('For submitter'!E40>0,'For submitter'!E40,"") -> A04 | O40: =IF('For submitter'!F40>0,'For submitter'!F40,"") -> ARack0432 | P40: =IF('For submitter'!G40>0,'For submitter'!G40,"") -> LVL600038022 | Q40: =IF('For submitter'!H40>0,'For submitter'!H40,"") -> LV3005887988 | R40: =IF('For submitter'!I40>0,'For submitter'!I40,"") -> C07
A41: D07 | B41: Rack52 | C41: LVL900114395 | D41: LV3005887990 | E41: LV7005225623 | F41: 168 | H41: =H40 -> MH_FM_VSS | I41: =I40 -> 45203 | J41: 40 | K41: =IF('For submitter'!B41>0,'For submitter'!B41,"") -> BdS_YW | L41: =IF('For submitter'!C41>0,'For submitter'!C41,"") -> 45009 | M41: =IF('For submitter'!D41>0,'For submitter'!D41,"") -> GOR22A_1 | N41: =IF('For submitter'!E41>0,'For submitter'!E41,"") -> B04 | O41: =IF('For submitter'!F41>0,'For submitter'!F41,"") -> ARack0432 | P41: =IF('For submitter'!G41>0,'For submitter'!G41,"") -> LVL600038022 | Q41: =IF('For submitter'!H41>0,'For submitter'!H41,"") -> LV3005887990 | R41: =IF('For submitter'!I41>0,'For submitter'!I41,"") -> D07
A42: E07 | B42: Rack52 | C42: LVL900114395 | D42: LV3005887980 | E42: LV7005225631 | F42: 160 | H42: =H41 -> MH_FM_VSS | I42: =I41 -> 45203 | J42: 41 | K42: =IF('For submitter'!B42>0,'For submitter'!B42,"") -> BdS_YW | L42: =IF('For submitter'!C42>0,'For submitter'!C42,"") -> 45009 | M42: =IF('For submitter'!D42>0,'For submitter'!D42,"") -> GOR22A_1 | N42: =IF('For submitter'!E42>0,'For submitter'!E42,"") -> C04 | O42: =IF('For submitter'!F42>0,'For submitter'!F42,"") -> ARack0432 | P42: =IF('For submitter'!G42>0,'For submitter'!G42,"") -> LVL600038022 | Q42: =IF('For submitter'!H42>0,'For submitter'!H42,"") -> LV3005887980 | R42: =IF('For submitter'!I42>0,'For submitter'!I42,"") -> E07
A43: F07 | B43: Rack52 | C43: LVL900114395 | D43: LV3005887983 | E43: LV7005225639 | F43: 162 | H43: =H42 -> MH_FM_VSS | I43: =I42 -> 45203 | J43: 42 | K43: =IF('For submitter'!B43>0,'For submitter'!B43,"") -> BdS_YW | L43: =IF('For submitter'!C43>0,'For submitter'!C43,"") -> 45009 | M43: =IF('For submitter'!D43>0,'For submitter'!D43,"") -> GOR22A_1 | N43: =IF('For submitter'!E43>0,'For submitter'!E43,"") -> D04 | O43: =IF('For submitter'!F43>0,'For submitter'!F43,"") -> ARack0432 | P43: =IF('For submitter'!G43>0,'For submitter'!G43,"") -> LVL600038022 | Q43: =IF('For submitter'!H43>0,'For submitter'!H43,"") -> LV3005887983 | R43: =IF('For submitter'!I43>0,'For submitter'!I43,"") -> F07
A44: A08 | B44: Rack52 | C44: LVL900114395 | D44: LV3005887982 | E44: LV7005225600 | F44: 165 | H44: =H43 -> MH_FM_VSS | I44: =I43 -> 45203 | J44: 43 | K44: =IF('For submitter'!B44>0,'For submitter'!B44,"") -> BdS_YW | L44: =IF('For submitter'!C44>0,'For submitter'!C44,"") -> 45009 | M44: =IF('For submitter'!D44>0,'For submitter'!D44,"") -> GOR22A_2 | N44: =IF('For submitter'!E44>0,'For submitter'!E44,"") -> A05 | O44: =IF('For submitter'!F44>0,'For submitter'!F44,"") -> ARack0432 | P44: =IF('For submitter'!G44>0,'For submitter'!G44,"") -> LVL600038022 | Q44: =IF('For submitter'!H44>0,'For submitter'!H44,"") -> LV3005887982 | R44: =IF('For submitter'!I44>0,'For submitter'!I44,"") -> A08
A45: B08 | B45: Rack52 | C45: LVL900114395 | D45: LV3005887984 | E45: LV7005224161 | F45: 176 | H45: =H44 -> MH_FM_VSS | I45: =I44 -> 45203 | J45: 44 | K45: =IF('For submitter'!B45>0,'For submitter'!B45,"") -> BdS_YW | L45: =IF('For submitter'!C45>0,'For submitter'!C45,"") -> 45009 | M45: =IF('For submitter'!D45>0,'For submitter'!D45,"") -> GOR22A_2 | N45: =IF('For submitter'!E45>0,'For submitter'!E45,"") -> B05 | O45: =IF('For submitter'!F45>0,'For submitter'!F45,"") -> ARack0432 | P45: =IF('For submitter'!G45>0,'For submitter'!G45,"") -> LVL600038022 | Q45: =IF('For submitter'!H45>0,'For submitter'!H45,"") -> LV3005887984 | R45: =IF('For submitter'!I45>0,'For submitter'!I45,"") -> B08
A46: C08 | B46: Rack52 | C46: LVL900114395 | D46: LV3005887973 | E46: LV7005225616 | F46: 181 | H46: =H45 -> MH_FM_VSS | I46: =I45 -> 45203 | J46: 45 | K46: =IF('For submitter'!B46>0,'For submitter'!B46,"") -> BdS_YW | L46: =IF('For submitter'!C46>0,'For submitter'!C46,"") -> 45009 | M46: =IF('For submitter'!D46>0,'For submitter'!D46,"") -> GOR22A_3 | N46: =IF('For submitter'!E46>0,'For submitter'!E46,"") -> C05 | O46: =IF('For submitter'!F46>0,'For submitter'!F46,"") -> ARack0432 | P46: =IF('For submitter'!G46>0,'For submitter'!G46,"") -> LVL600038022 | Q46: =IF('For submitter'!H46>0,'For submitter'!H46,"") -> LV3005887973 | R46: =IF('For submitter'!I46>0,'For submitter'!I46,"") -> C08
A47: D08 | B47: Rack52 | C47: LVL900114395 | D47: LV3005887972 | E47: LV7005225624 | F47: 169 | H47: =H46 -> MH_FM_VSS | I47: =I46 -> 45203 | J47: 46 | K47: =IF('For submitter'!B47>0,'For submitter'!B47,"") -> BdS_YW | L47: =IF('For submitter'!C47>0,'For submitter'!C47,"") -> 45009 | M47: =IF('For submitter'!D47>0,'For submitter'!D47,"") -> GOR22A_3 | N47: =IF('For submitter'!E47>0,'For submitter'!E47,"") -> D05 | O47: =IF('For submitter'!F47>0,'For submitter'!F47,"") -> ARack0432 | P47: =IF('For submitter'!G47>0,'For submitter'!G47,"") -> LVL600038022 | Q47: =IF('For submitter'!H47>0,'For submitter'!H47,"") -> LV3005887972 | R47: =IF('For submitter'!I47>0,'For submitter'!I47,"") -> D08
A48: E08 | B48: Rack52 | C48: LVL900114395 | H48: =H47 -> MH_FM_VSS | I48: =I47 -> 45203 | J48: 47 | K48: =IF('For submitter'!B48>0,'For submitter'!B48,"") -> BdS_YW | L48: =IF('For submitter'!C48>0,'For submitter'!C48,"") -> 45009 | M48: =IF('For submitter'!D48>0,'For submitter'!D48,"") | N48: =IF('For submitter'!E48>0,'For submitter'!E48,"") | O48: =IF('For submitter'!F48>0,'For submitter'!F48,"") | P48: =IF('For submitter'!G48>0,'For submitter'!G48,"") | Q48: =IF('For submitter'!H48>0,'For submitter'!H48,"") | R48: =IF('For submitter'!I48>0,'For submitter'!I48,"") -> E08
A49: F08 | B49: Rack52 | C49: LVL900114395 | H49: =H48 -> MH_FM_VSS | I49: =I48 -> 45203 | J49: 48 | K49: =IF('For submitter'!B49>0,'For submitter'!B49,"") -> BdS_YW | L49: =IF('For submitter'!C49>0,'For submitter'!C49,"") -> 45009 | M49: =IF('For submitter'!D49>0,'For submitter'!D49,"") | N49: =IF('For submitter'!E49>0,'For submitter'!E49,"") | O49: =IF('For submitter'!F49>0,'For submitter'!F49,"") | P49: =IF('For submitter'!G49>0,'For submitter'!G49,"") | Q49: =IF('For submitter'!H49>0,'For submitter'!H49,"") | R49: =IF('For submitter'!I49>0,'For submitter'!I49,"") -> F08
A50: A01 | B50: Rack157 | C50: LVL900117537 | D50: LV3005887977 | E50: LV7005366293 | F50: 172 | H50: =H49 -> MH_FM_VSS | I50: =I49 -> 45203 | J50: 49 | K50: =IF('For submitter'!B50>0,'For submitter'!B50,"") -> BdS_YW | L50: =IF('For submitter'!C50>0,'For submitter'!C50,"") -> 45009 | M50: =IF('For submitter'!D50>0,'For submitter'!D50,"") -> GOR22A_4 | N50: =IF('For submitter'!E50>0,'For submitter'!E50,"") -> A06 | O50: =IF('For submitter'!F50>0,'For submitter'!F50,"") -> ARack0432 | P50: =IF('For submitter'!G50>0,'For submitter'!G50,"") -> LVL600038022 | Q50: =IF('For submitter'!H50>0,'For submitter'!H50,"") -> LV3005887977 | R50: =IF('For submitter'!I50>0,'For submitter'!I50,"") -> A01
A51: B01 | B51: Rack157 | C51: LVL900117537 | D51: LV3005887974 | E51: LV7005366301 | F51: 169 | H51: =H50 -> MH_FM_VSS | I51: =I50 -> 45203 | J51: 50 | K51: =IF('For submitter'!B51>0,'For submitter'!B51,"") -> BdS_YW | L51: =IF('For submitter'!C51>0,'For submitter'!C51,"") -> 45009 | M51: =IF('For submitter'!D51>0,'For submitter'!D51,"") -> GOR22A_4 | N51: =IF('For submitter'!E51>0,'For submitter'!E51,"") -> B06 | O51: =IF('For submitter'!F51>0,'For submitter'!F51,"") -> ARack0432 | P51: =IF('For submitter'!G51>0,'For submitter'!G51,"") -> LVL600038022 | Q51: =IF('For submitter'!H51>0,'For submitter'!H51,"") -> LV3005887974 | R51: =IF('For submitter'!I51>0,'For submitter'!I51,"") -> B01
A52: C01 | B52: Rack157 | C52: LVL900117537 | D52: LV3005887975 | E52: LV7005366309 | F52: 156 | H52: =H51 -> MH_FM_VSS | I52: =I51 -> 45203 | J52: 51 | K52: =IF('For submitter'!B52>0,'For submitter'!B52,"") -> BdS_YW | L52: =IF('For submitter'!C52>0,'For submitter'!C52,"") -> 45009 | M52: =IF('For submitter'!D52>0,'For submitter'!D52,"") -> GOR22A_5 | N52: =IF('For submitter'!E52>0,'For submitter'!E52,"") -> C06 | O52: =IF('For submitter'!F52>0,'For submitter'!F52,"") -> ARack0432 | P52: =IF('For submitter'!G52>0,'For submitter'!G52,"") -> LVL600038022 | Q52: =IF('For submitter'!H52>0,'For submitter'!H52,"") -> LV3005887975 | R52: =IF('For submitter'!I52>0,'For submitter'!I52,"") -> C01
A53: D01 | B53: Rack157 | C53: LVL900117537 | D53: LV3005887948 | E53: LV7005366317 | F53: 149 | H53: =H52 -> MH_FM_VSS | I53: =I52 -> 45203 | J53: 52 | K53: =IF('For submitter'!B53>0,'For submitter'!B53,"") -> BdS_YW | L53: =IF('For submitter'!C53>0,'For submitter'!C53,"") -> 45009 | M53: =IF('For submitter'!D53>0,'For submitter'!D53,"") -> GOR22A_6 | N53: =IF('For submitter'!E53>0,'For submitter'!E53,"") -> D06 | O53: =IF('For submitter'!F53>0,'For submitter'!F53,"") -> ARack0432 | P53: =IF('For submitter'!G53>0,'For submitter'!G53,"") -> LVL600038022 | Q53: =IF('For submitter'!H53>0,'For submitter'!H53,"") -> LV3005887948 | R53: =IF('For submitter'!I53>0,'For submitter'!I53,"") -> D01
A54: E01 | B54: Rack157 | C54: LVL900117537 | D54: LV3005887976 | E54: LV7005366325 | F54: 159 | H54: =H53 -> MH_FM_VSS | I54: =I53 -> 45203 | J54: 53 | K54: =IF('For submitter'!B54>0,'For submitter'!B54,"") -> BdS_YW | L54: =IF('For submitter'!C54>0,'For submitter'!C54,"") -> 45009 | M54: =IF('For submitter'!D54>0,'For submitter'!D54,"") -> GOR22A_6 | N54: =IF('For submitter'!E54>0,'For submitter'!E54,"") -> A01 | O54: =IF('For submitter'!F54>0,'For submitter'!F54,"") -> ARack0433 | P54: =IF('For submitter'!G54>0,'For submitter'!G54,"") -> LVL600038021 | Q54: =IF('For submitter'!H54>0,'For submitter'!H54,"") -> LV3005887976 | R54: =IF('For submitter'!I54>0,'For submitter'!I54,"") -> E01
A55: F01 | B55: Rack157 | C55: LVL900117537 | D55: LV3005887966 | E55: LV7005366333 | F55: 172 | H55: =H54 -> MH_FM_VSS | I55: =I54 -> 45203 | J55: 54 | K55: =IF('For submitter'!B55>0,'For submitter'!B55,"") -> BdS_YW | L55: =IF('For submitter'!C55>0,'For submitter'!C55,"") -> 45009 | M55: =IF('For submitter'!D55>0,'For submitter'!D55,"") -> GOR22A_7 | N55: =IF('For submitter'!E55>0,'For submitter'!E55,"") -> B01 | O55: =IF('For submitter'!F55>0,'For submitter'!F55,"") -> ARack0433 | P55: =IF('For submitter'!G55>0,'For submitter'!G55,"") -> LVL600038021 | Q55: =IF('For submitter'!H55>0,'For submitter'!H55,"") -> LV3005887966 | R55: =IF('For submitter'!I55>0,'For submitter'!I55,"") -> F01
A56: A02 | B56: Rack157 | C56: LVL900117537 | D56: LV3005887967 | E56: LV7005366294 | F56: 175 | H56: =H55 -> MH_FM_VSS | I56: =I55 -> 45203 | J56: 55 | K56: =IF('For submitter'!B56>0,'For submitter'!B56,"") -> BdS_YW | L56: =IF('For submitter'!C56>0,'For submitter'!C56,"") -> 45009 | M56: =IF('For submitter'!D56>0,'For submitter'!D56,"") -> GOR22A_8 | N56: =IF('For submitter'!E56>0,'For submitter'!E56,"") -> C01 | O56: =IF('For submitter'!F56>0,'For submitter'!F56,"") -> ARack0433 | P56: =IF('For submitter'!G56>0,'For submitter'!G56,"") -> LVL600038021 | Q56: =IF('For submitter'!H56>0,'For submitter'!H56,"") -> LV3005887967 | R56: =IF('For submitter'!I56>0,'For submitter'!I56,"") -> A02
A57: B02 | B57: Rack157 | C57: LVL900117537 | D57: LV3005887968 | E57: LV7005366302 | F57: 163 | H57: =H56 -> MH_FM_VSS | I57: =I56 -> 45203 | J57: 56 | K57: =IF('For submitter'!B57>0,'For submitter'!B57,"") -> BdS_YW | L57: =IF('For submitter'!C57>0,'For submitter'!C57,"") -> 45009 | M57: =IF('For submitter'!D57>0,'For submitter'!D57,"") -> GOR22A_8 | N57: =IF('For submitter'!E57>0,'For submitter'!E57,"") -> D01 | O57: =IF('For submitter'!F57>0,'For submitter'!F57,"") -> ARack0433 | P57: =IF('For submitter'!G57>0,'For submitter'!G57,"") -> LVL600038021 | Q57: =IF('For submitter'!H57>0,'For submitter'!H57,"") -> LV3005887968 | R57: =IF('For submitter'!I57>0,'For submitter'!I57,"") -> B02
A58: C02 | B58: Rack157 | C58: LVL900117537 | D58: LV3005888474 | E58: LV7005366310 | F58: 152 | H58: =H57 -> MH_FM_VSS | I58: =I57 -> 45203 | J58: 57 | K58: =IF('For submitter'!B58>0,'For submitter'!B58,"") -> BdS_YW | L58: =IF('For submitter'!C58>0,'For submitter'!C58,"") -> 45009 | M58: =IF('For submitter'!D58>0,'For submitter'!D58,"") -> GOR22A_9 | N58: =IF('For submitter'!E58>0,'For submitter'!E58,"") -> A01 | O58: =IF('For submitter'!F58>0,'For submitter'!F58,"") -> ARack0437 | P58: =IF('For submitter'!G58>0,'For submitter'!G58,"") -> LVL600038042 | Q58: =IF('For submitter'!H58>0,'For submitter'!H58,"") -> LV3005888474 | R58: =IF('For submitter'!I58>0,'For submitter'!I58,"") -> C02
A59: D02 | B59: Rack157 | C59: LVL900117537 | D59: LV3005888480 | E59: LV7005366318 | F59: 180 | H59: =H58 -> MH_FM_VSS | I59: =I58 -> 45203 | J59: 58 | K59: =IF('For submitter'!B59>0,'For submitter'!B59,"") -> BdS_YW | L59: =IF('For submitter'!C59>0,'For submitter'!C59,"") -> 45009 | M59: =IF('For submitter'!D59>0,'For submitter'!D59,"") -> GOR22A_9 | N59: =IF('For submitter'!E59>0,'For submitter'!E59,"") -> B01 | O59: =IF('For submitter'!F59>0,'For submitter'!F59,"") -> ARack0437 | P59: =IF('For submitter'!G59>0,'For submitter'!G59,"") -> LVL600038042 | Q59: =IF('For submitter'!H59>0,'For submitter'!H59,"") -> LV3005888480 | R59: =IF('For submitter'!I59>0,'For submitter'!I59,"") -> D02
A60: E02 | B60: Rack157 | C60: LVL900117537 | D60: LV3005888486 | E60: LV7005366326 | F60: 161 | H60: =H59 -> MH_FM_VSS | I60: =I59 -> 45203 | J60: 59 | K60: =IF('For submitter'!B60>0,'For submitter'!B60,"") -> BdS_YW | L60: =IF('For submitter'!C60>0,'For submitter'!C60,"") -> 45009 | M60: =IF('For submitter'!D60>0,'For submitter'!D60,"") -> GOR22A_9 | N60: =IF('For submitter'!E60>0,'For submitter'!E60,"") -> C01 | O60: =IF('For submitter'!F60>0,'For submitter'!F60,"") -> ARack0437 | P60: =IF('For submitter'!G60>0,'For submitter'!G60,"") -> LVL600038042 | Q60: =IF('For submitter'!H60>0,'For submitter'!H60,"") -> LV3005888486 | R60: =IF('For submitter'!I60>0,'For submitter'!I60,"") -> E02
A61: F02 | B61: Rack157 | C61: LVL900117537 | D61: LV3005888492 | E61: LV7005366334 | F61: 165 | H61: =H60 -> MH_FM_VSS | I61: =I60 -> 45203 | J61: 60 | K61: =IF('For submitter'!B61>0,'For submitter'!B61,"") -> BdS_YW | L61: =IF('For submitter'!C61>0,'For submitter'!C61,"") -> 45009 | M61: =IF('For submitter'!D61>0,'For submitter'!D61,"") -> GOR22A_9 | N61: =IF('For submitter'!E61>0,'For submitter'!E61,"") -> D01 | O61: =IF('For submitter'!F61>0,'For submitter'!F61,"") -> ARack0437 | P61: =IF('For submitter'!G61>0,'For submitter'!G61,"") -> LVL600038042 | Q61: =IF('For submitter'!H61>0,'For submitter'!H61,"") -> LV3005888492 | R61: =IF('For submitter'!I61>0,'For submitter'!I61,"") -> F02
... A63: B03 | B63: Rack157 | C63: LVL900117537 | D63: LV3005888481 | E63: LV7005366303 | F63: 160 | H63: =H62 -> MH_FM_VSS | I63: =I62 -> 45203 | J63: 62 | K63: =IF('For submitter'!B63>0,'For submitter'!B63,"") -> BdS_YW | L63: =IF('For submitter'!C63>0,'For submitter'!C63,"") -> 45009 | M63: =IF('For submitter'!D63>0,'For submitter'!D63,"") -> GOR22A_9 | N63: =IF('For submitter'!E63>0,'For submitter'!E63,"") -> B02 | O63: =IF('For submitter'!F63>0,'For submitter'!F63,"") -> ARack0437 | P63: =IF('For submitter'!G63>0,'For submitter'!G63,"") -> LVL600038042 | Q63: =IF('For submitter'!H63>0,'For submitter'!H63,"") -> LV3005888481 | R63: =IF('For submitter'!I63>0,'For submitter'!I63,"") -> B03
A64: C03 | B64: Rack157 | C64: LVL900117537 | E64: LV7005366311 | H64: =H63 -> MH_FM_VSS | I64: =I63 -> 45203 | J64: 63 | K64: =IF('For submitter'!B64>0,'For submitter'!B64,"") -> BdS_YW | L64: =IF('For submitter'!C64>0,'For submitter'!C64,"") -> 45009 | M64: =IF('For submitter'!D64>0,'For submitter'!D64,"") | N64: =IF('For submitter'!E64>0,'For submitter'!E64,"") | O64: =IF('For submitter'!F64>0,'For submitter'!F64,"") | P64: =IF('For submitter'!G64>0,'For submitter'!G64,"") | Q64: =IF('For submitter'!H64>0,'For submitter'!H64,"") | R64: =IF('For submitter'!I64>0,'For submitter'!I64,"") -> C03
A65: D03 | B65: Rack157 | C65: LVL900117537 | D65: LV3005888487 | E65: LV7005366319 | F65: 180 | H65: =H64 -> MH_FM_VSS | I65: =I64 -> 45203 | J65: 64 | K65: =IF('For submitter'!B65>0,'For submitter'!B65,"") -> BdS_YW | L65: =IF('For submitter'!C65>0,'For submitter'!C65,"") -> 45009 | M65: =IF('For submitter'!D65>0,'For submitter'!D65,"") -> GOR22A_9 | N65: =IF('For submitter'!E65>0,'For submitter'!E65,"") -> C02 | O65: =IF('For submitter'!F65>0,'For submitter'!F65,"") -> ARack0437 | P65: =IF('For submitter'!G65>0,'For submitter'!G65,"") -> LVL600038042 | Q65: =IF('For submitter'!H65>0,'For submitter'!H65,"") -> LV3005888487 | R65: =IF('For submitter'!I65>0,'For submitter'!I65,"") -> D03
A66: E03 | B66: Rack157 | C66: LVL900117537 | D66: LV3005888493 | E66: LV7005366327 | F66: 153 | H66: =H65 -> MH_FM_VSS | I66: =I65 -> 45203 | J66: 65 | K66: =IF('For submitter'!B66>0,'For submitter'!B66,"") -> BdS_YW | L66: =IF('For submitter'!C66>0,'For submitter'!C66,"") -> 45009 | M66: =IF('For submitter'!D66>0,'For submitter'!D66,"") -> GOR22A_9 | N66: =IF('For submitter'!E66>0,'For submitter'!E66,"") -> D02 | O66: =IF('For submitter'!F66>0,'For submitter'!F66,"") -> ARack0437 | P66: =IF('For submitter'!G66>0,'For submitter'!G66,"") -> LVL600038042 | Q66: =IF('For submitter'!H66>0,'For submitter'!H66,"") -> LV3005888493 | R66: =IF('For submitter'!I66>0,'For submitter'!I66,"") -> E03
A67: F03 | B67: Rack157 | C67: LVL900117537 | D67: LV3005888494 | E67: LV7005366335 | F67: 188 | H67: =H66 -> MH_FM_VSS | I67: =I66 -> 45203 | J67: 66 | K67: =IF('For submitter'!B67>0,'For submitter'!B67,"") -> BdS_YW | L67: =IF('For submitter'!C67>0,'For submitter'!C67,"") -> 45009 | M67: =IF('For submitter'!D67>0,'For submitter'!D67,"") -> GOR22A_9 | N67: =IF('For submitter'!E67>0,'For submitter'!E67,"") -> A03 | O67: =IF('For submitter'!F67>0,'For submitter'!F67,"") -> ARack0437 | P67: =IF('For submitter'!G67>0,'For submitter'!G67,"") -> LVL600038042 | Q67: =IF('For submitter'!H67>0,'For submitter'!H67,"") -> LV3005888494 | R67: =IF('For submitter'!I67>0,'For submitter'!I67,"") -> F03
A68: A04 | B68: Rack157 | C68: LVL900117537 | D68: LV3005888488 | E68: LV7005366296 | F68: 165 | H68: =H67 -> MH_FM_VSS | I68: =I67 -> 45203 | J68: 67 | K68: =IF('For submitter'!B68>0,'For submitter'!B68,"") -> BdS_YW | L68: =IF('For submitter'!C68>0,'For submitter'!C68,"") -> 45009 | M68: =IF('For submitter'!D68>0,'For submitter'!D68,"") -> GOR22A_9 | N68: =IF('For submitter'!E68>0,'For submitter'!E68,"") -> B03 | O68: =IF('For submitter'!F68>0,'For submitter'!F68,"") -> ARack0437 | P68: =IF('For submitter'!G68>0,'For submitter'!G68,"") -> LVL600038042 | Q68: =IF('For submitter'!H68>0,'For submitter'!H68,"") -> LV3005888488 | R68: =IF('For submitter'!I68>0,'For submitter'!I68,"") -> A04
A69: B04 | B69: Rack157 | C69: LVL900117537 | D69: LV3005888482 | E69: LV7005366304 | F69: 155 | H69: =H68 -> MH_FM_VSS | I69: =I68 -> 45203 | J69: 68 | K69: =IF('For submitter'!B69>0,'For submitter'!B69,"") -> BdS_YW | L69: =IF('For submitter'!C69>0,'For submitter'!C69,"") -> 45009 | M69: =IF('For submitter'!D69>0,'For submitter'!D69,"") -> GOR22A_9 | N69: =IF('For submitter'!E69>0,'For submitter'!E69,"") -> C03 | O69: =IF('For submitter'!F69>0,'For submitter'!F69,"") -> ARack0437 | P69: =IF('For submitter'!G69>0,'For submitter'!G69,"") -> LVL600038042 | Q69: =IF('For submitter'!H69>0,'For submitter'!H69,"") -> LV3005888482 | R69: =IF('For submitter'!I69>0,'For submitter'!I69,"") -> B04
A70: C04 | B70: Rack157 | C70: LVL900117537 | D70: LV3005888476 | E70: LV7005366312 | F70: 164 | H70: =H69 -> MH_FM_VSS | I70: =I69 -> 45203 | J70: 69 | K70: =IF('For submitter'!B70>0,'For submitter'!B70,"") -> BdS_YW | L70: =IF('For submitter'!C70>0,'For submitter'!C70,"") -> 45009 | M70: =IF('For submitter'!D70>0,'For submitter'!D70,"") -> GOR22A_9 | N70: =IF('For submitter'!E70>0,'For submitter'!E70,"") -> D03 | O70: =IF('For submitter'!F70>0,'For submitter'!F70,"") -> ARack0437 | P70: =IF('For submitter'!G70>0,'For submitter'!G70,"") -> LVL600038042 | Q70: =IF('For submitter'!H70>0,'For submitter'!H70,"") -> LV3005888476 | R70: =IF('For submitter'!I70>0,'For submitter'!I70,"") -> C04
A71: D04 | B71: Rack157 | C71: LVL900117537 | D71: LV3005888495 | E71: LV7005366320 | F71: 162 | H71: =H70 -> MH_FM_VSS | I71: =I70 -> 45203 | J71: 70 | K71: =IF('For submitter'!B71>0,'For submitter'!B71,"") -> BdS_YW | L71: =IF('For submitter'!C71>0,'For submitter'!C71,"") -> 45009 | M71: =IF('For submitter'!D71>0,'For submitter'!D71,"") -> GOR22A_9 | N71: =IF('For submitter'!E71>0,'For submitter'!E71,"") -> A04 | O71: =IF('For submitter'!F71>0,'For submitter'!F71,"") -> ARack0437 | P71: =IF('For submitter'!G71>0,'For submitter'!G71,"") -> LVL600038042 | Q71: =IF('For submitter'!H71>0,'For submitter'!H71,"") -> LV3005888495 | R71: =IF('For submitter'!I71>0,'For submitter'!I71,"") -> D04
A72: E04 | B72: Rack157 | C72: LVL900117537 | D72: LV3005887950 | E72: LV7005366150 | F72: 170 | H72: =H71 -> MH_FM_VSS | I72: =I71 -> 45203 | J72: 71 | K72: =IF('For submitter'!B72>0,'For submitter'!B72,"") -> BdS_YW | L72: =IF('For submitter'!C72>0,'For submitter'!C72,"") -> 45009 | M72: =IF('For submitter'!D72>0,'For submitter'!D72,"") -> GOR22A_10 | N72: =IF('For submitter'!E72>0,'For submitter'!E72,"") -> B05 | O72: =IF('For submitter'!F72>0,'For submitter'!F72,"") -> ARack0433 | P72: =IF('For submitter'!G72>0,'For submitter'!G72,"") -> LVL600038021 | Q72: =IF('For submitter'!H72>0,'For submitter'!H72,"") -> LV3005887950 | R72: =IF('For submitter'!I72>0,'For submitter'!I72,"") -> E04
A73: F04 | B73: Rack157 | C73: LVL900117537 | D73: LV3005887957 | E73: LV7005366387 | F73: 161 | H73: =H72 -> MH_FM_VSS | I73: =I72 -> 45203 | J73: 72 | K73: =IF('For submitter'!B73>0,'For submitter'!B73,"") -> BdS_YW | L73: =IF('For submitter'!C73>0,'For submitter'!C73,"") -> 45009 | M73: =IF('For submitter'!D73>0,'For submitter'!D73,"") -> GOR22A_10 | N73: =IF('For submitter'!E73>0,'For submitter'!E73,"") -> C05 | O73: =IF('For submitter'!F73>0,'For submitter'!F73,"") -> ARack0433 | P73: =IF('For submitter'!G73>0,'For submitter'!G73,"") -> LVL600038021 | Q73: =IF('For submitter'!H73>0,'For submitter'!H73,"") -> LV3005887957 | R73: =IF('For submitter'!I73>0,'For submitter'!I73,"") -> F04
A74: A05 | B74: Rack157 | C74: LVL900117537 | D74: LV3005887952 | E74: LV7005366167 | F74: 182 | H74: =H73 -> MH_FM_VSS | I74: =I73 -> 45203 | J74: 73 | K74: =IF('For submitter'!B74>0,'For submitter'!B74,"") -> BdS_YW | L74: =IF('For submitter'!C74>0,'For submitter'!C74,"") -> 45009 | M74: =IF('For submitter'!D74>0,'For submitter'!D74,"") -> GOR22A_11 | N74: =IF('For submitter'!E74>0,'For submitter'!E74,"") -> D05 | O74: =IF('For submitter'!F74>0,'For submitter'!F74,"") -> ARack0433 | P74: =IF('For submitter'!G74>0,'For submitter'!G74,"") -> LVL600038021 | Q74: =IF('For submitter'!H74>0,'For submitter'!H74,"") -> LV3005887952 | R74: =IF('For submitter'!I74>0,'For submitter'!I74,"") -> A05
A75: B05 | B75: Rack157 | C75: LVL900117537 | D75: LV3005887958 | E75: LV7005366194 | F75: 159 | H75: =H74 -> MH_FM_VSS | I75: =I74 -> 45203 | J75: 74 | K75: =IF('For submitter'!B75>0,'For submitter'!B75,"") -> BdS_YW | L75: =IF('For submitter'!C75>0,'For submitter'!C75,"") -> 45009 | M75: =IF('For submitter'!D75>0,'For submitter'!D75,"") -> GOR22A_11 | N75: =IF('For submitter'!E75>0,'For submitter'!E75,"") -> A06 | O75: =IF('For submitter'!F75>0,'For submitter'!F75,"") -> ARack0433 | P75: =IF('For submitter'!G75>0,'For submitter'!G75,"") -> LVL600038021 | Q75: =IF('For submitter'!H75>0,'For submitter'!H75,"") -> LV3005887958 | R75: =IF('For submitter'!I75>0,'For submitter'!I75,"") -> B05
A76: C05 | B76: Rack157 | C76: LVL900117537 | D76: LV3005887959 | E76: LV7005366373 | F76: 175 | H76: =H75 -> MH_FM_VSS | I76: =I75 -> 45203 | J76: 75 | K76: =IF('For submitter'!B76>0,'For submitter'!B76,"") -> BdS_YW | L76: =IF('For submitter'!C76>0,'For submitter'!C76,"") -> 45009 | M76: =IF('For submitter'!D76>0,'For submitter'!D76,"") -> GOR22A_12 | N76: =IF('For submitter'!E76>0,'For submitter'!E76,"") -> B06 | O76: =IF('For submitter'!F76>0,'For submitter'!F76,"") -> ARack0433 | P76: =IF('For submitter'!G76>0,'For submitter'!G76,"") -> LVL600038021 | Q76: =IF('For submitter'!H76>0,'For submitter'!H76,"") -> LV3005887959 | R76: =IF('For submitter'!I76>0,'For submitter'!I76,"") -> C05
... A82: C06 | B82: Rack157 | C82: LVL900117537 | D82: LV3005889299 | E82: LV7005366308 | F82: 178 | H82: =H81 -> MH_FM_VSS | I82: =I81 -> 45203 | J82: 81 | K82: =IF('For submitter'!B82>0,'For submitter'!B82,"") -> BdS_YW | L82: =IF('For submitter'!C82>0,'For submitter'!C82,"") -> 45009 | M82: =IF('For submitter'!D82>0,'For submitter'!D82,"") -> GOR22A_13 | N82: =IF('For submitter'!E82>0,'For submitter'!E82,"") -> C04 | O82: =IF('For submitter'!F82>0,'For submitter'!F82,"") -> ARack0437 | P82: =IF('For submitter'!G82>0,'For submitter'!G82,"") -> LVL600038042 | Q82: =IF('For submitter'!H82>0,'For submitter'!H82,"") -> LV3005889299 | R82: =IF('For submitter'!I82>0,'For submitter'!I82,"") -> C06
A83: D06 | B83: Rack157 | C83: LVL900117537 | E83: LV7005366324 | H83: =H82 -> MH_FM_VSS | I83: =I82 -> 45203 | J83: 82 | K83: =IF('For submitter'!B83>0,'For submitter'!B83,"") -> BdS_YW | L83: =IF('For submitter'!C83>0,'For submitter'!C83,"") -> 45009 | M83: =IF('For submitter'!D83>0,'For submitter'!D83,"") | N83: =IF('For submitter'!E83>0,'For submitter'!E83,"") | O83: =IF('For submitter'!F83>0,'For submitter'!F83,"") | P83: =IF('For submitter'!G83>0,'For submitter'!G83,"") | Q83: =IF('For submitter'!H83>0,'For submitter'!H83,"") | R83: =IF('For submitter'!I83>0,'For submitter'!I83,"") -> D06
A84: E06 | B84: Rack157 | C84: LVL900117537 | D84: LV3005888479 | E84: LV7005366313 | F84: 158 | H84: =H83 -> MH_FM_VSS | I84: =I83 -> 45203 | J84: 83 | K84: =IF('For submitter'!B84>0,'For submitter'!B84,"") -> BdS_YW | L84: =IF('For submitter'!C84>0,'For submitter'!C84,"") -> 45009 | M84: =IF('For submitter'!D84>0,'For submitter'!D84,"") -> GOR22A_13 | N84: =IF('For submitter'!E84>0,'For submitter'!E84,"") -> D04 | O84: =IF('For submitter'!F84>0,'For submitter'!F84,"") -> ARack0437 | P84: =IF('For submitter'!G84>0,'For submitter'!G84,"") -> LVL600038042 | Q84: =IF('For submitter'!H84>0,'For submitter'!H84,"") -> LV3005888479 | R84: =IF('For submitter'!I84>0,'For submitter'!I84,"") -> E06
A85: F06 | B85: Rack157 | C85: LVL900117537 | D85: LV3005889418 | E85: LV7005366297 | F85: 190 | H85: =H84 -> MH_FM_VSS | I85: =I84 -> 45203 | J85: 84 | K85: =IF('For submitter'!B85>0,'For submitter'!B85,"") -> BdS_YW | L85: =IF('For submitter'!C85>0,'For submitter'!C85,"") -> 45009 | M85: =IF('For submitter'!D85>0,'For submitter'!D85,"") -> GOR22A_13 | N85: =IF('For submitter'!E85>0,'For submitter'!E85,"") -> A05 | O85: =IF('For submitter'!F85>0,'For submitter'!F85,"") -> ARack0437 | P85: =IF('For submitter'!G85>0,'For submitter'!G85,"") -> LVL600038042 | Q85: =IF('For submitter'!H85>0,'For submitter'!H85,"") -> LV3005889418 | R85: =IF('For submitter'!I85>0,'For submitter'!I85,"") -> F06
A86: A07 | B86: Rack157 | C86: LVL900117537 | D86: LV3005888484 | E86: LV7005367428 | F86: 164 | H86: =H85 -> MH_FM_VSS | I86: =I85 -> 45203 | J86: 85 | K86: =IF('For submitter'!B86>0,'For submitter'!B86,"") -> BdS_YW | L86: =IF('For submitter'!C86>0,'For submitter'!C86,"") -> 45009 | M86: =IF('For submitter'!D86>0,'For submitter'!D86,"") -> GOR22A_13 | N86: =IF('For submitter'!E86>0,'For submitter'!E86,"") -> B05 | O86: =IF('For submitter'!F86>0,'For submitter'!F86,"") -> ARack0437 | P86: =IF('For submitter'!G86>0,'For submitter'!G86,"") -> LVL600038042 | Q86: =IF('For submitter'!H86>0,'For submitter'!H86,"") -> LV3005888484 | R86: =IF('For submitter'!I86>0,'For submitter'!I86,"") -> A07
A87: B07 | B87: Rack157 | C87: LVL900117537 | D87: LV3005888485 | E87: LV7005366306 | F87: 158 | H87: =H86 -> MH_FM_VSS | I87: =I86 -> 45203 | J87: 86 | K87: =IF('For submitter'!B87>0,'For submitter'!B87,"") -> BdS_YW | L87: =IF('For submitter'!C87>0,'For submitter'!C87,"") -> 45009 | M87: =IF('For submitter'!D87>0,'For submitter'!D87,"") -> GOR22A_13 | N87: =IF('For submitter'!E87>0,'For submitter'!E87,"") -> C05 | O87: =IF('For submitter'!F87>0,'For submitter'!F87,"") -> ARack0437 | P87: =IF('For submitter'!G87>0,'For submitter'!G87,"") -> LVL600038042 | Q87: =IF('For submitter'!H87>0,'For submitter'!H87,"") -> LV3005888485 | R87: =IF('For submitter'!I87>0,'For submitter'!I87,"") -> B07
A88: C07 | B88: Rack157 | C88: LVL900117537 | D88: LV3005888500 | E88: LV7005366314 | F88: 179 | H88: =H87 -> MH_FM_VSS | I88: =I87 -> 45203 | J88: 87 | K88: =IF('For submitter'!B88>0,'For submitter'!B88,"") -> BdS_YW | L88: =IF('For submitter'!C88>0,'For submitter'!C88,"") -> 45009 | M88: =IF('For submitter'!D88>0,'For submitter'!D88,"") -> GOR22A_13 | N88: =IF('For submitter'!E88>0,'For submitter'!E88,"") -> D05 | O88: =IF('For submitter'!F88>0,'For submitter'!F88,"") -> ARack0437 | P88: =IF('For submitter'!G88>0,'For submitter'!G88,"") -> LVL600038042 | Q88: =IF('For submitter'!H88>0,'For submitter'!H88,"") -> LV3005888500 | R88: =IF('For submitter'!I88>0,'For submitter'!I88,"") -> C07
A89: D07 | B89: Rack157 | C89: LVL900117537 | D89: LV3005888510 | E89: LV7005366322 | F89: 185 | H89: =H88 -> MH_FM_VSS | I89: =I88 -> 45203 | J89: 88 | K89: =IF('For submitter'!B89>0,'For submitter'!B89,"") -> BdS_YW | L89: =IF('For submitter'!C89>0,'For submitter'!C89,"") -> 45009 | M89: =IF('For submitter'!D89>0,'For submitter'!D89,"") -> GOR22A_13 | N89: =IF('For submitter'!E89>0,'For submitter'!E89,"") -> A06 | O89: =IF('For submitter'!F89>0,'For submitter'!F89,"") -> ARack0437 | P89: =IF('For submitter'!G89>0,'For submitter'!G89,"") -> LVL600038042 | Q89: =IF('For submitter'!H89>0,'For submitter'!H89,"") -> LV3005888510 | R89: =IF('For submitter'!I89>0,'For submitter'!I89,"") -> D07
A90: E07 | B90: Rack157 | C90: LVL900117537 | D90: LV3005889305 | E90: LV7005366330 | F90: 172 | H90: =H89 -> MH_FM_VSS | I90: =I89 -> 45203 | J90: 89 | K90: =IF('For submitter'!B90>0,'For submitter'!B90,"") -> BdS_YW | L90: =IF('For submitter'!C90>0,'For submitter'!C90,"") -> 45009 | M90: =IF('For submitter'!D90>0,'For submitter'!D90,"") -> GOR22A_13 | N90: =IF('For submitter'!E90>0,'For submitter'!E90,"") -> B06 | O90: =IF('For submitter'!F90>0,'For submitter'!F90,"") -> ARack0437 | P90: =IF('For submitter'!G90>0,'For submitter'!G90,"") -> LVL600038042 | Q90: =IF('For submitter'!H90>0,'For submitter'!H90,"") -> LV3005889305 | R90: =IF('For submitter'!I90>0,'For submitter'!I90,"") -> E07
A91: F07 | B91: Rack157 | C91: LVL900117537 | D91: LV3005888501 | E91: LV7005366338 | F91: 157 | H91: =H90 -> MH_FM_VSS | I91: =I90 -> 45203 | J91: 90 | K91: =IF('For submitter'!B91>0,'For submitter'!B91,"") -> BdS_YW | L91: =IF('For submitter'!C91>0,'For submitter'!C91,"") -> 45009 | M91: =IF('For submitter'!D91>0,'For submitter'!D91,"") -> GOR22A_13 | N91: =IF('For submitter'!E91>0,'For submitter'!E91,"") -> C06 | O91: =IF('For submitter'!F91>0,'For submitter'!F91,"") -> ARack0437 | P91: =IF('For submitter'!G91>0,'For submitter'!G91,"") -> LVL600038042 | Q91: =IF('For submitter'!H91>0,'For submitter'!H91,"") -> LV3005888501 | R91: =IF('For submitter'!I91>0,'For submitter'!I91,"") -> F07
A92: A08 | B92: Rack157 | C92: LVL900117537 | D92: LV3005888491 | E92: LV7005366299 | F92: 182 | H92: =H91 -> MH_FM_VSS | I92: =I91 -> 45203 | J92: 91 | K92: =IF('For submitter'!B92>0,'For submitter'!B92,"") -> BdS_YW | L92: =IF('For submitter'!C92>0,'For submitter'!C92,"") -> 45009 | M92: =IF('For submitter'!D92>0,'For submitter'!D92,"") -> GOR22A_13 | N92: =IF('For submitter'!E92>0,'For submitter'!E92,"") -> D06 | O92: =IF('For submitter'!F92>0,'For submitter'!F92,"") -> ARack0437 | P92: =IF('For submitter'!G92>0,'For submitter'!G92,"") -> LVL600038042 | Q92: =IF('For submitter'!H92>0,'For submitter'!H92,"") -> LV3005888491 | R92: =IF('For submitter'!I92>0,'For submitter'!I92,"") -> A08
A93: B08 | B93: Rack157 | C93: LVL900117537 | D93: LV3005888455 | E93: LV7005366307 | F93: 161 | H93: =H92 -> MH_FM_VSS | I93: =I92 -> 45203 | J93: 92 | K93: =IF('For submitter'!B93>0,'For submitter'!B93,"") -> BdS_YW | L93: =IF('For submitter'!C93>0,'For submitter'!C93,"") -> 45009 | M93: =IF('For submitter'!D93>0,'For submitter'!D93,"") -> GOR22A_13 | N93: =IF('For submitter'!E93>0,'For submitter'!E93,"") -> A01 | O93: =IF('For submitter'!F93>0,'For submitter'!F93,"") -> ARack0438 | P93: =IF('For submitter'!G93>0,'For submitter'!G93,"") -> LVL600038041 | Q93: =IF('For submitter'!H93>0,'For submitter'!H93,"") -> LV3005888455 | R93: =IF('For submitter'!I93>0,'For submitter'!I93,"") -> B08
A94: C08 | B94: Rack157 | C94: LVL900117537 | D94: LV3005888461 | E94: LV7005366315 | F94: 181 | H94: =H93 -> MH_FM_VSS | I94: =I93 -> 45203 | J94: 93 | K94: =IF('For submitter'!B94>0,'For submitter'!B94,"") -> BdS_YW | L94: =IF('For submitter'!C94>0,'For submitter'!C94,"") -> 45009 | M94: =IF('For submitter'!D94>0,'For submitter'!D94,"") -> GOR22A_13 | N94: =IF('For submitter'!E94>0,'For submitter'!E94,"") -> B01 | O94: =IF('For submitter'!F94>0,'For submitter'!F94,"") -> ARack0438 | P94: =IF('For submitter'!G94>0,'For submitter'!G94,"") -> LVL600038041 | Q94: =IF('For submitter'!H94>0,'For submitter'!H94,"") -> LV3005888461 | R94: =IF('For submitter'!I94>0,'For submitter'!I94,"") -> C08
A95: D08 | B95: Rack157 | C95: LVL900117537 | D95: LV3005888454 | E95: LV7005366323 | F95: 159 | H95: =H94 -> MH_FM_VSS | I95: =I94 -> 45203 | J95: 94 | K95: =IF('For submitter'!B95>0,'For submitter'!B95,"") -> BdS_YW | L95: =IF('For submitter'!C95>0,'For submitter'!C95,"") -> 45009 | M95: =IF('For submitter'!D95>0,'For submitter'!D95,"") -> GOR22A_13 | N95: =IF('For submitter'!E95>0,'For submitter'!E95,"") -> C01 | O95: =IF('For submitter'!F95>0,'For submitter'!F95,"") -> ARack0438 | P95: =IF('For submitter'!G95>0,'For submitter'!G95,"") -> LVL600038041 | Q95: =IF('For submitter'!H95>0,'For submitter'!H95,"") -> LV3005888454 | R95: =IF('For submitter'!I95>0,'For submitter'!I95,"") -> D08
A96: E08 | B96: Rack157 | C96: LVL900117537 | H96: =H95 -> MH_FM_VSS | I96: =I95 -> 45203 | J96: 95 | K96: =IF('For submitter'!B96>0,'For submitter'!B96,"") -> BdS_YW | L96: =IF('For submitter'!C96>0,'For submitter'!C96,"") -> 45009 | M96: =IF('For submitter'!D96>0,'For submitter'!D96,"") | N96: =IF('For submitter'!E96>0,'For submitter'!E96,"") | O96: =IF('For submitter'!F96>0,'For submitter'!F96,"") | P96: =IF('For submitter'!G96>0,'For submitter'!G96,"") | Q96: =IF('For submitter'!H96>0,'For submitter'!H96,"") | R96: =IF('For submitter'!I96>0,'For submitter'!I96,"") -> E08
A97: F08 | B97: Rack157 | C97: LVL900117537 | H97: =H96 -> MH_FM_VSS | I97: =I96 -> 45203 | J97: 96 | K97: =IF('For submitter'!B97>0,'For submitter'!B97,"") -> BdS_YW | L97: =IF('For submitter'!C97>0,'For submitter'!C97,"") -> 45009 | M97: =IF('For submitter'!D97>0,'For submitter'!D97,"") | N97: =IF('For submitter'!E97>0,'For submitter'!E97,"") | O97: =IF('For submitter'!F97>0,'For submitter'!F97,"") | P97: =IF('For submitter'!G97>0,'For submitter'!G97,"") | Q97: =IF('For submitter'!H97>0,'For submitter'!H97,"") | R97: =IF('For submitter'!I97>0,'For submitter'!I97,"") -> F08
A98: A01 | B98: Rack158 | C98: LVL900117538 | D98: LV3005888467 | E98: LV7005366341 | F98: 173 | H98: MH | J98: 97 | K98: =IF('For submitter'!B98>0,'For submitter'!B98,"") -> BdS_YW | L98: =IF('For submitter'!C98>0,'For submitter'!C98,"") -> 45009 | M98: =IF('For submitter'!D98>0,'For submitter'!D98,"") -> GOR22A_13 | N98: =IF('For submitter'!E98>0,'For submitter'!E98,"") -> D01 | O98: =IF('For submitter'!F98>0,'For submitter'!F98,"") -> ARack0438 | P98: =IF('For submitter'!G98>0,'For submitter'!G98,"") -> LVL600038041 | Q98: =IF('For submitter'!H98>0,'For submitter'!H98,"") -> LV3005888467 | R98: =IF('For submitter'!I98>0,'For submitter'!I98,"") -> A01
A99: B01 | B99: Rack158 | C99: LVL900117538 | D99: LV3005888473 | E99: LV7005366349 | F99: 178 | H99: =H98 -> MH | I99: =I98 -> 0 | J99: 98 | K99: =IF('For submitter'!B99>0,'For submitter'!B99,"") -> BdS_YW | L99: =IF('For submitter'!C99>0,'For submitter'!C99,"") -> 45009 | M99: =IF('For submitter'!D99>0,'For submitter'!D99,"") -> GOR22A_13 | N99: =IF('For submitter'!E99>0,'For submitter'!E99,"") -> A02 | O99: =IF('For submitter'!F99>0,'For submitter'!F99,"") -> ARack0438 | P99: =IF('For submitter'!G99>0,'For submitter'!G99,"") -> LVL600038041 | Q99: =IF('For submitter'!H99>0,'For submitter'!H99,"") -> LV3005888473 | R99: =IF('For submitter'!I99>0,'For submitter'!I99,"") -> B01
A100: C01 | B100: Rack158 | C100: LVL900117538 | D100: LV3005888460 | E100: LV7005366357 | F100: 174 | H100: =H99 -> MH | I100: =I99 -> 0 | J100: 99 | K100: =IF('For submitter'!B100>0,'For submitter'!B100,"") -> BdS_YW | L100: =IF('For submitter'!C100>0,'For submitter'!C100,"") -> 45009 | M100: =IF('For submitter'!D100>0,'For submitter'!D100,"") -> GOR22A_14 | N100: =IF('For submitter'!E100>0,'For submitter'!E100,"") -> B02 | O100: =IF('For submitter'!F100>0,'For submitter'!F100,"") -> ARack0438 | P100: =IF('For submitter'!G100>0,'For submitter'!G100,"") -> LVL600038041 | Q100: =IF('For submitter'!H100>0,'For submitter'!H100,"") -> LV3005888460 | R100: =IF('For submitter'!I100>0,'For submitter'!I100,"") -> C01
A101: D01 | B101: Rack158 | C101: LVL900117538 | D101: LV3005888466 | E101: LV7005366365 | F101: 185 | H101: =H100 -> MH | I101: =I100 -> 0 | J101: 100 | K101: =IF('For submitter'!B101>0,'For submitter'!B101,"") -> BdS_YW | L101: =IF('For submitter'!C101>0,'For submitter'!C101,"") -> 45009 | M101: =IF('For submitter'!D101>0,'For submitter'!D101,"") -> GOR22A_14 | N101: =IF('For submitter'!E101>0,'For submitter'!E101,"") -> C02 | O101: =IF('For submitter'!F101>0,'For submitter'!F101,"") -> ARack0438 | P101: =IF('For submitter'!G101>0,'For submitter'!G101,"") -> LVL600038041 | Q101: =IF('For submitter'!H101>0,'For submitter'!H101,"") -> LV3005888466 | R101: =IF('For submitter'!I101>0,'For submitter'!I101,"") -> D01
A102: E01 | B102: Rack158 | C102: LVL900117538 | D102: LV3005887923 | E102: LV7005224928 | F102: 158 | H102: =H101 -> MH | I102: =I101 -> 0 | J102: 101 | K102: =IF('For submitter'!B102>0,'For submitter'!B102,"") -> BdS_YW | L102: =IF('For submitter'!C102>0,'For submitter'!C102,"") -> 45009 | M102: =IF('For submitter'!D102>0,'For submitter'!D102,"") -> GOR22A_15 | N102: =IF('For submitter'!E102>0,'For submitter'!E102,"") -> A06 | O102: =IF('For submitter'!F102>0,'For submitter'!F102,"") -> ARack0434 | P102: =IF('For submitter'!G102>0,'For submitter'!G102,"") -> LVL600038020 | Q102: =IF('For submitter'!H102>0,'For submitter'!H102,"") -> LV3005887923 | R102: =IF('For submitter'!I102>0,'For submitter'!I102,"") -> E01
A103: F01 | B103: Rack158 | C103: LVL900117538 | D103: LV3005887922 | E103: LV7005366351 | F103: 165 | H103: =H102 -> MH | I103: =I102 -> 0 | J103: 102 | K103: =IF('For submitter'!B103>0,'For submitter'!B103,"") -> BdS_YW | L103: =IF('For submitter'!C103>0,'For submitter'!C103,"") -> 45009 | M103: =IF('For submitter'!D103>0,'For submitter'!D103,"") -> GOR22A_15 | N103: =IF('For submitter'!E103>0,'For submitter'!E103,"") -> B06 | O103: =IF('For submitter'!F103>0,'For submitter'!F103,"") -> ARack0434 | P103: =IF('For submitter'!G103>0,'For submitter'!G103,"") -> LVL600038020 | Q103: =IF('For submitter'!H103>0,'For submitter'!H103,"") -> LV3005887922 | R103: =IF('For submitter'!I103>0,'For submitter'!I103,"") -> F01
A104: A02 | B104: Rack158 | C104: LVL900117538 | D104: LV3005889428 | E104: LV7005366336 | F104: 180 | H104: =H103 -> MH | I104: =I103 -> 0 | J104: 103 | K104: =IF('For submitter'!B104>0,'For submitter'!B104,"") -> BdS_YW | L104: =IF('For submitter'!C104>0,'For submitter'!C104,"") -> 45009 | M104: =IF('For submitter'!D104>0,'For submitter'!D104,"") -> UGL22_A_2 | N104: =IF('For submitter'!E104>0,'For submitter'!E104,"") -> C06 | O104: =IF('For submitter'!F104>0,'For submitter'!F104,"") -> ARack0434 | P104: =IF('For submitter'!G104>0,'For submitter'!G104,"") -> LVL600038020 | Q104: =IF('For submitter'!H104>0,'For submitter'!H104,"") -> LV3005889428 | R104: =IF('For submitter'!I104>0,'For submitter'!I104,"") -> A02
A105: B02 | B105: Rack158 | C105: LVL900117538 | D105: LV3005889426 | E105: LV7005366381 | F105: 162 | H105: =H104 -> MH | I105: =I104 -> 0 | J105: 104 | K105: =IF('For submitter'!B105>0,'For submitter'!B105,"") -> BdS_YW | L105: =IF('For submitter'!C105>0,'For submitter'!C105,"") -> 45009 | M105: =IF('For submitter'!D105>0,'For submitter'!D105,"") -> UGL22_A_2 | N105: =IF('For submitter'!E105>0,'For submitter'!E105,"") -> D06 | O105: =IF('For submitter'!F105>0,'For submitter'!F105,"") -> ARack0434 | P105: =IF('For submitter'!G105>0,'For submitter'!G105,"") -> LVL600038020 | Q105: =IF('For submitter'!H105>0,'For submitter'!H105,"") -> LV3005889426 | R105: =IF('For submitter'!I105>0,'For submitter'!I105,"") -> B02
A106: C02 | B106: Rack158 | C106: LVL900117538 | D106: LV3005887916 | E106: LV7005366350 | F106: 180 | H106: =H105 -> MH | I106: =I105 -> 0 | J106: 105 | K106: =IF('For submitter'!B106>0,'For submitter'!B106,"") -> BdS_YW | L106: =IF('For submitter'!C106>0,'For submitter'!C106,"") -> 45009 | M106: =IF('For submitter'!D106>0,'For submitter'!D106,"") -> UGL22_A_2 | N106: =IF('For submitter'!E106>0,'For submitter'!E106,"") -> A01 | O106: =IF('For submitter'!F106>0,'For submitter'!F106,"") -> ARack0435 | P106: =IF('For submitter'!G106>0,'For submitter'!G106,"") -> LVL600038019 | Q106: =IF('For submitter'!H106>0,'For submitter'!H106,"") -> LV3005887916 | R106: =IF('For submitter'!I106>0,'For submitter'!I106,"") -> C02
A107: D02 | B107: Rack158 | C107: LVL900117538 | D107: LV3005887910 | E107: LV7005366358 | F107: 183 | H107: =H106 -> MH | I107: =I106 -> 0 | J107: 106 | K107: =IF('For submitter'!B107>0,'For submitter'!B107,"") -> BdS_YW | L107: =IF('For submitter'!C107>0,'For submitter'!C107,"") -> 45009 | M107: =IF('For submitter'!D107>0,'For submitter'!D107,"") -> UGL22_A_2 | N107: =IF('For submitter'!E107>0,'For submitter'!E107,"") -> B01 | O107: =IF('For submitter'!F107>0,'For submitter'!F107,"") -> ARack0435 | P107: =IF('For submitter'!G107>0,'For submitter'!G107,"") -> LVL600038019 | Q107: =IF('For submitter'!H107>0,'For submitter'!H107,"") -> LV3005887910 | R107: =IF('For submitter'!I107>0,'For submitter'!I107,"") -> D02
A108: E02 | B108: Rack158 | C108: LVL900117538 | D108: LV3005887904 | E108: LV7005366366 | F108: 177 | H108: =H107 -> MH | I108: =I107 -> 0 | J108: 107 | K108: =IF('For submitter'!B108>0,'For submitter'!B108,"") -> BdS_YW | L108: =IF('For submitter'!C108>0,'For submitter'!C108,"") -> 45009 | M108: =IF('For submitter'!D108>0,'For submitter'!D108,"") -> UGL22_A_2 | N108: =IF('For submitter'!E108>0,'For submitter'!E108,"") -> C01 | O108: =IF('For submitter'!F108>0,'For submitter'!F108,"") -> ARack0435 | P108: =IF('For submitter'!G108>0,'For submitter'!G108,"") -> LVL600038019 | Q108: =IF('For submitter'!H108>0,'For submitter'!H108,"") -> LV3005887904 | R108: =IF('For submitter'!I108>0,'For submitter'!I108,"") -> E02
A109: F02 | B109: Rack158 | C109: LVL900117538 | D109: LV3005887897 | E109: LV7005366374 | F109: 167 | H109: =H108 -> MH | I109: =I108 -> 0 | J109: 108 | K109: =IF('For submitter'!B109>0,'For submitter'!B109,"") -> BdS_YW | L109: =IF('For submitter'!C109>0,'For submitter'!C109,"") -> 45009 | M109: =IF('For submitter'!D109>0,'For submitter'!D109,"") -> UGL22_A_2 | N109: =IF('For submitter'!E109>0,'For submitter'!E109,"") -> D01 | O109: =IF('For submitter'!F109>0,'For submitter'!F109,"") -> ARack0435 | P109: =IF('For submitter'!G109>0,'For submitter'!G109,"") -> LVL600038019 | Q109: =IF('For submitter'!H109>0,'For submitter'!H109,"") -> LV3005887897 | R109: =IF('For submitter'!I109>0,'For submitter'!I109,"") -> F02
A110: A03 | B110: Rack158 | C110: LVL900117538 | D110: LV3005887917 | E110: LV7005366382 | F110: 164 | H110: =H109 -> MH | I110: =I109 -> 0 | J110: 109 | K110: =IF('For submitter'!B110>0,'For submitter'!B110,"") -> BdS_YW | L110: =IF('For submitter'!C110>0,'For submitter'!C110,"") -> 45009 | M110: =IF('For submitter'!D110>0,'For submitter'!D110,"") -> UGL22_B_1 | N110: =IF('For submitter'!E110>0,'For submitter'!E110,"") -> A02 | O110: =IF('For submitter'!F110>0,'For submitter'!F110,"") -> ARack0435 | P110: =IF('For submitter'!G110>0,'For submitter'!G110,"") -> LVL600038019 | Q110: =IF('For submitter'!H110>0,'For submitter'!H110,"") -> LV3005887917 | R110: =IF('For submitter'!I110>0,'For submitter'!I110,"") -> A03
A111: B03 | B111: Rack158 | C111: LVL900117538 | D111: LV3005887911 | E111: LV7005366343 | F111: 176 | H111: =H110 -> MH | I111: =I110 -> 0 | J111: 110 | K111: =IF('For submitter'!B111>0,'For submitter'!B111,"") -> BdS_YW | L111: =IF('For submitter'!C111>0,'For submitter'!C111,"") -> 45009 | M111: =IF('For submitter'!D111>0,'For submitter'!D111,"") -> UGL22_B_1 | N111: =IF('For submitter'!E111>0,'For submitter'!E111,"") -> B02 | O111: =IF('For submitter'!F111>0,'For submitter'!F111,"") -> ARack0435 | P111: =IF('For submitter'!G111>0,'For submitter'!G111,"") -> LVL600038019 | Q111: =IF('For submitter'!H111>0,'For submitter'!H111,"") -> LV3005887911 | R111: =IF('For submitter'!I111>0,'For submitter'!I111,"") -> B03
...

Sheet DontTouch! DB_input
A1: SubSampleID | B1: RackName | C1: RackID | D1: PositionInRack | E1: Mass | F1: SampledBy | G1: SamplingDate | H1: RemarksSubSampling | I1: ArchiveSampleID | J1: Submitter | K1: SubmissionDate | L1: RemarksSubmission
A2: =IF('For Lab assistants ONLY'!E2>0,'For Lab assistants ONLY'!E2,"") -> LV7005367348 | B2: =IF('For Lab assistants ONLY'!B2>0,'For Lab assistants ONLY'!B2,"") -> Rack52 | C2: =IF('For Lab assistants ONLY'!C2>0,'For Lab assistants ONLY'!C2,"") -> LVL900114395 | D2: =IF('For Lab assistants ONLY'!A2>0,'For Lab assistants ONLY'!A2,"") -> A01 | E2: =IF('For Lab assistants ONLY'!F2>0,'For Lab assistants ONLY'!F2,"") -> 192 | F2: =IF('For Lab assistants ONLY'!H2>0,'For Lab assistants ONLY'!H2,"") -> MH_FM_VSS | G2: =IF('For Lab assistants ONLY'!I2>0,'For Lab assistants ONLY'!I2,"") -> 45203 | H2: =IF('For Lab assistants ONLY'!G2>0,'For Lab assistants ONLY'!G2,"") | I2: =IF('For Lab assistants ONLY'!D2>0,'For Lab assistants ONLY'!D2,"") -> LV3005888014 | J2: =IF('For Lab assistants ONLY'!K2>0,'For Lab assistants ONLY'!K2,"") -> BdS_YW | K2: =IF('For Lab assistants ONLY'!L2>0,'For Lab assistants ONLY'!L2,"") -> 45009 | L2: =IF('For Lab assistants ONLY'!R2>0,'For Lab assistants ONLY'!R2,"") -> A01
A3: =IF('For Lab assistants ONLY'!E3>0,'For Lab assistants ONLY'!E3,"") -> LV7005227800 | B3: =IF('For Lab assistants ONLY'!B3>0,'For Lab assistants ONLY'!B3,"") -> Rack52 | C3: =IF('For Lab assistants ONLY'!C3>0,'For Lab assistants ONLY'!C3,"") -> LVL900114395 | D3: =IF('For Lab assistants ONLY'!A3>0,'For Lab assistants ONLY'!A3,"") -> B01 | E3: =IF('For Lab assistants ONLY'!F3>0,'For Lab assistants ONLY'!F3,"") -> 140 | F3: =IF('For Lab assistants ONLY'!H3>0,'For Lab assistants ONLY'!H3,"") -> MH_FM_VSS | G3: =IF('For Lab assistants ONLY'!I3>0,'For Lab assistants ONLY'!I3,"") -> 45203 | H3: =IF('For Lab assistants ONLY'!G3>0,'For Lab assistants ONLY'!G3,"") | I3: =IF('For Lab assistants ONLY'!D3>0,'For Lab assistants ONLY'!D3,"") -> LV3005888008 | J3: =IF('For Lab assistants ONLY'!K3>0,'For Lab assistants ONLY'!K3,"") -> BdS_YW | K3: =IF('For Lab assistants ONLY'!L3>0,'For Lab assistants ONLY'!L3,"") -> 45009 | L3: =IF('For Lab assistants ONLY'!R3>0,'For Lab assistants ONLY'!R3,"") -> B01
A4: =IF('For Lab assistants ONLY'!E4>0,'For Lab assistants ONLY'!E4,"") -> LV7005224976 | B4: =IF('For Lab assistants ONLY'!B4>0,'For Lab assistants ONLY'!B4,"") -> Rack52 | C4: =IF('For Lab assistants ONLY'!C4>0,'For Lab assistants ONLY'!C4,"") -> LVL900114395 | D4: =IF('For Lab assistants ONLY'!A4>0,'For Lab assistants ONLY'!A4,"") -> C01 | E4: =IF('For Lab assistants ONLY'!F4>0,'For Lab assistants ONLY'!F4,"") -> 172 | F4: =IF('For Lab assistants ONLY'!H4>0,'For Lab assistants ONLY'!H4,"") -> MH_FM_VSS | G4: =IF('For Lab assistants ONLY'!I4>0,'For Lab assistants ONLY'!I4,"") -> 45203 | H4: =IF('For Lab assistants ONLY'!G4>0,'For Lab assistants ONLY'!G4,"") | I4: =IF('For Lab assistants ONLY'!D4>0,'For Lab assistants ONLY'!D4,"") -> LV3005888020 | J4: =IF('For Lab assistants ONLY'!K4>0,'For Lab assistants ONLY'!K4,"") -> BdS_YW | K4: =IF('For Lab assistants ONLY'!L4>0,'For Lab assistants ONLY'!L4,"") -> 45009 | L4: =IF('For Lab assistants ONLY'!R4>0,'For Lab assistants ONLY'!R4,"") -> C01
A5: =IF('For Lab assistants ONLY'!E5>0,'For Lab assistants ONLY'!E5,"") -> LV7005224920 | B5: =IF('For Lab assistants ONLY'!B5>0,'For Lab assistants ONLY'!B5,"") -> Rack52 | C5: =IF('For Lab assistants ONLY'!C5>0,'For Lab assistants ONLY'!C5,"") -> LVL900114395 | D5: =IF('For Lab assistants ONLY'!A5>0,'For Lab assistants ONLY'!A5,"") -> D01 | E5: =IF('For Lab assistants ONLY'!F5>0,'For Lab assistants ONLY'!F5,"") -> 181 | F5: =IF('For Lab assistants ONLY'!H5>0,'For Lab assistants ONLY'!H5,"") -> MH_FM_VSS | G5: =IF('For Lab assistants ONLY'!I5>0,'For Lab assistants ONLY'!I5,"") -> 45203 | H5: =IF('For Lab assistants ONLY'!G5>0,'For Lab assistants ONLY'!G5,"") | I5: =IF('For Lab assistants ONLY'!D5>0,'For Lab assistants ONLY'!D5,"") -> LV3005888019 | J5: =IF('For Lab assistants ONLY'!K5>0,'For Lab assistants ONLY'!K5,"") -> BdS_YW | K5: =IF('For Lab assistants ONLY'!L5>0,'For Lab assistants ONLY'!L5,"") -> 45009 | L5: =IF('For Lab assistants ONLY'!R5>0,'For Lab assistants ONLY'!R5,"") -> D01
A6: =IF('For Lab assistants ONLY'!E6>0,'For Lab assistants ONLY'!E6,"") -> LV7005225024 | B6: =IF('For Lab assistants ONLY'!B6>0,'For Lab assistants ONLY'!B6,"") -> Rack52 | C6: =IF('For Lab assistants ONLY'!C6>0,'For Lab assistants ONLY'!C6,"") -> LVL900114395 | D6: =IF('For Lab assistants ONLY'!A6>0,'For Lab assistants ONLY'!A6,"") -> E01 | E6: =IF('For Lab assistants ONLY'!F6>0,'For Lab assistants ONLY'!F6,"") -> 162 | F6: =IF('For Lab assistants ONLY'!H6>0,'For Lab assistants ONLY'!H6,"") -> MH_FM_VSS | G6: =IF('For Lab assistants ONLY'!I6>0,'For Lab assistants ONLY'!I6,"") -> 45203 | H6: =IF('For Lab assistants ONLY'!G6>0,'For Lab assistants ONLY'!G6,"") | I6: =IF('For Lab assistants ONLY'!D6>0,'For Lab assistants ONLY'!D6,"") -> LV3005888013 | J6: =IF('For Lab assistants ONLY'!K6>0,'For Lab assistants ONLY'!K6,"") -> BdS_YW | K6: =IF('For Lab assistants ONLY'!L6>0,'For Lab assistants ONLY'!L6,"") -> 45009 | L6: =IF('For Lab assistants ONLY'!R6>0,'For Lab assistants ONLY'!R6,"") -> E01
A7: =IF('For Lab assistants ONLY'!E7>0,'For Lab assistants ONLY'!E7,"") -> LV7005225032 | B7: =IF('For Lab assistants ONLY'!B7>0,'For Lab assistants ONLY'!B7,"") -> Rack52 | C7: =IF('For Lab assistants ONLY'!C7>0,'For Lab assistants ONLY'!C7,"") -> LVL900114395 | D7: =IF('For Lab assistants ONLY'!A7>0,'For Lab assistants ONLY'!A7,"") -> F01 | E7: =IF('For Lab assistants ONLY'!F7>0,'For Lab assistants ONLY'!F7,"") -> 163 | F7: =IF('For Lab assistants ONLY'!H7>0,'For Lab assistants ONLY'!H7,"") -> MH_FM_VSS | G7: =IF('For Lab assistants ONLY'!I7>0,'For Lab assistants ONLY'!I7,"") -> 45203 | H7: =IF('For Lab assistants ONLY'!G7>0,'For Lab assistants ONLY'!G7,"") | I7: =IF('For Lab assistants ONLY'!D7>0,'For Lab assistants ONLY'!D7,"") -> LV3005888007 | J7: =IF('For Lab assistants ONLY'!K7>0,'For Lab assistants ONLY'!K7,"") -> BdS_YW | K7: =IF('For Lab assistants ONLY'!L7>0,'For Lab assistants ONLY'!L7,"") -> 45009 | L7: =IF('For Lab assistants ONLY'!R7>0,'For Lab assistants ONLY'!R7,"") -> F01
A8: =IF('For Lab assistants ONLY'!E8>0,'For Lab assistants ONLY'!E8,"") -> LV7005225594 | B8: =IF('For Lab assistants ONLY'!B8>0,'For Lab assistants ONLY'!B8,"") -> Rack52 | C8: =IF('For Lab assistants ONLY'!C8>0,'For Lab assistants ONLY'!C8,"") -> LVL900114395 | D8: =IF('For Lab assistants ONLY'!A8>0,'For Lab assistants ONLY'!A8,"") -> A02 | E8: =IF('For Lab assistants ONLY'!F8>0,'For Lab assistants ONLY'!F8,"") -> 179 | F8: =IF('For Lab assistants ONLY'!H8>0,'For Lab assistants ONLY'!H8,"") -> MH_FM_VSS | G8: =IF('For Lab assistants ONLY'!I8>0,'For Lab assistants ONLY'!I8,"") -> 45203 | H8: =IF('For Lab assistants ONLY'!G8>0,'For Lab assistants ONLY'!G8,"") | I8: =IF('For Lab assistants ONLY'!D8>0,'For Lab assistants ONLY'!D8,"") -> LV3005888001 | J8: =IF('For Lab assistants ONLY'!K8>0,'For Lab assistants ONLY'!K8,"") -> BdS_YW | K8: =IF('For Lab assistants ONLY'!L8>0,'For Lab assistants ONLY'!L8,"") -> 45009 | L8: =IF('For Lab assistants ONLY'!R8>0,'For Lab assistants ONLY'!R8,"") -> A02
A9: =IF('For Lab assistants ONLY'!E9>0,'For Lab assistants ONLY'!E9,"") -> LV7005225602 | B9: =IF('For Lab assistants ONLY'!B9>0,'For Lab assistants ONLY'!B9,"") -> Rack52 | C9: =IF('For Lab assistants ONLY'!C9>0,'For Lab assistants ONLY'!C9,"") -> LVL900114395 | D9: =IF('For Lab assistants ONLY'!A9>0,'For Lab assistants ONLY'!A9,"") -> B02 | E9: =IF('For Lab assistants ONLY'!F9>0,'For Lab assistants ONLY'!F9,"") -> 168 | F9: =IF('For Lab assistants ONLY'!H9>0,'For Lab assistants ONLY'!H9,"") -> MH_FM_VSS | G9: =IF('For Lab assistants ONLY'!I9>0,'For Lab assistants ONLY'!I9,"") -> 45203 | H9: =IF('For Lab assistants ONLY'!G9>0,'For Lab assistants ONLY'!G9,"") | I9: =IF('For Lab assistants ONLY'!D9>0,'For Lab assistants ONLY'!D9,"") -> LV3005888018 | J9: =IF('For Lab assistants ONLY'!K9>0,'For Lab assistants ONLY'!K9,"") -> BdS_YW | K9: =IF('For Lab assistants ONLY'!L9>0,'For Lab assistants ONLY'!L9,"") -> 45009 | L9: =IF('For Lab assistants ONLY'!R9>0,'For Lab assistants ONLY'!R9,"") -> B02
A10: =IF('For Lab assistants ONLY'!E10>0,'For Lab assistants ONLY'!E10,"") -> LV7005225610 | B10: =IF('For Lab assistants ONLY'!B10>0,'For Lab assistants ONLY'!B10,"") -> Rack52 | C10: =IF('For Lab assistants ONLY'!C10>0,'For Lab assistants ONLY'!C10,"") -> LVL900114395 | D10: =IF('For Lab assistants ONLY'!A10>0,'For Lab assistants ONLY'!A10,"") -> C02 | E10: =IF('For Lab assistants ONLY'!F10>0,'For Lab assistants ONLY'!F10,"") -> 171 | F10: =IF('For Lab assistants ONLY'!H10>0,'For Lab assistants ONLY'!H10,"") -> MH_FM_VSS | G10: =IF('For Lab assistants ONLY'!I10>0,'For Lab assistants ONLY'!I10,"") -> 45203 | H10: =IF('For Lab assistants ONLY'!G10>0,'For Lab assistants ONLY'!G10,"") | I10: =IF('For Lab assistants ONLY'!D10>0,'For Lab assistants ONLY'!D10,"") -> LV3005888016 | J10: =IF('For Lab assistants ONLY'!K10>0,'For Lab assistants ONLY'!K10,"") -> BdS_YW | K10: =IF('For Lab assistants ONLY'!L10>0,'For Lab assistants ONLY'!L10,"") -> 45009 | L10: =IF('For Lab assistants ONLY'!R10>0,'For Lab assistants ONLY'!R10,"") -> C02
A11: =IF('For Lab assistants ONLY'!E11>0,'For Lab assistants ONLY'!E11,"") -> LV7005225618 | B11: =IF('For Lab assistants ONLY'!B11>0,'For Lab assistants ONLY'!B11,"") -> Rack52 | C11: =IF('For Lab assistants ONLY'!C11>0,'For Lab assistants ONLY'!C11,"") -> LVL900114395 | D11: =IF('For Lab assistants ONLY'!A11>0,'For Lab assistants ONLY'!A11,"") -> D02 | E11: =IF('For Lab assistants ONLY'!F11>0,'For Lab assistants ONLY'!F11,"") -> 163 | F11: =IF('For Lab assistants ONLY'!H11>0,'For Lab assistants ONLY'!H11,"") -> MH_FM_VSS | G11: =IF('For Lab assistants ONLY'!I11>0,'For Lab assistants ONLY'!I11,"") -> 45203 | H11: =IF('For Lab assistants ONLY'!G11>0,'For Lab assistants ONLY'!G11,"") | I11: =IF('For Lab assistants ONLY'!D11>0,'For Lab assistants ONLY'!D11,"") -> LV3005888012 | J11: =IF('For Lab assistants ONLY'!K11>0,'For Lab assistants ONLY'!K11,"") -> BdS_YW | K11: =IF('For Lab assistants ONLY'!L11>0,'For Lab assistants ONLY'!L11,"") -> 45009 | L11: =IF('For Lab assistants ONLY'!R11>0,'For Lab assistants ONLY'!R11,"") -> D02
A12: =IF('For Lab assistants ONLY'!E12>0,'For Lab assistants ONLY'!E12,"") -> LV7005225626 | B12: =IF('For Lab assistants ONLY'!B12>0,'For Lab assistants ONLY'!B12,"") -> Rack52 | C12: =IF('For Lab assistants ONLY'!C12>0,'For Lab assistants ONLY'!C12,"") -> LVL900114395 | D12: =IF('For Lab assistants ONLY'!A12>0,'For Lab assistants ONLY'!A12,"") -> E02 | E12: =IF('For Lab assistants ONLY'!F12>0,'For Lab assistants ONLY'!F12,"") -> 167 | F12: =IF('For Lab assistants ONLY'!H12>0,'For Lab assistants ONLY'!H12,"") -> MH_FM_VSS | G12: =IF('For Lab assistants ONLY'!I12>0,'For Lab assistants ONLY'!I12,"") -> 45203 | H12: =IF('For Lab assistants ONLY'!G12>0,'For Lab assistants ONLY'!G12,"") | I12: =IF('For Lab assistants ONLY'!D12>0,'For Lab assistants ONLY'!D12,"") -> LV3005888006 | J12: =IF('For Lab assistants ONLY'!K12>0,'For Lab assistants ONLY'!K12,"") -> BdS_YW | K12: =IF('For Lab assistants ONLY'!L12>0,'For Lab assistants ONLY'!L12,"") -> 45009 | L12: =IF('For Lab assistants ONLY'!R12>0,'For Lab assistants ONLY'!R12,"") -> E02
A13: =IF('For Lab assistants ONLY'!E13>0,'For Lab assistants ONLY'!E13,"") -> LV7005224363 | B13: =IF('For Lab assistants ONLY'!B13>0,'For Lab assistants ONLY'!B13,"") -> Rack52 | C13: =IF('For Lab assistants ONLY'!C13>0,'For Lab assistants ONLY'!C13,"") -> LVL900114395 | D13: =IF('For Lab assistants ONLY'!A13>0,'For Lab assistants ONLY'!A13,"") -> F02 | E13: =IF('For Lab assistants ONLY'!F13>0,'For Lab assistants ONLY'!F13,"") -> 189 | F13: =IF('For Lab assistants ONLY'!H13>0,'For Lab assistants ONLY'!H13,"") -> MH_FM_VSS | G13: =IF('For Lab assistants ONLY'!I13>0,'For Lab assistants ONLY'!I13,"") -> 45203 | H13: =IF('For Lab assistants ONLY'!G13>0,'For Lab assistants ONLY'!G13,"") | I13: =IF('For Lab assistants ONLY'!D13>0,'For Lab assistants ONLY'!D13,"") -> LV3005888000 | J13: =IF('For Lab assistants ONLY'!K13>0,'For Lab assistants ONLY'!K13,"") -> BdS_YW | K13: =IF('For Lab assistants ONLY'!L13>0,'For Lab assistants ONLY'!L13,"") -> 45009 | L13: =IF('For Lab assistants ONLY'!R13>0,'For Lab assistants ONLY'!R13,"") -> F02
... A673: =IF('For Lab assistants ONLY'!E673>0,'For Lab assistants ONLY'!E673,"") | B673: =IF('For Lab assistants ONLY'!B673>0,'For Lab assistants ONLY'!B673,"") | C673: =IF('For Lab assistants ONLY'!C673>0,'For Lab assistants ONLY'!C673,"") | D673: =IF('For Lab assistants ONLY'!A673>0,'For Lab assistants ONLY'!A673,"") -> F08 | E673: =IF('For Lab assistants ONLY'!F673>0,'For Lab assistants ONLY'!F673,"") | F673: =IF('For Lab assistants ONLY'!H673>0,'For Lab assistants ONLY'!H673,"") | G673: =IF('For Lab assistants ONLY'!I673>0,'For Lab assistants ONLY'!I673,"") | H673: =IF('For Lab assistants ONLY'!G673>0,'For Lab assistants ONLY'!G673,"") | I673: =IF('For Lab assistants ONLY'!D673>0,'For Lab assistants ONLY'!D673,"") | J673: =IF('For Lab assistants ONLY'!K673>0,'For Lab assistants ONLY'!K673,"") -> BdS_YW | K673: =IF('For Lab assistants ONLY'!L673>0,'For Lab assistants ONLY'!L673,"") -> 45009 | L673: =IF('For Lab assistants ONLY'!R673>0,'For Lab assistants ONLY'!R673,"") -> Control
